data_processamento;selic_meta;cdi_diario;dolar_venda;ipca_mensal;igpm_mensal;incc_m;ibc_br;inadimplencia_total;inadimplencia_pj;inadimplencia_pf;utilizacao_capacidade;ic_br_agro;ic_br_energia
2026-04-13;15.0;0.055131;5.3764;0.33;0.41;0.72;110.02858;4.07;5.05;2.41;79.1;440.25;447.12
2026-04-12;15.0;0.055131;5.376;0.33;0.41;0.72;110.02858;4.07;5.05;2.41;79.1;440.25;447.12
2026-04-11;15.0;0.055131;5.376;0.33;0.41;0.72;110.02858;4.07;5.05;2.41;79.1;440.25;447.12
2026-04-10;15.0;0.055131;5.376;0.33;0.41;0.72;110.02858;4.07;5.05;2.41;79.1;440.25;447.12
2026-03-31;15.0;0.055131;5.5024;0.33;-0.01;0.21;109.18161;4.02;4.99;2.43;80.5;431.84;450.68
2026-03-30;15.0;0.055131;5.5024;0.33;-0.01;0.21;109.18161;4.02;4.99;2.43;80.5;431.84;450.68
2026-03-29;15.0;0.055131;5.5739;0.33;-0.01;0.21;109.18161;4.03;5.0;2.44;80.5;431.84;450.68
2026-03-28;15.0;0.055131;5.5739;0.33;-0.01;0.21;109.18161;4.03;5.0;2.44;80.5;431.84;450.68
2026-03-27;15.0;0.055131;5.5739;0.33;-0.01;0.21;109.18161;4.03;5.0;2.44;80.5;431.84;450.68
2026-03-26;15.0;0.055131;5.5413;0.33;-0.01;0.21;109.18161;4.03;5.0;2.44;80.5;431.84;450.68
2026-03-25;15.0;0.055131;5.5413;0.33;-0.01;0.21;109.18161;4.03;5.0;2.44;80.5;431.84;450.68
2026-03-24;15.0;0.055131;5.535;0.33;-0.01;0.21;109.18161;4.03;5.0;2.44;80.5;431.84;450.68
2026-03-24;15.0;0.055131;5.535;0.33;-0.01;0.21;109.18161;4.03;5.0;2.44;80.5;431.84;450.68
2026-03-18;15;0.055131;5.5283;0.33;-0.01;0.21;109.18161;4.03;;2.44;80.5;431.84;450.68
2015-01-01;11.75;nan;nan;1.24;0.76;0.92;101.81787;2.82;3.75;1.98;77.6;137.64;156.59
2015-01-02;11.75;0.043455;2.6929;nan;nan;nan;nan;nan;nan;nan;nan;nan;nan
2015-01-03;11.75;nan;nan;nan;nan;nan;nan;nan;nan;nan;nan;nan;nan
2015-01-04;11.75;nan;nan;nan;nan;nan;nan;nan;nan;nan;nan;nan;nan
2015-01-05;11.75;0.043455;2.7107;nan;nan;nan;nan;nan;nan;nan;nan;nan;nan
2015-01-06;11.75;0.043455;2.7023;nan;nan;nan;nan;nan;nan;nan;nan;nan;nan
2015-01-07;11.75;0.043455;2.6807;nan;nan;nan;nan;nan;nan;nan;nan;nan;nan
2015-01-08;11.75;0.043455;2.6919;nan;nan;nan;nan;nan;nan;nan;nan;nan;nan
2015-01-09;11.75;0.043455;2.6583;nan;nan;nan;nan;nan;nan;nan;nan;nan;nan
2015-01-10;11.75;nan;nan;nan;nan;nan;nan;nan;nan;nan;nan;nan;nan
2015-01-11;11.75;nan;nan;nan;nan;nan;nan;nan;nan;nan;nan;nan;nan
2015-01-12;11.75;0.043455;2.6575;nan;nan;nan;nan;nan;nan;nan;nan;nan;nan
2015-01-13;11.75;0.043455;2.6485;nan;nan;nan;nan;nan;nan;nan;nan;nan;nan
2015-01-14;11.75;0.043455;2.6222;nan;nan;nan;nan;nan;nan;nan;nan;nan;nan
2015-01-15;11.75;0.043455;2.6122;nan;nan;nan;nan;nan;nan;nan;nan;nan;nan
2015-01-16;11.75;0.043455;2.6193;nan;nan;nan;nan;nan;nan;nan;nan;nan;nan
2015-01-17;11.75;nan;nan;nan;nan;nan;nan;nan;nan;nan;nan;nan;nan
2015-01-18;11.75;nan;nan;nan;nan;nan;nan;nan;nan;nan;nan;nan;nan
2015-01-19;11.75;0.043455;2.6243;nan;nan;nan;nan;nan;nan;nan;nan;nan;nan
2015-01-20;11.75;0.043455;2.6247;nan;nan;nan;nan;nan;nan;nan;nan;nan;nan
2015-01-21;11.75;0.043455;2.5968;nan;nan;nan;nan;nan;nan;nan;nan;nan;nan
2015-01-22;12.25;0.045301;2.5754;nan;nan;nan;nan;nan;nan;nan;nan;nan;nan
2015-01-23;12.25;0.045265;2.5856;nan;nan;nan;nan;nan;nan;nan;nan;nan;nan
2015-01-24;12.25;nan;nan;nan;nan;nan;nan;nan;nan;nan;nan;nan;nan
2015-01-25;12.25;nan;nan;nan;nan;nan;nan;nan;nan;nan;nan;nan;nan
2015-01-26;12.25;0.045265;2.5966;nan;nan;nan;nan;nan;nan;nan;nan;nan;nan
2015-01-27;12.25;0.045265;2.5809;nan;nan;nan;nan;nan;nan;nan;nan;nan;nan
2015-01-28;12.25;0.045265;2.5797;nan;nan;nan;nan;nan;nan;nan;nan;nan;nan
2015-01-29;12.25;0.045265;2.596;nan;nan;nan;nan;nan;nan;nan;nan;nan;nan
2015-01-30;12.25;0.045265;2.6623;nan;nan;nan;nan;nan;nan;nan;nan;nan;nan
2015-01-31;12.25;nan;nan;nan;nan;nan;nan;nan;nan;nan;nan;nan;nan
2015-02-01;12.25;nan;nan;1.22;0.27;0.31;101.09181;2.85;3.81;1.99;78.6;143.96;162.47
2015-02-02;12.25;0.045265;2.6894;nan;nan;nan;nan;nan;nan;nan;nan;nan;nan
2015-02-03;12.25;0.045301;2.7059;nan;nan;nan;nan;nan;nan;nan;nan;nan;nan
2015-02-04;12.25;0.045301;2.7148;nan;nan;nan;nan;nan;nan;nan;nan;nan;nan
2015-02-05;12.25;0.045301;2.7386;nan;nan;nan;nan;nan;nan;nan;nan;nan;nan
2015-02-06;12.25;0.045301;2.7641;nan;nan;nan;nan;nan;nan;nan;nan;nan;nan
2015-02-07;12.25;nan;nan;nan;nan;nan;nan;nan;nan;nan;nan;nan;nan
2015-02-08;12.25;nan;nan;nan;nan;nan;nan;nan;nan;nan;nan;nan;nan
2015-02-09;12.25;0.045301;2.7873;nan;nan;nan;nan;nan;nan;nan;nan;nan;nan
2015-02-10;12.25;0.045301;2.8075;nan;nan;nan;nan;nan;nan;nan;nan;nan;nan
2015-02-11;12.25;0.045301;2.8576;nan;nan;nan;nan;nan;nan;nan;nan;nan;nan
2015-02-12;12.25;0.045301;2.8625;nan;nan;nan;nan;nan;nan;nan;nan;nan;nan
2015-02-13;12.25;0.045301;2.8392;nan;nan;nan;nan;nan;nan;nan;nan;nan;nan
2015-02-14;12.25;nan;nan;nan;nan;nan;nan;nan;nan;nan;nan;nan;nan
2015-02-15;12.25;nan;nan;nan;nan;nan;nan;nan;nan;nan;nan;nan;nan
2015-02-16;12.25;nan;nan;nan;nan;nan;nan;nan;nan;nan;nan;nan;nan
2015-02-17;12.25;nan;nan;nan;nan;nan;nan;nan;nan;nan;nan;nan;nan
2015-02-18;12.25;0.045301;2.843;nan;nan;nan;nan;nan;nan;nan;nan;nan;nan
2015-02-19;12.25;0.045301;2.8545;nan;nan;nan;nan;nan;nan;nan;nan;nan;nan
2015-02-20;12.25;0.045301;2.8701;nan;nan;nan;nan;nan;nan;nan;nan;nan;nan
2015-02-21;12.25;nan;nan;nan;nan;nan;nan;nan;nan;nan;nan;nan;nan
2015-02-22;12.25;nan;nan;nan;nan;nan;nan;nan;nan;nan;nan;nan;nan
2015-02-23;12.25;0.045301;2.8811;nan;nan;nan;nan;nan;nan;nan;nan;nan;nan
2015-02-24;12.25;0.045301;2.8649;nan;nan;nan;nan;nan;nan;nan;nan;nan;nan
2015-02-25;12.25;0.045301;2.8646;nan;nan;nan;nan;nan;nan;nan;nan;nan;nan
2015-02-26;12.25;0.045301;2.8728;nan;nan;nan;nan;nan;nan;nan;nan;nan;nan
2015-02-27;12.25;0.045301;2.8782;nan;nan;nan;nan;nan;nan;nan;nan;nan;nan
2015-02-28;12.25;nan;nan;nan;nan;nan;nan;nan;nan;nan;nan;nan;nan
2015-03-01;12.25;nan;nan;1.32;0.98;0.62;100.90477;2.82;3.67;2.06;77.3;155.69;175.44
2015-03-02;12.25;0.045301;2.8655;nan;nan;nan;nan;nan;nan;nan;nan;nan;nan
2015-03-03;12.25;0.045301;2.9051;nan;nan;nan;nan;nan;nan;nan;nan;nan;nan
2015-03-04;12.25;0.045301;2.9804;nan;nan;nan;nan;nan;nan;nan;nan;nan;nan
2015-03-05;12.75;0.047103;2.9931;nan;nan;nan;nan;nan;nan;nan;nan;nan;nan
2015-03-06;12.75;0.047103;3.0366;nan;nan;nan;nan;nan;nan;nan;nan;nan;nan
2015-03-07;12.75;nan;nan;nan;nan;nan;nan;nan;nan;nan;nan;nan;nan
2015-03-08;12.75;nan;nan;nan;nan;nan;nan;nan;nan;nan;nan;nan;nan
2015-03-09;12.75;0.047103;3.1018;nan;nan;nan;nan;nan;nan;nan;nan;nan;nan
2015-03-10;12.75;0.047103;3.1299;nan;nan;nan;nan;nan;nan;nan;nan;nan;nan
2015-03-11;12.75;0.047103;3.1162;nan;nan;nan;nan;nan;nan;nan;nan;nan;nan
2015-03-12;12.75;0.047103;3.1171;nan;nan;nan;nan;nan;nan;nan;nan;nan;nan
2015-03-13;12.75;0.047103;3.2264;nan;nan;nan;nan;nan;nan;nan;nan;nan;nan
2015-03-14;12.75;nan;nan;nan;nan;nan;nan;nan;nan;nan;nan;nan;nan
2015-03-15;12.75;nan;nan;nan;nan;nan;nan;nan;nan;nan;nan;nan;nan
2015-03-16;12.75;0.047103;3.2257;nan;nan;nan;nan;nan;nan;nan;nan;nan;nan
2015-03-17;12.75;0.047103;3.2683;nan;nan;nan;nan;nan;nan;nan;nan;nan;nan
2015-03-18;12.75;0.047103;3.2518;nan;nan;nan;nan;nan;nan;nan;nan;nan;nan
2015-03-19;12.75;0.047103;3.2642;nan;nan;nan;nan;nan;nan;nan;nan;nan;nan
2015-03-20;12.75;0.047103;3.2423;nan;nan;nan;nan;nan;nan;nan;nan;nan;nan
2015-03-21;12.75;nan;nan;nan;nan;nan;nan;nan;nan;nan;nan;nan;nan
2015-03-22;12.75;nan;nan;nan;nan;nan;nan;nan;nan;nan;nan;nan;nan
2015-03-23;12.75;0.047138;3.18;nan;nan;nan;nan;nan;nan;nan;nan;nan;nan
2015-03-24;12.75;0.047138;3.131;nan;nan;nan;nan;nan;nan;nan;nan;nan;nan
2015-03-25;12.75;0.047138;3.1476;nan;nan;nan;nan;nan;nan;nan;nan;nan;nan
2015-03-26;12.75;0.047138;3.1915;nan;nan;nan;nan;nan;nan;nan;nan;nan;nan
2015-03-27;12.75;0.047138;3.2259;nan;nan;nan;nan;nan;nan;nan;nan;nan;nan
2015-03-28;12.75;nan;nan;nan;nan;nan;nan;nan;nan;nan;nan;nan;nan
2015-03-29;12.75;nan;nan;nan;nan;nan;nan;nan;nan;nan;nan;nan;nan
2015-03-30;12.75;0.047103;3.2601;nan;nan;nan;nan;nan;nan;nan;nan;nan;nan
2015-03-31;12.75;0.047103;3.208;nan;nan;nan;nan;nan;nan;nan;nan;nan;nan
2015-04-01;12.75;0.047103;3.1556;0.71;1.17;0.46;99.66525;2.96;3.75;2.24;76.4;151.96;171.26
2015-04-02;12.75;0.047103;3.1492;nan;nan;nan;nan;nan;nan;nan;nan;nan;nan
2015-04-03;12.75;nan;nan;nan;nan;nan;nan;nan;nan;nan;nan;nan;nan
2015-04-04;12.75;nan;nan;nan;nan;nan;nan;nan;nan;nan;nan;nan;nan
2015-04-05;12.75;nan;nan;nan;nan;nan;nan;nan;nan;nan;nan;nan;nan
2015-04-06;12.75;0.047103;3.0926;nan;nan;nan;nan;nan;nan;nan;nan;nan;nan
2015-04-07;12.75;0.047103;3.1231;nan;nan;nan;nan;nan;nan;nan;nan;nan;nan
2015-04-08;12.75;0.047103;3.0834;nan;nan;nan;nan;nan;nan;nan;nan;nan;nan
2015-04-09;12.75;0.047103;3.0466;nan;nan;nan;nan;nan;nan;nan;nan;nan;nan
2015-04-10;12.75;0.047103;3.0796;nan;nan;nan;nan;nan;nan;nan;nan;nan;nan
2015-04-11;12.75;nan;nan;nan;nan;nan;nan;nan;nan;nan;nan;nan;nan
2015-04-12;12.75;nan;nan;nan;nan;nan;nan;nan;nan;nan;nan;nan;nan
2015-04-13;12.75;0.047103;3.1011;nan;nan;nan;nan;nan;nan;nan;nan;nan;nan
2015-04-14;12.75;0.047103;3.088;nan;nan;nan;nan;nan;nan;nan;nan;nan;nan
2015-04-15;12.75;0.047103;3.0681;nan;nan;nan;nan;nan;nan;nan;nan;nan;nan
2015-04-16;12.75;0.047103;3.0249;nan;nan;nan;nan;nan;nan;nan;nan;nan;nan
2015-04-17;12.75;0.047103;3.0544;nan;nan;nan;nan;nan;nan;nan;nan;nan;nan
2015-04-18;12.75;nan;nan;nan;nan;nan;nan;nan;nan;nan;nan;nan;nan
2015-04-19;12.75;nan;nan;nan;nan;nan;nan;nan;nan;nan;nan;nan;nan
2015-04-20;12.75;0.047103;3.0473;nan;nan;nan;nan;nan;nan;nan;nan;nan;nan
2015-04-21;12.75;nan;nan;nan;nan;nan;nan;nan;nan;nan;nan;nan;nan
2015-04-22;12.75;0.047103;3.0186;nan;nan;nan;nan;nan;nan;nan;nan;nan;nan
2015-04-23;12.75;0.047103;3.0084;nan;nan;nan;nan;nan;nan;nan;nan;nan;nan
2015-04-24;12.75;0.047103;2.9745;nan;nan;nan;nan;nan;nan;nan;nan;nan;nan
2015-04-25;12.75;nan;nan;nan;nan;nan;nan;nan;nan;nan;nan;nan;nan
2015-04-26;12.75;nan;nan;nan;nan;nan;nan;nan;nan;nan;nan;nan;nan
2015-04-27;12.75;0.047138;2.9236;nan;nan;nan;nan;nan;nan;nan;nan;nan;nan
2015-04-28;12.75;0.047173;2.8943;nan;nan;nan;nan;nan;nan;nan;nan;nan;nan
2015-04-29;12.75;0.047173;2.9375;nan;nan;nan;nan;nan;nan;nan;nan;nan;nan
2015-04-30;13.25;0.048897;2.9936;nan;nan;nan;nan;nan;nan;nan;nan;nan;nan
2015-05-01;13.25;nan;nan;0.74;0.41;0.95;99.00042;3.02;3.86;2.27;76.0;153.7;171.9
2015-05-02;13.25;nan;nan;nan;nan;nan;nan;nan;nan;nan;nan;nan;nan
2015-05-03;13.25;nan;nan;nan;nan;nan;nan;nan;nan;nan;nan;nan;nan
2015-05-04;13.25;0.048897;3.0754;nan;nan;nan;nan;nan;nan;nan;nan;nan;nan
2015-05-05;13.25;0.048967;3.0626;nan;nan;nan;nan;nan;nan;nan;nan;nan;nan
2015-05-06;13.25;0.048967;3.042;nan;nan;nan;nan;nan;nan;nan;nan;nan;nan
2015-05-07;13.25;0.048967;3.0421;nan;nan;nan;nan;nan;nan;nan;nan;nan;nan
2015-05-08;13.25;0.048967;2.9966;nan;nan;nan;nan;nan;nan;nan;nan;nan;nan
2015-05-09;13.25;nan;nan;nan;nan;nan;nan;nan;nan;nan;nan;nan;nan
2015-05-10;13.25;nan;nan;nan;nan;nan;nan;nan;nan;nan;nan;nan;nan
2015-05-11;13.25;0.048967;3.0175;nan;nan;nan;nan;nan;nan;nan;nan;nan;nan
2015-05-12;13.25;0.048967;3.0389;nan;nan;nan;nan;nan;nan;nan;nan;nan;nan
2015-05-13;13.25;0.048967;3.0103;nan;nan;nan;nan;nan;nan;nan;nan;nan;nan
2015-05-14;13.25;0.048967;3.0032;nan;nan;nan;nan;nan;nan;nan;nan;nan;nan
2015-05-15;13.25;0.048967;2.9894;nan;nan;nan;nan;nan;nan;nan;nan;nan;nan
2015-05-16;13.25;nan;nan;nan;nan;nan;nan;nan;nan;nan;nan;nan;nan
2015-05-17;13.25;nan;nan;nan;nan;nan;nan;nan;nan;nan;nan;nan;nan
2015-05-18;13.25;0.048967;3.0145;nan;nan;nan;nan;nan;nan;nan;nan;nan;nan
2015-05-19;13.25;0.048967;3.0284;nan;nan;nan;nan;nan;nan;nan;nan;nan;nan
2015-05-20;13.25;0.048967;3.0347;nan;nan;nan;nan;nan;nan;nan;nan;nan;nan
2015-05-21;13.25;0.048967;3.0295;nan;nan;nan;nan;nan;nan;nan;nan;nan;nan
2015-05-22;13.25;0.048967;3.0653;nan;nan;nan;nan;nan;nan;nan;nan;nan;nan
2015-05-23;13.25;nan;nan;nan;nan;nan;nan;nan;nan;nan;nan;nan;nan
2015-05-24;13.25;nan;nan;nan;nan;nan;nan;nan;nan;nan;nan;nan;nan
2015-05-25;13.25;0.048967;3.1212;nan;nan;nan;nan;nan;nan;nan;nan;nan;nan
2015-05-26;13.25;0.048967;3.1351;nan;nan;nan;nan;nan;nan;nan;nan;nan;nan
2015-05-27;13.25;0.048967;3.174;nan;nan;nan;nan;nan;nan;nan;nan;nan;nan
2015-05-28;13.25;0.048967;3.1748;nan;nan;nan;nan;nan;nan;nan;nan;nan;nan
2015-05-29;13.25;0.048967;3.1788;nan;nan;nan;nan;nan;nan;nan;nan;nan;nan
2015-05-30;13.25;nan;nan;nan;nan;nan;nan;nan;nan;nan;nan;nan;nan
2015-05-31;13.25;nan;nan;nan;nan;nan;nan;nan;nan;nan;nan;nan;nan
2015-06-01;13.25;0.048967;3.1789;0.79;0.67;1.84;97.9233;2.92;3.66;2.25;75.3;155.07;175.76
2015-06-02;13.25;0.048967;3.1443;nan;nan;nan;nan;nan;nan;nan;nan;nan;nan
2015-06-03;13.25;0.048967;3.1184;nan;nan;nan;nan;nan;nan;nan;nan;nan;nan
2015-06-04;13.75;nan;nan;nan;nan;nan;nan;nan;nan;nan;nan;nan;nan
2015-06-05;13.75;0.050753;3.1684;nan;nan;nan;nan;nan;nan;nan;nan;nan;nan
2015-06-06;13.75;nan;nan;nan;nan;nan;nan;nan;nan;nan;nan;nan;nan
2015-06-07;13.75;nan;nan;nan;nan;nan;nan;nan;nan;nan;nan;nan;nan
2015-06-08;13.75;0.050753;3.119;nan;nan;nan;nan;nan;nan;nan;nan;nan;nan
2015-06-09;13.75;0.050753;3.0991;nan;nan;nan;nan;nan;nan;nan;nan;nan;nan
2015-06-10;13.75;0.050753;3.0843;nan;nan;nan;nan;nan;nan;nan;nan;nan;nan
2015-06-11;13.75;0.050753;3.1514;nan;nan;nan;nan;nan;nan;nan;nan;nan;nan
2015-06-12;13.75;0.050753;3.1107;nan;nan;nan;nan;nan;nan;nan;nan;nan;nan
2015-06-13;13.75;nan;nan;nan;nan;nan;nan;nan;nan;nan;nan;nan;nan
2015-06-14;13.75;nan;nan;nan;nan;nan;nan;nan;nan;nan;nan;nan;nan
2015-06-15;13.75;0.050753;3.1036;nan;nan;nan;nan;nan;nan;nan;nan;nan;nan
2015-06-16;13.75;0.050753;3.1082;nan;nan;nan;nan;nan;nan;nan;nan;nan;nan
2015-06-17;13.75;0.050753;3.0989;nan;nan;nan;nan;nan;nan;nan;nan;nan;nan
2015-06-18;13.75;0.050753;3.0472;nan;nan;nan;nan;nan;nan;nan;nan;nan;nan
2015-06-19;13.75;0.050753;3.0788;nan;nan;nan;nan;nan;nan;nan;nan;nan;nan
2015-06-20;13.75;nan;nan;nan;nan;nan;nan;nan;nan;nan;nan;nan;nan
2015-06-21;13.75;nan;nan;nan;nan;nan;nan;nan;nan;nan;nan;nan;nan
2015-06-22;13.75;0.050753;3.0757;nan;nan;nan;nan;nan;nan;nan;nan;nan;nan
2015-06-23;13.75;0.050753;3.1042;nan;nan;nan;nan;nan;nan;nan;nan;nan;nan
2015-06-24;13.75;0.050753;3.0852;nan;nan;nan;nan;nan;nan;nan;nan;nan;nan
2015-06-25;13.75;0.050753;3.1015;nan;nan;nan;nan;nan;nan;nan;nan;nan;nan
2015-06-26;13.75;0.050753;3.1271;nan;nan;nan;nan;nan;nan;nan;nan;nan;nan
2015-06-27;13.75;nan;nan;nan;nan;nan;nan;nan;nan;nan;nan;nan;nan
2015-06-28;13.75;nan;nan;nan;nan;nan;nan;nan;nan;nan;nan;nan;nan
2015-06-29;13.75;0.050753;3.139;nan;nan;nan;nan;nan;nan;nan;nan;nan;nan
2015-06-30;13.75;0.050753;3.1026;nan;nan;nan;nan;nan;nan;nan;nan;nan;nan
2015-07-01;13.75;0.050753;3.1191;0.62;0.69;0.55;96.94413;3.03;3.78;2.37;74.5;160.33;184.09
2015-07-02;13.75;0.050753;3.1173;nan;nan;nan;nan;nan;nan;nan;nan;nan;nan
2015-07-03;13.75;0.050753;3.1271;nan;nan;nan;nan;nan;nan;nan;nan;nan;nan
2015-07-04;13.75;nan;nan;nan;nan;nan;nan;nan;nan;nan;nan;nan;nan
2015-07-05;13.75;nan;nan;nan;nan;nan;nan;nan;nan;nan;nan;nan;nan
2015-07-06;13.75;0.050753;3.1431;nan;nan;nan;nan;nan;nan;nan;nan;nan;nan
2015-07-07;13.75;0.050753;3.1809;nan;nan;nan;nan;nan;nan;nan;nan;nan;nan
2015-07-08;13.75;0.050753;3.2282;nan;nan;nan;nan;nan;nan;nan;nan;nan;nan
2015-07-09;13.75;0.050753;3.2163;nan;nan;nan;nan;nan;nan;nan;nan;nan;nan
2015-07-10;13.75;0.050753;3.1897;nan;nan;nan;nan;nan;nan;nan;nan;nan;nan
2015-07-11;13.75;nan;nan;nan;nan;nan;nan;nan;nan;nan;nan;nan;nan
2015-07-12;13.75;nan;nan;nan;nan;nan;nan;nan;nan;nan;nan;nan;nan
2015-07-13;13.75;0.050753;3.1594;nan;nan;nan;nan;nan;nan;nan;nan;nan;nan
2015-07-14;13.75;0.050753;3.123;nan;nan;nan;nan;nan;nan;nan;nan;nan;nan
2015-07-15;13.75;0.050753;3.1532;nan;nan;nan;nan;nan;nan;nan;nan;nan;nan
2015-07-16;13.75;0.050753;3.1375;nan;nan;nan;nan;nan;nan;nan;nan;nan;nan
2015-07-17;13.75;0.050753;3.1832;nan;nan;nan;nan;nan;nan;nan;nan;nan;nan
2015-07-18;13.75;nan;nan;nan;nan;nan;nan;nan;nan;nan;nan;nan;nan
2015-07-19;13.75;nan;nan;nan;nan;nan;nan;nan;nan;nan;nan;nan;nan
2015-07-20;13.75;0.050753;3.2149;nan;nan;nan;nan;nan;nan;nan;nan;nan;nan
2015-07-21;13.75;0.050753;3.1813;nan;nan;nan;nan;nan;nan;nan;nan;nan;nan
2015-07-22;13.75;0.050753;3.2094;nan;nan;nan;nan;nan;nan;nan;nan;nan;nan
2015-07-23;13.75;0.050753;3.285;nan;nan;nan;nan;nan;nan;nan;nan;nan;nan
2015-07-24;13.75;0.050753;3.3254;nan;nan;nan;nan;nan;nan;nan;nan;nan;nan
2015-07-25;13.75;nan;nan;nan;nan;nan;nan;nan;nan;nan;nan;nan;nan
2015-07-26;13.75;nan;nan;nan;nan;nan;nan;nan;nan;nan;nan;nan;nan
2015-07-27;13.75;0.050753;3.3557;nan;nan;nan;nan;nan;nan;nan;nan;nan;nan
2015-07-28;13.75;0.050753;3.3815;nan;nan;nan;nan;nan;nan;nan;nan;nan;nan
2015-07-29;13.75;0.050753;3.3419;nan;nan;nan;nan;nan;nan;nan;nan;nan;nan
2015-07-30;14.25;0.052461;3.3652;nan;nan;nan;nan;nan;nan;nan;nan;nan;nan
2015-07-31;14.25;0.052461;3.394;nan;nan;nan;nan;nan;nan;nan;nan;nan;nan
2015-08-01;14.25;nan;nan;0.22;0.28;0.59;97.38454;3.12;3.89;2.43;75.3;168.0;193.41
2015-08-02;14.25;nan;nan;nan;nan;nan;nan;nan;nan;nan;nan;nan;nan
2015-08-03;14.25;0.052461;3.4425;nan;nan;nan;nan;nan;nan;nan;nan;nan;nan
2015-08-04;14.25;0.052461;3.4675;nan;nan;nan;nan;nan;nan;nan;nan;nan;nan
2015-08-05;14.25;0.052461;3.4851;nan;nan;nan;nan;nan;nan;nan;nan;nan;nan
2015-08-06;14.25;0.052461;3.5347;nan;nan;nan;nan;nan;nan;nan;nan;nan;nan
2015-08-07;14.25;0.052461;3.5181;nan;nan;nan;nan;nan;nan;nan;nan;nan;nan
2015-08-08;14.25;nan;nan;nan;nan;nan;nan;nan;nan;nan;nan;nan;nan
2015-08-09;14.25;nan;nan;nan;nan;nan;nan;nan;nan;nan;nan;nan;nan
2015-08-10;14.25;0.052461;3.4909;nan;nan;nan;nan;nan;nan;nan;nan;nan;nan
2015-08-11;14.25;0.052461;3.4925;nan;nan;nan;nan;nan;nan;nan;nan;nan;nan
2015-08-12;14.25;0.052461;3.4826;nan;nan;nan;nan;nan;nan;nan;nan;nan;nan
2015-08-13;14.25;0.052461;3.5074;nan;nan;nan;nan;nan;nan;nan;nan;nan;nan
2015-08-14;14.25;0.052461;3.4761;nan;nan;nan;nan;nan;nan;nan;nan;nan;nan
2015-08-15;14.25;nan;nan;nan;nan;nan;nan;nan;nan;nan;nan;nan;nan
2015-08-16;14.25;nan;nan;nan;nan;nan;nan;nan;nan;nan;nan;nan;nan
2015-08-17;14.25;0.052461;3.4746;nan;nan;nan;nan;nan;nan;nan;nan;nan;nan
2015-08-18;14.25;0.052461;3.4811;nan;nan;nan;nan;nan;nan;nan;nan;nan;nan
2015-08-19;14.25;0.052461;3.4849;nan;nan;nan;nan;nan;nan;nan;nan;nan;nan
2015-08-20;14.25;0.052461;3.4751;nan;nan;nan;nan;nan;nan;nan;nan;nan;nan
2015-08-21;14.25;0.052461;3.4896;nan;nan;nan;nan;nan;nan;nan;nan;nan;nan
2015-08-22;14.25;nan;nan;nan;nan;nan;nan;nan;nan;nan;nan;nan;nan
2015-08-23;14.25;nan;nan;nan;nan;nan;nan;nan;nan;nan;nan;nan;nan
2015-08-24;14.25;0.052461;3.5494;nan;nan;nan;nan;nan;nan;nan;nan;nan;nan
2015-08-25;14.25;0.052461;3.5345;nan;nan;nan;nan;nan;nan;nan;nan;nan;nan
2015-08-26;14.25;0.052461;3.6326;nan;nan;nan;nan;nan;nan;nan;nan;nan;nan
2015-08-27;14.25;0.052461;3.5555;nan;nan;nan;nan;nan;nan;nan;nan;nan;nan
2015-08-28;14.25;0.052461;3.579;nan;nan;nan;nan;nan;nan;nan;nan;nan;nan
2015-08-29;14.25;nan;nan;nan;nan;nan;nan;nan;nan;nan;nan;nan;nan
2015-08-30;14.25;nan;nan;nan;nan;nan;nan;nan;nan;nan;nan;nan;nan
2015-08-31;14.25;0.052461;3.6467;nan;nan;nan;nan;nan;nan;nan;nan;nan;nan
2015-09-01;14.25;0.052461;3.6725;0.54;0.95;0.22;96.6561;3.12;3.95;2.38;75.7;183.62;210.3
2015-09-02;14.25;0.052461;3.7314;nan;nan;nan;nan;nan;nan;nan;nan;nan;nan
2015-09-03;14.25;0.052461;3.776;nan;nan;nan;nan;nan;nan;nan;nan;nan;nan
2015-09-04;14.25;0.052461;3.7986;nan;nan;nan;nan;nan;nan;nan;nan;nan;nan
2015-09-05;14.25;nan;nan;nan;nan;nan;nan;nan;nan;nan;nan;nan;nan
2015-09-06;14.25;nan;nan;nan;nan;nan;nan;nan;nan;nan;nan;nan;nan
2015-09-07;14.25;nan;nan;nan;nan;nan;nan;nan;nan;nan;nan;nan;nan
2015-09-08;14.25;0.052461;3.8028;nan;nan;nan;nan;nan;nan;nan;nan;nan;nan
2015-09-09;14.25;0.052461;3.787;nan;nan;nan;nan;nan;nan;nan;nan;nan;nan
2015-09-10;14.25;0.052461;3.8698;nan;nan;nan;nan;nan;nan;nan;nan;nan;nan
2015-09-11;14.25;0.052461;3.8698;nan;nan;nan;nan;nan;nan;nan;nan;nan;nan
2015-09-12;14.25;nan;nan;nan;nan;nan;nan;nan;nan;nan;nan;nan;nan
2015-09-13;14.25;nan;nan;nan;nan;nan;nan;nan;nan;nan;nan;nan;nan
2015-09-14;14.25;0.052461;3.8653;nan;nan;nan;nan;nan;nan;nan;nan;nan;nan
2015-09-15;14.25;0.052461;3.8599;nan;nan;nan;nan;nan;nan;nan;nan;nan;nan
2015-09-16;14.25;0.052461;3.8368;nan;nan;nan;nan;nan;nan;nan;nan;nan;nan
2015-09-17;14.25;0.052461;3.8921;nan;nan;nan;nan;nan;nan;nan;nan;nan;nan
2015-09-18;14.25;0.052461;3.9021;nan;nan;nan;nan;nan;nan;nan;nan;nan;nan
2015-09-19;14.25;nan;nan;nan;nan;nan;nan;nan;nan;nan;nan;nan;nan
2015-09-20;14.25;nan;nan;nan;nan;nan;nan;nan;nan;nan;nan;nan;nan
2015-09-21;14.25;0.052461;3.9821;nan;nan;nan;nan;nan;nan;nan;nan;nan;nan
2015-09-22;14.25;0.052461;4.0425;nan;nan;nan;nan;nan;nan;nan;nan;nan;nan
2015-09-23;14.25;0.052461;4.1041;nan;nan;nan;nan;nan;nan;nan;nan;nan;nan
2015-09-24;14.25;0.052461;4.1949;nan;nan;nan;nan;nan;nan;nan;nan;nan;nan
2015-09-25;14.25;0.052461;3.9479;nan;nan;nan;nan;nan;nan;nan;nan;nan;nan
2015-09-26;14.25;nan;nan;nan;nan;nan;nan;nan;nan;nan;nan;nan;nan
2015-09-27;14.25;nan;nan;nan;nan;nan;nan;nan;nan;nan;nan;nan;nan
2015-09-28;14.25;0.052461;4.0099;nan;nan;nan;nan;nan;nan;nan;nan;nan;nan
2015-09-29;14.25;0.052461;4.1172;nan;nan;nan;nan;nan;nan;nan;nan;nan;nan
2015-09-30;14.25;0.052461;3.9729;nan;nan;nan;nan;nan;nan;nan;nan;nan;nan
2015-10-01;14.25;0.052461;3.9794;0.82;1.89;0.36;97.21648;3.24;4.08;2.48;76.5;185.03;213.08
2015-10-02;14.25;0.052461;4.001;nan;nan;nan;nan;nan;nan;nan;nan;nan;nan
2015-10-03;14.25;nan;nan;nan;nan;nan;nan;nan;nan;nan;nan;nan;nan
2015-10-04;14.25;nan;nan;nan;nan;nan;nan;nan;nan;nan;nan;nan;nan
2015-10-05;14.25;0.052461;3.9141;nan;nan;nan;nan;nan;nan;nan;nan;nan;nan
2015-10-06;14.25;0.052461;3.8567;nan;nan;nan;nan;nan;nan;nan;nan;nan;nan
2015-10-07;14.25;0.052461;3.806;nan;nan;nan;nan;nan;nan;nan;nan;nan;nan
2015-10-08;14.25;0.052461;3.8517;nan;nan;nan;nan;nan;nan;nan;nan;nan;nan
2015-10-09;14.25;0.052461;3.7386;nan;nan;nan;nan;nan;nan;nan;nan;nan;nan
2015-10-10;14.25;nan;nan;nan;nan;nan;nan;nan;nan;nan;nan;nan;nan
2015-10-11;14.25;nan;nan;nan;nan;nan;nan;nan;nan;nan;nan;nan;nan
2015-10-12;14.25;nan;nan;nan;nan;nan;nan;nan;nan;nan;nan;nan;nan
2015-10-13;14.25;0.052461;3.825;nan;nan;nan;nan;nan;nan;nan;nan;nan;nan
2015-10-14;14.25;0.052461;3.8507;nan;nan;nan;nan;nan;nan;nan;nan;nan;nan
2015-10-15;14.25;0.052461;3.8344;nan;nan;nan;nan;nan;nan;nan;nan;nan;nan
2015-10-16;14.25;0.052461;3.8438;nan;nan;nan;nan;nan;nan;nan;nan;nan;nan
2015-10-17;14.25;nan;nan;nan;nan;nan;nan;nan;nan;nan;nan;nan;nan
2015-10-18;14.25;nan;nan;nan;nan;nan;nan;nan;nan;nan;nan;nan;nan
2015-10-19;14.25;0.052461;3.9015;nan;nan;nan;nan;nan;nan;nan;nan;nan;nan
2015-10-20;14.25;0.052461;3.8656;nan;nan;nan;nan;nan;nan;nan;nan;nan;nan
2015-10-21;14.25;0.052461;3.9386;nan;nan;nan;nan;nan;nan;nan;nan;nan;nan
2015-10-22;14.25;0.052496;3.936;nan;nan;nan;nan;nan;nan;nan;nan;nan;nan
2015-10-23;14.25;0.052496;3.8988;nan;nan;nan;nan;nan;nan;nan;nan;nan;nan
2015-10-24;14.25;nan;nan;nan;nan;nan;nan;nan;nan;nan;nan;nan;nan
2015-10-25;14.25;nan;nan;nan;nan;nan;nan;nan;nan;nan;nan;nan;nan
2015-10-26;14.25;0.052496;3.8582;nan;nan;nan;nan;nan;nan;nan;nan;nan;nan
2015-10-27;14.25;0.052496;3.9114;nan;nan;nan;nan;nan;nan;nan;nan;nan;nan
2015-10-28;14.25;0.052496;3.8797;nan;nan;nan;nan;nan;nan;nan;nan;nan;nan
2015-10-29;14.25;0.052496;3.9328;nan;nan;nan;nan;nan;nan;nan;nan;nan;nan
2015-10-30;14.25;0.052496;3.8589;nan;nan;nan;nan;nan;nan;nan;nan;nan;nan
2015-10-31;14.25;nan;nan;nan;nan;nan;nan;nan;nan;nan;nan;nan;nan
2015-11-01;14.25;nan;nan;1.01;1.52;0.34;96.03784;3.38;4.2;2.63;76.8;176.15;205.23
2015-11-02;14.25;nan;nan;nan;nan;nan;nan;nan;nan;nan;nan;nan;nan
2015-11-03;14.25;0.052496;3.8126;nan;nan;nan;nan;nan;nan;nan;nan;nan;nan
2015-11-04;14.25;0.052496;3.7687;nan;nan;nan;nan;nan;nan;nan;nan;nan;nan
2015-11-05;14.25;0.052496;3.7893;nan;nan;nan;nan;nan;nan;nan;nan;nan;nan
2015-11-06;14.25;0.052496;3.8059;nan;nan;nan;nan;nan;nan;nan;nan;nan;nan
2015-11-07;14.25;nan;nan;nan;nan;nan;nan;nan;nan;nan;nan;nan;nan
2015-11-08;14.25;nan;nan;nan;nan;nan;nan;nan;nan;nan;nan;nan;nan
2015-11-09;14.25;0.052496;3.7928;nan;nan;nan;nan;nan;nan;nan;nan;nan;nan
2015-11-10;14.25;0.052496;3.7981;nan;nan;nan;nan;nan;nan;nan;nan;nan;nan
2015-11-11;14.25;0.052496;3.7327;nan;nan;nan;nan;nan;nan;nan;nan;nan;nan
2015-11-12;14.25;0.052496;3.7996;nan;nan;nan;nan;nan;nan;nan;nan;nan;nan
2015-11-13;14.25;0.052496;3.8023;nan;nan;nan;nan;nan;nan;nan;nan;nan;nan
2015-11-14;14.25;nan;nan;nan;nan;nan;nan;nan;nan;nan;nan;nan;nan
2015-11-15;14.25;nan;nan;nan;nan;nan;nan;nan;nan;nan;nan;nan;nan
2015-11-16;14.25;0.052496;3.8336;nan;nan;nan;nan;nan;nan;nan;nan;nan;nan
2015-11-17;14.25;0.052496;3.8052;nan;nan;nan;nan;nan;nan;nan;nan;nan;nan
2015-11-18;14.25;0.052496;3.7921;nan;nan;nan;nan;nan;nan;nan;nan;nan;nan
2015-11-19;14.25;0.052496;3.7442;nan;nan;nan;nan;nan;nan;nan;nan;nan;nan
2015-11-20;14.25;0.052496;3.701;nan;nan;nan;nan;nan;nan;nan;nan;nan;nan
2015-11-21;14.25;nan;nan;nan;nan;nan;nan;nan;nan;nan;nan;nan;nan
2015-11-22;14.25;nan;nan;nan;nan;nan;nan;nan;nan;nan;nan;nan;nan
2015-11-23;14.25;0.052496;3.7231;nan;nan;nan;nan;nan;nan;nan;nan;nan;nan
2015-11-24;14.25;0.052496;3.7081;nan;nan;nan;nan;nan;nan;nan;nan;nan;nan
2015-11-25;14.25;0.052496;3.7688;nan;nan;nan;nan;nan;nan;nan;nan;nan;nan
2015-11-26;14.25;0.052496;3.7606;nan;nan;nan;nan;nan;nan;nan;nan;nan;nan
2015-11-27;14.25;0.052496;3.7399;nan;nan;nan;nan;nan;nan;nan;nan;nan;nan
2015-11-28;14.25;nan;nan;nan;nan;nan;nan;nan;nan;nan;nan;nan;nan
2015-11-29;14.25;nan;nan;nan;nan;nan;nan;nan;nan;nan;nan;nan;nan
2015-11-30;14.25;0.052496;3.8506;nan;nan;nan;nan;nan;nan;nan;nan;nan;nan
2015-12-01;14.25;0.052496;3.8745;0.96;0.49;0.1;95.70154;3.37;4.23;2.61;76.4;178.15;209.86
2015-12-02;14.25;0.052496;3.8545;nan;nan;nan;nan;nan;nan;nan;nan;nan;nan
2015-12-03;14.25;0.052496;3.797;nan;nan;nan;nan;nan;nan;nan;nan;nan;nan
2015-12-04;14.25;0.052496;3.7575;nan;nan;nan;nan;nan;nan;nan;nan;nan;nan
2015-12-05;14.25;nan;nan;nan;nan;nan;nan;nan;nan;nan;nan;nan;nan
2015-12-06;14.25;nan;nan;nan;nan;nan;nan;nan;nan;nan;nan;nan;nan
2015-12-07;14.25;0.052496;3.7476;nan;nan;nan;nan;nan;nan;nan;nan;nan;nan
2015-12-08;14.25;0.052496;3.7921;nan;nan;nan;nan;nan;nan;nan;nan;nan;nan
2015-12-09;14.25;0.052496;3.758;nan;nan;nan;nan;nan;nan;nan;nan;nan;nan
2015-12-10;14.25;0.052496;3.7685;nan;nan;nan;nan;nan;nan;nan;nan;nan;nan
2015-12-11;14.25;0.052496;3.8548;nan;nan;nan;nan;nan;nan;nan;nan;nan;nan
2015-12-12;14.25;nan;nan;nan;nan;nan;nan;nan;nan;nan;nan;nan;nan
2015-12-13;14.25;nan;nan;nan;nan;nan;nan;nan;nan;nan;nan;nan;nan
2015-12-14;14.25;0.052496;3.9023;nan;nan;nan;nan;nan;nan;nan;nan;nan;nan
2015-12-15;14.25;0.052496;3.8703;nan;nan;nan;nan;nan;nan;nan;nan;nan;nan
2015-12-16;14.25;0.052496;3.9357;nan;nan;nan;nan;nan;nan;nan;nan;nan;nan
2015-12-17;14.25;0.052496;3.8929;nan;nan;nan;nan;nan;nan;nan;nan;nan;nan
2015-12-18;14.25;0.052496;3.9062;nan;nan;nan;nan;nan;nan;nan;nan;nan;nan
2015-12-19;14.25;nan;nan;nan;nan;nan;nan;nan;nan;nan;nan;nan;nan
2015-12-20;14.25;nan;nan;nan;nan;nan;nan;nan;nan;nan;nan;nan;nan
2015-12-21;14.25;0.052496;3.9831;nan;nan;nan;nan;nan;nan;nan;nan;nan;nan
2015-12-22;14.25;0.052496;3.977;nan;nan;nan;nan;nan;nan;nan;nan;nan;nan
2015-12-23;14.25;0.052496;3.9632;nan;nan;nan;nan;nan;nan;nan;nan;nan;nan
2015-12-24;14.25;0.052496;3.9524;nan;nan;nan;nan;nan;nan;nan;nan;nan;nan
2015-12-25;14.25;nan;nan;nan;nan;nan;nan;nan;nan;nan;nan;nan;nan
2015-12-26;14.25;nan;nan;nan;nan;nan;nan;nan;nan;nan;nan;nan;nan
2015-12-27;14.25;nan;nan;nan;nan;nan;nan;nan;nan;nan;nan;nan;nan
2015-12-28;14.25;0.052496;3.9186;nan;nan;nan;nan;nan;nan;nan;nan;nan;nan
2015-12-29;14.25;0.052496;3.8492;nan;nan;nan;nan;nan;nan;nan;nan;nan;nan
2015-12-30;14.25;0.052496;3.9048;nan;nan;nan;nan;nan;nan;nan;nan;nan;nan
2015-12-31;14.25;0.052496;3.9048;nan;nan;nan;nan;nan;nan;nan;nan;nan;nan
2016-01-01;14.25;nan;nan;1.27;1.14;0.39;95.26161;3.47;4.3;2.72;72.4;183.39;216.68
2016-01-02;14.25;nan;nan;nan;nan;nan;nan;nan;nan;nan;nan;nan;nan
2016-01-03;14.25;nan;nan;nan;nan;nan;nan;nan;nan;nan;nan;nan;nan
2016-01-04;14.25;0.052496;4.0387;nan;nan;nan;nan;nan;nan;nan;nan;nan;nan
2016-01-05;14.25;0.052496;4.0114;nan;nan;nan;nan;nan;nan;nan;nan;nan;nan
2016-01-06;14.25;0.052496;4.0303;nan;nan;nan;nan;nan;nan;nan;nan;nan;nan
2016-01-07;14.25;0.052496;4.0475;nan;nan;nan;nan;nan;nan;nan;nan;nan;nan
2016-01-08;14.25;0.052496;4.025;nan;nan;nan;nan;nan;nan;nan;nan;nan;nan
2016-01-09;14.25;nan;nan;nan;nan;nan;nan;nan;nan;nan;nan;nan;nan
2016-01-10;14.25;nan;nan;nan;nan;nan;nan;nan;nan;nan;nan;nan;nan
2016-01-11;14.25;0.052496;4.0153;nan;nan;nan;nan;nan;nan;nan;nan;nan;nan
2016-01-12;14.25;0.052496;4.0299;nan;nan;nan;nan;nan;nan;nan;nan;nan;nan
2016-01-13;14.25;0.052496;3.9863;nan;nan;nan;nan;nan;nan;nan;nan;nan;nan
2016-01-14;14.25;0.052496;4.0223;nan;nan;nan;nan;nan;nan;nan;nan;nan;nan
2016-01-15;14.25;0.052496;4.0402;nan;nan;nan;nan;nan;nan;nan;nan;nan;nan
2016-01-16;14.25;nan;nan;nan;nan;nan;nan;nan;nan;nan;nan;nan;nan
2016-01-17;14.25;nan;nan;nan;nan;nan;nan;nan;nan;nan;nan;nan;nan
2016-01-18;14.25;0.052496;4.0364;nan;nan;nan;nan;nan;nan;nan;nan;nan;nan
2016-01-19;14.25;0.052496;4.0303;nan;nan;nan;nan;nan;nan;nan;nan;nan;nan
2016-01-20;14.25;0.052496;4.0861;nan;nan;nan;nan;nan;nan;nan;nan;nan;nan
2016-01-21;14.25;0.052461;4.1558;nan;nan;nan;nan;nan;nan;nan;nan;nan;nan
2016-01-22;14.25;0.052461;4.1232;nan;nan;nan;nan;nan;nan;nan;nan;nan;nan
2016-01-23;14.25;nan;nan;nan;nan;nan;nan;nan;nan;nan;nan;nan;nan
2016-01-24;14.25;nan;nan;nan;nan;nan;nan;nan;nan;nan;nan;nan;nan
2016-01-25;14.25;0.052461;4.1002;nan;nan;nan;nan;nan;nan;nan;nan;nan;nan
2016-01-26;14.25;0.052461;4.0967;nan;nan;nan;nan;nan;nan;nan;nan;nan;nan
2016-01-27;14.25;0.052461;4.0448;nan;nan;nan;nan;nan;nan;nan;nan;nan;nan
2016-01-28;14.25;0.052461;4.0838;nan;nan;nan;nan;nan;nan;nan;nan;nan;nan
2016-01-29;14.25;0.052461;4.0428;nan;nan;nan;nan;nan;nan;nan;nan;nan;nan
2016-01-30;14.25;nan;nan;nan;nan;nan;nan;nan;nan;nan;nan;nan;nan
2016-01-31;14.25;nan;nan;nan;nan;nan;nan;nan;nan;nan;nan;nan;nan
2016-02-01;14.25;0.052461;3.9986;0.9;1.29;0.54;95.21916;3.5;4.3;2.78;73.5;180.54;210.97
2016-02-02;14.25;0.052461;3.9919;nan;nan;nan;nan;nan;nan;nan;nan;nan;nan
2016-02-03;14.25;0.052461;3.9558;nan;nan;nan;nan;nan;nan;nan;nan;nan;nan
2016-02-04;14.25;0.052461;3.8653;nan;nan;nan;nan;nan;nan;nan;nan;nan;nan
2016-02-05;14.25;0.052461;3.8975;nan;nan;nan;nan;nan;nan;nan;nan;nan;nan
2016-02-06;14.25;nan;nan;nan;nan;nan;nan;nan;nan;nan;nan;nan;nan
2016-02-07;14.25;nan;nan;nan;nan;nan;nan;nan;nan;nan;nan;nan;nan
2016-02-08;14.25;nan;nan;nan;nan;nan;nan;nan;nan;nan;nan;nan;nan
2016-02-09;14.25;nan;nan;nan;nan;nan;nan;nan;nan;nan;nan;nan;nan
2016-02-10;14.25;0.052461;3.9412;nan;nan;nan;nan;nan;nan;nan;nan;nan;nan
2016-02-11;14.25;0.052461;3.9642;nan;nan;nan;nan;nan;nan;nan;nan;nan;nan
2016-02-12;14.25;0.052461;3.9891;nan;nan;nan;nan;nan;nan;nan;nan;nan;nan
2016-02-13;14.25;nan;nan;nan;nan;nan;nan;nan;nan;nan;nan;nan;nan
2016-02-14;14.25;nan;nan;nan;nan;nan;nan;nan;nan;nan;nan;nan;nan
2016-02-15;14.25;0.052461;3.9885;nan;nan;nan;nan;nan;nan;nan;nan;nan;nan
2016-02-16;14.25;0.052461;4.0213;nan;nan;nan;nan;nan;nan;nan;nan;nan;nan
2016-02-17;14.25;0.052461;4.0318;nan;nan;nan;nan;nan;nan;nan;nan;nan;nan
2016-02-18;14.25;0.052461;4.0091;nan;nan;nan;nan;nan;nan;nan;nan;nan;nan
2016-02-19;14.25;0.052461;4.0492;nan;nan;nan;nan;nan;nan;nan;nan;nan;nan
2016-02-20;14.25;nan;nan;nan;nan;nan;nan;nan;nan;nan;nan;nan;nan
2016-02-21;14.25;nan;nan;nan;nan;nan;nan;nan;nan;nan;nan;nan;nan
2016-02-22;14.25;0.052461;3.9618;nan;nan;nan;nan;nan;nan;nan;nan;nan;nan
2016-02-23;14.25;0.052461;3.9684;nan;nan;nan;nan;nan;nan;nan;nan;nan;nan
2016-02-24;14.25;0.052461;3.99;nan;nan;nan;nan;nan;nan;nan;nan;nan;nan
2016-02-25;14.25;0.052461;3.94;nan;nan;nan;nan;nan;nan;nan;nan;nan;nan
2016-02-26;14.25;0.052461;3.9578;nan;nan;nan;nan;nan;nan;nan;nan;nan;nan
2016-02-27;14.25;nan;nan;nan;nan;nan;nan;nan;nan;nan;nan;nan;nan
2016-02-28;14.25;nan;nan;nan;nan;nan;nan;nan;nan;nan;nan;nan;nan
2016-02-29;14.25;0.052461;3.9796;nan;nan;nan;nan;nan;nan;nan;nan;nan;nan
2016-03-01;14.25;0.052461;3.9913;0.43;0.51;0.64;94.49151;3.53;4.25;2.85;72.6;170.41;197.22
2016-03-02;14.25;0.052461;3.9116;nan;nan;nan;nan;nan;nan;nan;nan;nan;nan
2016-03-03;14.25;0.052461;3.8504;nan;nan;nan;nan;nan;nan;nan;nan;nan;nan
2016-03-04;14.25;0.052461;3.7188;nan;nan;nan;nan;nan;nan;nan;nan;nan;nan
2016-03-05;14.25;nan;nan;nan;nan;nan;nan;nan;nan;nan;nan;nan;nan
2016-03-06;14.25;nan;nan;nan;nan;nan;nan;nan;nan;nan;nan;nan;nan
2016-03-07;14.25;0.052461;3.7714;nan;nan;nan;nan;nan;nan;nan;nan;nan;nan
2016-03-08;14.25;0.052461;3.7813;nan;nan;nan;nan;nan;nan;nan;nan;nan;nan
2016-03-09;14.25;0.052461;3.7037;nan;nan;nan;nan;nan;nan;nan;nan;nan;nan
2016-03-10;14.25;0.052461;3.67;nan;nan;nan;nan;nan;nan;nan;nan;nan;nan
2016-03-11;14.25;0.052461;3.6271;nan;nan;nan;nan;nan;nan;nan;nan;nan;nan
2016-03-12;14.25;nan;nan;nan;nan;nan;nan;nan;nan;nan;nan;nan;nan
2016-03-13;14.25;nan;nan;nan;nan;nan;nan;nan;nan;nan;nan;nan;nan
2016-03-14;14.25;0.052461;3.6239;nan;nan;nan;nan;nan;nan;nan;nan;nan;nan
2016-03-15;14.25;0.052461;3.7116;nan;nan;nan;nan;nan;nan;nan;nan;nan;nan
2016-03-16;14.25;0.052461;3.8079;nan;nan;nan;nan;nan;nan;nan;nan;nan;nan
2016-03-17;14.25;0.052461;3.6445;nan;nan;nan;nan;nan;nan;nan;nan;nan;nan
2016-03-18;14.25;0.052461;3.6146;nan;nan;nan;nan;nan;nan;nan;nan;nan;nan
2016-03-19;14.25;nan;nan;nan;nan;nan;nan;nan;nan;nan;nan;nan;nan
2016-03-20;14.25;nan;nan;nan;nan;nan;nan;nan;nan;nan;nan;nan;nan
2016-03-21;14.25;0.052461;3.6229;nan;nan;nan;nan;nan;nan;nan;nan;nan;nan
2016-03-22;14.25;0.052461;3.6073;nan;nan;nan;nan;nan;nan;nan;nan;nan;nan
2016-03-23;14.25;0.052461;3.6531;nan;nan;nan;nan;nan;nan;nan;nan;nan;nan
2016-03-24;14.25;0.052461;3.6948;nan;nan;nan;nan;nan;nan;nan;nan;nan;nan
2016-03-25;14.25;nan;nan;nan;nan;nan;nan;nan;nan;nan;nan;nan;nan
2016-03-26;14.25;nan;nan;nan;nan;nan;nan;nan;nan;nan;nan;nan;nan
2016-03-27;14.25;nan;nan;nan;nan;nan;nan;nan;nan;nan;nan;nan;nan
2016-03-28;14.25;0.052461;3.6408;nan;nan;nan;nan;nan;nan;nan;nan;nan;nan
2016-03-29;14.25;0.052461;3.6687;nan;nan;nan;nan;nan;nan;nan;nan;nan;nan
2016-03-30;14.25;0.052461;3.6116;nan;nan;nan;nan;nan;nan;nan;nan;nan;nan
2016-03-31;14.25;0.052461;3.5589;nan;nan;nan;nan;nan;nan;nan;nan;nan;nan
2016-04-01;14.25;0.052461;3.5799;0.61;0.33;0.55;94.43629;3.65;4.3;3.04;73.2;164.72;188.81
2016-04-02;14.25;nan;nan;nan;nan;nan;nan;nan;nan;nan;nan;nan;nan
2016-04-03;14.25;nan;nan;nan;nan;nan;nan;nan;nan;nan;nan;nan;nan
2016-04-04;14.25;0.052461;3.5871;nan;nan;nan;nan;nan;nan;nan;nan;nan;nan
2016-04-05;14.25;0.052461;3.6581;nan;nan;nan;nan;nan;nan;nan;nan;nan;nan
2016-04-06;14.25;0.052461;3.6749;nan;nan;nan;nan;nan;nan;nan;nan;nan;nan
2016-04-07;14.25;0.052461;3.6921;nan;nan;nan;nan;nan;nan;nan;nan;nan;nan
2016-04-08;14.25;0.052461;3.6385;nan;nan;nan;nan;nan;nan;nan;nan;nan;nan
2016-04-09;14.25;nan;nan;nan;nan;nan;nan;nan;nan;nan;nan;nan;nan
2016-04-10;14.25;nan;nan;nan;nan;nan;nan;nan;nan;nan;nan;nan;nan
2016-04-11;14.25;0.052461;3.5284;nan;nan;nan;nan;nan;nan;nan;nan;nan;nan
2016-04-12;14.25;0.052461;3.5406;nan;nan;nan;nan;nan;nan;nan;nan;nan;nan
2016-04-13;14.25;0.052461;3.5429;nan;nan;nan;nan;nan;nan;nan;nan;nan;nan
2016-04-14;14.25;0.052461;3.5126;nan;nan;nan;nan;nan;nan;nan;nan;nan;nan
2016-04-15;14.25;0.052461;3.5276;nan;nan;nan;nan;nan;nan;nan;nan;nan;nan
2016-04-16;14.25;nan;nan;nan;nan;nan;nan;nan;nan;nan;nan;nan;nan
2016-04-17;14.25;nan;nan;nan;nan;nan;nan;nan;nan;nan;nan;nan;nan
2016-04-18;14.25;0.052461;3.5904;nan;nan;nan;nan;nan;nan;nan;nan;nan;nan
2016-04-19;14.25;0.052461;3.5538;nan;nan;nan;nan;nan;nan;nan;nan;nan;nan
2016-04-20;14.25;0.052461;3.5503;nan;nan;nan;nan;nan;nan;nan;nan;nan;nan
2016-04-21;14.25;nan;nan;nan;nan;nan;nan;nan;nan;nan;nan;nan;nan
2016-04-22;14.25;0.052461;3.5829;nan;nan;nan;nan;nan;nan;nan;nan;nan;nan
2016-04-23;14.25;nan;nan;nan;nan;nan;nan;nan;nan;nan;nan;nan;nan
2016-04-24;14.25;nan;nan;nan;nan;nan;nan;nan;nan;nan;nan;nan;nan
2016-04-25;14.25;0.052461;3.5472;nan;nan;nan;nan;nan;nan;nan;nan;nan;nan
2016-04-26;14.25;0.052461;3.5301;nan;nan;nan;nan;nan;nan;nan;nan;nan;nan
2016-04-27;14.25;0.052461;3.5295;nan;nan;nan;nan;nan;nan;nan;nan;nan;nan
2016-04-28;14.25;0.052461;3.4992;nan;nan;nan;nan;nan;nan;nan;nan;nan;nan
2016-04-29;14.25;0.052461;3.4508;nan;nan;nan;nan;nan;nan;nan;nan;nan;nan
2016-04-30;14.25;nan;nan;nan;nan;nan;nan;nan;nan;nan;nan;nan;nan
2016-05-01;14.25;nan;nan;0.78;0.82;0.08;94.09619;3.73;4.32;3.17;73.1;166.25;190.48
2016-05-02;14.25;0.052461;3.4991;nan;nan;nan;nan;nan;nan;nan;nan;nan;nan
2016-05-03;14.25;0.052461;3.555;nan;nan;nan;nan;nan;nan;nan;nan;nan;nan
2016-05-04;14.25;0.052461;3.5397;nan;nan;nan;nan;nan;nan;nan;nan;nan;nan
2016-05-05;14.25;0.052461;3.5296;nan;nan;nan;nan;nan;nan;nan;nan;nan;nan
2016-05-06;14.25;0.052461;3.5362;nan;nan;nan;nan;nan;nan;nan;nan;nan;nan
2016-05-07;14.25;nan;nan;nan;nan;nan;nan;nan;nan;nan;nan;nan;nan
2016-05-08;14.25;nan;nan;nan;nan;nan;nan;nan;nan;nan;nan;nan;nan
2016-05-09;14.25;0.052461;3.5387;nan;nan;nan;nan;nan;nan;nan;nan;nan;nan
2016-05-10;14.25;0.052461;3.4772;nan;nan;nan;nan;nan;nan;nan;nan;nan;nan
2016-05-11;14.25;0.052461;3.4645;nan;nan;nan;nan;nan;nan;nan;nan;nan;nan
2016-05-12;14.25;0.052461;3.4877;nan;nan;nan;nan;nan;nan;nan;nan;nan;nan
2016-05-13;14.25;0.052461;3.5041;nan;nan;nan;nan;nan;nan;nan;nan;nan;nan
2016-05-14;14.25;nan;nan;nan;nan;nan;nan;nan;nan;nan;nan;nan;nan
2016-05-15;14.25;nan;nan;nan;nan;nan;nan;nan;nan;nan;nan;nan;nan
2016-05-16;14.25;0.052461;3.5035;nan;nan;nan;nan;nan;nan;nan;nan;nan;nan
2016-05-17;14.25;0.052461;3.5037;nan;nan;nan;nan;nan;nan;nan;nan;nan;nan
2016-05-18;14.25;0.052461;3.5368;nan;nan;nan;nan;nan;nan;nan;nan;nan;nan
2016-05-19;14.25;0.052461;3.6003;nan;nan;nan;nan;nan;nan;nan;nan;nan;nan
2016-05-20;14.25;0.052461;3.5419;nan;nan;nan;nan;nan;nan;nan;nan;nan;nan
2016-05-21;14.25;nan;nan;nan;nan;nan;nan;nan;nan;nan;nan;nan;nan
2016-05-22;14.25;nan;nan;nan;nan;nan;nan;nan;nan;nan;nan;nan;nan
2016-05-23;14.25;0.052461;3.566;nan;nan;nan;nan;nan;nan;nan;nan;nan;nan
2016-05-24;14.25;0.052461;3.5491;nan;nan;nan;nan;nan;nan;nan;nan;nan;nan
2016-05-25;14.25;0.052461;3.5804;nan;nan;nan;nan;nan;nan;nan;nan;nan;nan
2016-05-26;14.25;nan;nan;nan;nan;nan;nan;nan;nan;nan;nan;nan;nan
2016-05-27;14.25;0.052461;3.6168;nan;nan;nan;nan;nan;nan;nan;nan;nan;nan
2016-05-28;14.25;nan;nan;nan;nan;nan;nan;nan;nan;nan;nan;nan;nan
2016-05-29;14.25;nan;nan;nan;nan;nan;nan;nan;nan;nan;nan;nan;nan
2016-05-30;14.25;0.052461;3.5997;nan;nan;nan;nan;nan;nan;nan;nan;nan;nan
2016-05-31;14.25;0.052461;3.5951;nan;nan;nan;nan;nan;nan;nan;nan;nan;nan
2016-06-01;14.25;0.052461;3.6126;0.35;1.69;1.93;94.35823;3.51;4.05;2.99;73.4;166.98;190.51
2016-06-02;14.25;0.052461;3.5961;nan;nan;nan;nan;nan;nan;nan;nan;nan;nan
2016-06-03;14.25;0.052461;3.5409;nan;nan;nan;nan;nan;nan;nan;nan;nan;nan
2016-06-04;14.25;nan;nan;nan;nan;nan;nan;nan;nan;nan;nan;nan;nan
2016-06-05;14.25;nan;nan;nan;nan;nan;nan;nan;nan;nan;nan;nan;nan
2016-06-06;14.25;0.052461;3.5098;nan;nan;nan;nan;nan;nan;nan;nan;nan;nan
2016-06-07;14.25;0.052461;3.4745;nan;nan;nan;nan;nan;nan;nan;nan;nan;nan
2016-06-08;14.25;0.052461;3.3898;nan;nan;nan;nan;nan;nan;nan;nan;nan;nan
2016-06-09;14.25;0.052461;3.3817;nan;nan;nan;nan;nan;nan;nan;nan;nan;nan
2016-06-10;14.25;0.052461;3.4261;nan;nan;nan;nan;nan;nan;nan;nan;nan;nan
2016-06-11;14.25;nan;nan;nan;nan;nan;nan;nan;nan;nan;nan;nan;nan
2016-06-12;14.25;nan;nan;nan;nan;nan;nan;nan;nan;nan;nan;nan;nan
2016-06-13;14.25;0.052461;3.4533;nan;nan;nan;nan;nan;nan;nan;nan;nan;nan
2016-06-14;14.25;0.052461;3.4839;nan;nan;nan;nan;nan;nan;nan;nan;nan;nan
2016-06-15;14.25;0.052461;3.4768;nan;nan;nan;nan;nan;nan;nan;nan;nan;nan
2016-06-16;14.25;0.052461;3.4904;nan;nan;nan;nan;nan;nan;nan;nan;nan;nan
2016-06-17;14.25;0.052461;3.4372;nan;nan;nan;nan;nan;nan;nan;nan;nan;nan
2016-06-18;14.25;nan;nan;nan;nan;nan;nan;nan;nan;nan;nan;nan;nan
2016-06-19;14.25;nan;nan;nan;nan;nan;nan;nan;nan;nan;nan;nan;nan
2016-06-20;14.25;0.052461;3.3835;nan;nan;nan;nan;nan;nan;nan;nan;nan;nan
2016-06-21;14.25;0.052461;3.3897;nan;nan;nan;nan;nan;nan;nan;nan;nan;nan
2016-06-22;14.25;0.052461;3.3883;nan;nan;nan;nan;nan;nan;nan;nan;nan;nan
2016-06-23;14.25;0.052461;3.3533;nan;nan;nan;nan;nan;nan;nan;nan;nan;nan
2016-06-24;14.25;0.052461;3.3772;nan;nan;nan;nan;nan;nan;nan;nan;nan;nan
2016-06-25;14.25;nan;nan;nan;nan;nan;nan;nan;nan;nan;nan;nan;nan
2016-06-26;14.25;nan;nan;nan;nan;nan;nan;nan;nan;nan;nan;nan;nan
2016-06-27;14.25;0.052461;3.3934;nan;nan;nan;nan;nan;nan;nan;nan;nan;nan
2016-06-28;14.25;0.052461;3.3267;nan;nan;nan;nan;nan;nan;nan;nan;nan;nan
2016-06-29;14.25;0.052461;3.2435;nan;nan;nan;nan;nan;nan;nan;nan;nan;nan
2016-06-30;14.25;0.052461;3.2098;nan;nan;nan;nan;nan;nan;nan;nan;nan;nan
2016-07-01;14.25;0.052461;3.2298;0.52;0.18;0.49;94.09068;3.56;4.1;3.03;73.5;158.77;177.69
2016-07-02;14.25;nan;nan;nan;nan;nan;nan;nan;nan;nan;nan;nan;nan
2016-07-03;14.25;nan;nan;nan;nan;nan;nan;nan;nan;nan;nan;nan;nan
2016-07-04;14.25;0.052461;3.248;nan;nan;nan;nan;nan;nan;nan;nan;nan;nan
2016-07-05;14.25;0.052461;3.2904;nan;nan;nan;nan;nan;nan;nan;nan;nan;nan
2016-07-06;14.25;0.052461;3.3242;nan;nan;nan;nan;nan;nan;nan;nan;nan;nan
2016-07-07;14.25;0.052461;3.3388;nan;nan;nan;nan;nan;nan;nan;nan;nan;nan
2016-07-08;14.25;0.052461;3.2968;nan;nan;nan;nan;nan;nan;nan;nan;nan;nan
2016-07-09;14.25;nan;nan;nan;nan;nan;nan;nan;nan;nan;nan;nan;nan
2016-07-10;14.25;nan;nan;nan;nan;nan;nan;nan;nan;nan;nan;nan;nan
2016-07-11;14.25;0.052461;3.3031;nan;nan;nan;nan;nan;nan;nan;nan;nan;nan
2016-07-12;14.25;0.052461;3.275;nan;nan;nan;nan;nan;nan;nan;nan;nan;nan
2016-07-13;14.25;0.052461;3.2896;nan;nan;nan;nan;nan;nan;nan;nan;nan;nan
2016-07-14;14.25;0.052461;3.2311;nan;nan;nan;nan;nan;nan;nan;nan;nan;nan
2016-07-15;14.25;0.052461;3.2656;nan;nan;nan;nan;nan;nan;nan;nan;nan;nan
2016-07-16;14.25;nan;nan;nan;nan;nan;nan;nan;nan;nan;nan;nan;nan
2016-07-17;14.25;nan;nan;nan;nan;nan;nan;nan;nan;nan;nan;nan;nan
2016-07-18;14.25;0.052461;3.2634;nan;nan;nan;nan;nan;nan;nan;nan;nan;nan
2016-07-19;14.25;0.052461;3.2801;nan;nan;nan;nan;nan;nan;nan;nan;nan;nan
2016-07-20;14.25;0.052461;3.2512;nan;nan;nan;nan;nan;nan;nan;nan;nan;nan
2016-07-21;14.25;0.052461;3.2585;nan;nan;nan;nan;nan;nan;nan;nan;nan;nan
2016-07-22;14.25;0.052461;3.2854;nan;nan;nan;nan;nan;nan;nan;nan;nan;nan
2016-07-23;14.25;nan;nan;nan;nan;nan;nan;nan;nan;nan;nan;nan;nan
2016-07-24;14.25;nan;nan;nan;nan;nan;nan;nan;nan;nan;nan;nan;nan
2016-07-25;14.25;0.052461;3.2819;nan;nan;nan;nan;nan;nan;nan;nan;nan;nan
2016-07-26;14.25;0.052461;3.279;nan;nan;nan;nan;nan;nan;nan;nan;nan;nan
2016-07-27;14.25;0.052461;3.282;nan;nan;nan;nan;nan;nan;nan;nan;nan;nan
2016-07-28;14.25;0.052461;3.274;nan;nan;nan;nan;nan;nan;nan;nan;nan;nan
2016-07-29;14.25;0.052461;3.239;nan;nan;nan;nan;nan;nan;nan;nan;nan;nan
2016-07-30;14.25;nan;nan;nan;nan;nan;nan;nan;nan;nan;nan;nan;nan
2016-07-31;14.25;nan;nan;nan;nan;nan;nan;nan;nan;nan;nan;nan;nan
2016-08-01;14.25;0.052461;3.2662;0.44;0.15;0.29;93.79594;3.64;4.12;3.17;73.9;155.61;173.26
2016-08-02;14.25;0.052461;3.249;nan;nan;nan;nan;nan;nan;nan;nan;nan;nan
2016-08-03;14.25;0.052461;3.2733;nan;nan;nan;nan;nan;nan;nan;nan;nan;nan
2016-08-04;14.25;0.052461;3.2183;nan;nan;nan;nan;nan;nan;nan;nan;nan;nan
2016-08-05;14.25;0.052461;3.1859;nan;nan;nan;nan;nan;nan;nan;nan;nan;nan
2016-08-06;14.25;nan;nan;nan;nan;nan;nan;nan;nan;nan;nan;nan;nan
2016-08-07;14.25;nan;nan;nan;nan;nan;nan;nan;nan;nan;nan;nan;nan
2016-08-08;14.25;0.052461;3.1771;nan;nan;nan;nan;nan;nan;nan;nan;nan;nan
2016-08-09;14.25;0.052461;3.1503;nan;nan;nan;nan;nan;nan;nan;nan;nan;nan
2016-08-10;14.25;0.052461;3.1302;nan;nan;nan;nan;nan;nan;nan;nan;nan;nan
2016-08-11;14.25;0.052461;3.1364;nan;nan;nan;nan;nan;nan;nan;nan;nan;nan
2016-08-12;14.25;0.052461;3.1602;nan;nan;nan;nan;nan;nan;nan;nan;nan;nan
2016-08-13;14.25;nan;nan;nan;nan;nan;nan;nan;nan;nan;nan;nan;nan
2016-08-14;14.25;nan;nan;nan;nan;nan;nan;nan;nan;nan;nan;nan;nan
2016-08-15;14.25;0.052461;3.1672;nan;nan;nan;nan;nan;nan;nan;nan;nan;nan
2016-08-16;14.25;0.052461;3.1749;nan;nan;nan;nan;nan;nan;nan;nan;nan;nan
2016-08-17;14.25;0.052461;3.2248;nan;nan;nan;nan;nan;nan;nan;nan;nan;nan
2016-08-18;14.25;0.052461;3.2215;nan;nan;nan;nan;nan;nan;nan;nan;nan;nan
2016-08-19;14.25;0.052461;3.2267;nan;nan;nan;nan;nan;nan;nan;nan;nan;nan
2016-08-20;14.25;nan;nan;nan;nan;nan;nan;nan;nan;nan;nan;nan;nan
2016-08-21;14.25;nan;nan;nan;nan;nan;nan;nan;nan;nan;nan;nan;nan
2016-08-22;14.25;0.052461;3.2163;nan;nan;nan;nan;nan;nan;nan;nan;nan;nan
2016-08-23;14.25;0.052461;3.2054;nan;nan;nan;nan;nan;nan;nan;nan;nan;nan
2016-08-24;14.25;0.052461;3.2372;nan;nan;nan;nan;nan;nan;nan;nan;nan;nan
2016-08-25;14.25;0.052461;3.2319;nan;nan;nan;nan;nan;nan;nan;nan;nan;nan
2016-08-26;14.25;0.052461;3.2153;nan;nan;nan;nan;nan;nan;nan;nan;nan;nan
2016-08-27;14.25;nan;nan;nan;nan;nan;nan;nan;nan;nan;nan;nan;nan
2016-08-28;14.25;nan;nan;nan;nan;nan;nan;nan;nan;nan;nan;nan;nan
2016-08-29;14.25;0.052461;3.2613;nan;nan;nan;nan;nan;nan;nan;nan;nan;nan
2016-08-30;14.25;0.052461;3.2525;nan;nan;nan;nan;nan;nan;nan;nan;nan;nan
2016-08-31;14.25;0.052461;3.2403;nan;nan;nan;nan;nan;nan;nan;nan;nan;nan
2016-09-01;14.25;0.052461;3.2472;0.08;0.2;0.33;93.85993;3.68;4.18;3.18;75.4;158.33;174.84
2016-09-02;14.25;0.052461;3.2431;nan;nan;nan;nan;nan;nan;nan;nan;nan;nan
2016-09-03;14.25;nan;nan;nan;nan;nan;nan;nan;nan;nan;nan;nan;nan
2016-09-04;14.25;nan;nan;nan;nan;nan;nan;nan;nan;nan;nan;nan;nan
2016-09-05;14.25;0.052461;3.2721;nan;nan;nan;nan;nan;nan;nan;nan;nan;nan
2016-09-06;14.25;0.052461;3.2452;nan;nan;nan;nan;nan;nan;nan;nan;nan;nan
2016-09-07;14.25;nan;nan;nan;nan;nan;nan;nan;nan;nan;nan;nan;nan
2016-09-08;14.25;0.052461;3.1934;nan;nan;nan;nan;nan;nan;nan;nan;nan;nan
2016-09-09;14.25;0.052461;3.2638;nan;nan;nan;nan;nan;nan;nan;nan;nan;nan
2016-09-10;14.25;nan;nan;nan;nan;nan;nan;nan;nan;nan;nan;nan;nan
2016-09-11;14.25;nan;nan;nan;nan;nan;nan;nan;nan;nan;nan;nan;nan
2016-09-12;14.25;0.052461;3.2854;nan;nan;nan;nan;nan;nan;nan;nan;nan;nan
2016-09-13;14.25;0.052461;3.2972;nan;nan;nan;nan;nan;nan;nan;nan;nan;nan
2016-09-14;14.25;0.052461;3.3262;nan;nan;nan;nan;nan;nan;nan;nan;nan;nan
2016-09-15;14.25;0.052461;3.3326;nan;nan;nan;nan;nan;nan;nan;nan;nan;nan
2016-09-16;14.25;0.052461;3.3004;nan;nan;nan;nan;nan;nan;nan;nan;nan;nan
2016-09-17;14.25;nan;nan;nan;nan;nan;nan;nan;nan;nan;nan;nan;nan
2016-09-18;14.25;nan;nan;nan;nan;nan;nan;nan;nan;nan;nan;nan;nan
2016-09-19;14.25;0.052461;3.2636;nan;nan;nan;nan;nan;nan;nan;nan;nan;nan
2016-09-20;14.25;0.052461;3.254;nan;nan;nan;nan;nan;nan;nan;nan;nan;nan
2016-09-21;14.25;0.052461;3.2408;nan;nan;nan;nan;nan;nan;nan;nan;nan;nan
2016-09-22;14.25;0.052461;3.2015;nan;nan;nan;nan;nan;nan;nan;nan;nan;nan
2016-09-23;14.25;0.052461;3.2242;nan;nan;nan;nan;nan;nan;nan;nan;nan;nan
2016-09-24;14.25;nan;nan;nan;nan;nan;nan;nan;nan;nan;nan;nan;nan
2016-09-25;14.25;nan;nan;nan;nan;nan;nan;nan;nan;nan;nan;nan;nan
2016-09-26;14.25;0.052461;3.24;nan;nan;nan;nan;nan;nan;nan;nan;nan;nan
2016-09-27;14.25;0.052461;3.2358;nan;nan;nan;nan;nan;nan;nan;nan;nan;nan
2016-09-28;14.25;0.052461;3.2476;nan;nan;nan;nan;nan;nan;nan;nan;nan;nan
2016-09-29;14.25;0.052461;3.2235;nan;nan;nan;nan;nan;nan;nan;nan;nan;nan
2016-09-30;14.25;0.052461;3.2462;nan;nan;nan;nan;nan;nan;nan;nan;nan;nan
2016-10-01;14.25;nan;nan;0.26;0.16;0.21;93.59274;3.84;4.18;3.51;75.2;158.07;172.03
2016-10-02;14.25;nan;nan;nan;nan;nan;nan;nan;nan;nan;nan;nan;nan
2016-10-03;14.25;0.052461;3.2338;nan;nan;nan;nan;nan;nan;nan;nan;nan;nan
2016-10-04;14.25;0.052461;3.2203;nan;nan;nan;nan;nan;nan;nan;nan;nan;nan
2016-10-05;14.25;0.052461;3.2359;nan;nan;nan;nan;nan;nan;nan;nan;nan;nan
2016-10-06;14.25;0.052461;3.231;nan;nan;nan;nan;nan;nan;nan;nan;nan;nan
2016-10-07;14.25;0.052461;3.2134;nan;nan;nan;nan;nan;nan;nan;nan;nan;nan
2016-10-08;14.25;nan;nan;nan;nan;nan;nan;nan;nan;nan;nan;nan;nan
2016-10-09;14.25;nan;nan;nan;nan;nan;nan;nan;nan;nan;nan;nan;nan
2016-10-10;14.25;0.052461;3.2125;nan;nan;nan;nan;nan;nan;nan;nan;nan;nan
2016-10-11;14.25;0.052461;3.2136;nan;nan;nan;nan;nan;nan;nan;nan;nan;nan
2016-10-12;14.25;nan;nan;nan;nan;nan;nan;nan;nan;nan;nan;nan;nan
2016-10-13;14.25;0.052461;3.2087;nan;nan;nan;nan;nan;nan;nan;nan;nan;nan
2016-10-14;14.25;0.052461;3.1864;nan;nan;nan;nan;nan;nan;nan;nan;nan;nan
2016-10-15;14.25;nan;nan;nan;nan;nan;nan;nan;nan;nan;nan;nan;nan
2016-10-16;14.25;nan;nan;nan;nan;nan;nan;nan;nan;nan;nan;nan;nan
2016-10-17;14.25;0.052461;3.1963;nan;nan;nan;nan;nan;nan;nan;nan;nan;nan
2016-10-18;14.25;0.052461;3.1874;nan;nan;nan;nan;nan;nan;nan;nan;nan;nan
2016-10-19;14.25;0.052461;3.18;nan;nan;nan;nan;nan;nan;nan;nan;nan;nan
2016-10-20;14.0;0.051591;3.1605;nan;nan;nan;nan;nan;nan;nan;nan;nan;nan
2016-10-21;14.0;0.051591;3.1593;nan;nan;nan;nan;nan;nan;nan;nan;nan;nan
2016-10-22;14.0;nan;nan;nan;nan;nan;nan;nan;nan;nan;nan;nan;nan
2016-10-23;14.0;nan;nan;nan;nan;nan;nan;nan;nan;nan;nan;nan;nan
2016-10-24;14.0;0.051591;3.1311;nan;nan;nan;nan;nan;nan;nan;nan;nan;nan
2016-10-25;14.0;0.051591;3.1193;nan;nan;nan;nan;nan;nan;nan;nan;nan;nan
2016-10-26;14.0;0.051591;3.1219;nan;nan;nan;nan;nan;nan;nan;nan;nan;nan
2016-10-27;14.0;0.051591;3.1429;nan;nan;nan;nan;nan;nan;nan;nan;nan;nan
2016-10-28;14.0;0.051591;3.1815;nan;nan;nan;nan;nan;nan;nan;nan;nan;nan
2016-10-29;14.0;nan;nan;nan;nan;nan;nan;nan;nan;nan;nan;nan;nan
2016-10-30;14.0;nan;nan;nan;nan;nan;nan;nan;nan;nan;nan;nan;nan
2016-10-31;14.0;0.051591;3.1811;nan;nan;nan;nan;nan;nan;nan;nan;nan;nan
2016-11-01;14.0;0.051591;3.2053;0.18;-0.03;0.16;93.43493;3.8;4.09;3.5;76.2;166.76;181.96
2016-11-02;14.0;nan;nan;nan;nan;nan;nan;nan;nan;nan;nan;nan;nan
2016-11-03;14.0;0.051591;3.231;nan;nan;nan;nan;nan;nan;nan;nan;nan;nan
2016-11-04;14.0;0.051591;3.2449;nan;nan;nan;nan;nan;nan;nan;nan;nan;nan
2016-11-05;14.0;nan;nan;nan;nan;nan;nan;nan;nan;nan;nan;nan;nan
2016-11-06;14.0;nan;nan;nan;nan;nan;nan;nan;nan;nan;nan;nan;nan
2016-11-07;14.0;0.051591;3.2024;nan;nan;nan;nan;nan;nan;nan;nan;nan;nan
2016-11-08;14.0;0.051591;3.2024;nan;nan;nan;nan;nan;nan;nan;nan;nan;nan
2016-11-09;14.0;0.051591;3.2258;nan;nan;nan;nan;nan;nan;nan;nan;nan;nan
2016-11-10;14.0;0.051591;3.3104;nan;nan;nan;nan;nan;nan;nan;nan;nan;nan
2016-11-11;14.0;0.051591;3.4377;nan;nan;nan;nan;nan;nan;nan;nan;nan;nan
2016-11-12;14.0;nan;nan;nan;nan;nan;nan;nan;nan;nan;nan;nan;nan
2016-11-13;14.0;nan;nan;nan;nan;nan;nan;nan;nan;nan;nan;nan;nan
2016-11-14;14.0;0.051591;3.4446;nan;nan;nan;nan;nan;nan;nan;nan;nan;nan
2016-11-15;14.0;nan;nan;nan;nan;nan;nan;nan;nan;nan;nan;nan;nan
2016-11-16;14.0;0.051591;3.4183;nan;nan;nan;nan;nan;nan;nan;nan;nan;nan
2016-11-17;14.0;0.051591;3.4052;nan;nan;nan;nan;nan;nan;nan;nan;nan;nan
2016-11-18;14.0;0.051591;3.3917;nan;nan;nan;nan;nan;nan;nan;nan;nan;nan
2016-11-19;14.0;nan;nan;nan;nan;nan;nan;nan;nan;nan;nan;nan;nan
2016-11-20;14.0;nan;nan;nan;nan;nan;nan;nan;nan;nan;nan;nan;nan
2016-11-21;14.0;0.051591;3.3517;nan;nan;nan;nan;nan;nan;nan;nan;nan;nan
2016-11-22;14.0;0.051591;3.3476;nan;nan;nan;nan;nan;nan;nan;nan;nan;nan
2016-11-23;14.0;0.051591;3.3927;nan;nan;nan;nan;nan;nan;nan;nan;nan;nan
2016-11-24;14.0;0.051591;3.3987;nan;nan;nan;nan;nan;nan;nan;nan;nan;nan
2016-11-25;14.0;0.051591;3.4279;nan;nan;nan;nan;nan;nan;nan;nan;nan;nan
2016-11-26;14.0;nan;nan;nan;nan;nan;nan;nan;nan;nan;nan;nan;nan
2016-11-27;14.0;nan;nan;nan;nan;nan;nan;nan;nan;nan;nan;nan;nan
2016-11-28;14.0;0.051591;3.3996;nan;nan;nan;nan;nan;nan;nan;nan;nan;nan
2016-11-29;14.0;0.051591;3.406;nan;nan;nan;nan;nan;nan;nan;nan;nan;nan
2016-11-30;14.0;0.051591;3.3967;nan;nan;nan;nan;nan;nan;nan;nan;nan;nan
2016-12-01;13.75;0.050718;3.4362;0.3;0.54;0.34;93.21827;3.7;3.95;3.44;74.0;170.31;181.07
2016-12-02;13.75;0.050718;3.465;nan;nan;nan;nan;nan;nan;nan;nan;nan;nan
2016-12-03;13.75;nan;nan;nan;nan;nan;nan;nan;nan;nan;nan;nan;nan
2016-12-04;13.75;nan;nan;nan;nan;nan;nan;nan;nan;nan;nan;nan;nan
2016-12-05;13.75;0.050718;3.4598;nan;nan;nan;nan;nan;nan;nan;nan;nan;nan
2016-12-06;13.75;0.050718;3.4354;nan;nan;nan;nan;nan;nan;nan;nan;nan;nan
2016-12-07;13.75;0.050718;3.3895;nan;nan;nan;nan;nan;nan;nan;nan;nan;nan
2016-12-08;13.75;0.050718;3.4008;nan;nan;nan;nan;nan;nan;nan;nan;nan;nan
2016-12-09;13.75;0.050718;3.3858;nan;nan;nan;nan;nan;nan;nan;nan;nan;nan
2016-12-10;13.75;nan;nan;nan;nan;nan;nan;nan;nan;nan;nan;nan;nan
2016-12-11;13.75;nan;nan;nan;nan;nan;nan;nan;nan;nan;nan;nan;nan
2016-12-12;13.75;0.050718;3.3697;nan;nan;nan;nan;nan;nan;nan;nan;nan;nan
2016-12-13;13.75;0.050718;3.334;nan;nan;nan;nan;nan;nan;nan;nan;nan;nan
2016-12-14;13.75;0.050718;3.3103;nan;nan;nan;nan;nan;nan;nan;nan;nan;nan
2016-12-15;13.75;0.050718;3.383;nan;nan;nan;nan;nan;nan;nan;nan;nan;nan
2016-12-16;13.75;0.050718;3.3712;nan;nan;nan;nan;nan;nan;nan;nan;nan;nan
2016-12-17;13.75;nan;nan;nan;nan;nan;nan;nan;nan;nan;nan;nan;nan
2016-12-18;13.75;nan;nan;nan;nan;nan;nan;nan;nan;nan;nan;nan;nan
2016-12-19;13.75;0.050718;3.3778;nan;nan;nan;nan;nan;nan;nan;nan;nan;nan
2016-12-20;13.75;0.050718;3.3586;nan;nan;nan;nan;nan;nan;nan;nan;nan;nan
2016-12-21;13.75;0.050718;3.3297;nan;nan;nan;nan;nan;nan;nan;nan;nan;nan
2016-12-22;13.75;0.050718;3.3302;nan;nan;nan;nan;nan;nan;nan;nan;nan;nan
2016-12-23;13.75;0.050718;3.2696;nan;nan;nan;nan;nan;nan;nan;nan;nan;nan
2016-12-24;13.75;nan;nan;nan;nan;nan;nan;nan;nan;nan;nan;nan;nan
2016-12-25;13.75;nan;nan;nan;nan;nan;nan;nan;nan;nan;nan;nan;nan
2016-12-26;13.75;0.050718;3.2701;nan;nan;nan;nan;nan;nan;nan;nan;nan;nan
2016-12-27;13.75;0.050718;3.2776;nan;nan;nan;nan;nan;nan;nan;nan;nan;nan
2016-12-28;13.75;0.050718;3.2774;nan;nan;nan;nan;nan;nan;nan;nan;nan;nan
2016-12-29;13.75;0.050718;3.2591;nan;nan;nan;nan;nan;nan;nan;nan;nan;nan
2016-12-30;13.75;0.050718;3.2591;nan;nan;nan;nan;nan;nan;nan;nan;nan;nan
2016-12-31;13.75;nan;nan;nan;nan;nan;nan;nan;nan;nan;nan;nan;nan
2017-01-01;13.75;nan;nan;0.38;0.64;0.41;93.90182;3.73;3.98;3.47;73.2;165.23;177.15
2017-01-02;13.75;0.050718;3.2729;nan;nan;nan;nan;nan;nan;nan;nan;nan;nan
2017-01-03;13.75;0.050718;3.2632;nan;nan;nan;nan;nan;nan;nan;nan;nan;nan
2017-01-04;13.75;0.050718;3.2333;nan;nan;nan;nan;nan;nan;nan;nan;nan;nan
2017-01-05;13.75;0.050718;3.2129;nan;nan;nan;nan;nan;nan;nan;nan;nan;nan
2017-01-06;13.75;0.050718;3.2057;nan;nan;nan;nan;nan;nan;nan;nan;nan;nan
2017-01-07;13.75;nan;nan;nan;nan;nan;nan;nan;nan;nan;nan;nan;nan
2017-01-08;13.75;nan;nan;nan;nan;nan;nan;nan;nan;nan;nan;nan;nan
2017-01-09;13.75;0.050718;3.2097;nan;nan;nan;nan;nan;nan;nan;nan;nan;nan
2017-01-10;13.75;0.050718;3.1918;nan;nan;nan;nan;nan;nan;nan;nan;nan;nan
2017-01-11;13.75;0.050718;3.2154;nan;nan;nan;nan;nan;nan;nan;nan;nan;nan
2017-01-12;13.0;0.048089;3.1661;nan;nan;nan;nan;nan;nan;nan;nan;nan;nan
2017-01-13;13.0;0.048089;3.2034;nan;nan;nan;nan;nan;nan;nan;nan;nan;nan
2017-01-14;13.0;nan;nan;nan;nan;nan;nan;nan;nan;nan;nan;nan;nan
2017-01-15;13.0;nan;nan;nan;nan;nan;nan;nan;nan;nan;nan;nan;nan
2017-01-16;13.0;0.048089;3.2234;nan;nan;nan;nan;nan;nan;nan;nan;nan;nan
2017-01-17;13.0;0.048089;3.21;nan;nan;nan;nan;nan;nan;nan;nan;nan;nan
2017-01-18;13.0;0.048089;3.2211;nan;nan;nan;nan;nan;nan;nan;nan;nan;nan
2017-01-19;13.0;0.048089;3.2113;nan;nan;nan;nan;nan;nan;nan;nan;nan;nan
2017-01-20;13.0;0.048089;3.1918;nan;nan;nan;nan;nan;nan;nan;nan;nan;nan
2017-01-21;13.0;nan;nan;nan;nan;nan;nan;nan;nan;nan;nan;nan;nan
2017-01-22;13.0;nan;nan;nan;nan;nan;nan;nan;nan;nan;nan;nan;nan
2017-01-23;13.0;0.048089;3.1609;nan;nan;nan;nan;nan;nan;nan;nan;nan;nan
2017-01-24;13.0;0.048089;3.1649;nan;nan;nan;nan;nan;nan;nan;nan;nan;nan
2017-01-25;13.0;0.048089;3.169;nan;nan;nan;nan;nan;nan;nan;nan;nan;nan
2017-01-26;13.0;0.048089;3.1804;nan;nan;nan;nan;nan;nan;nan;nan;nan;nan
2017-01-27;13.0;0.048089;3.1596;nan;nan;nan;nan;nan;nan;nan;nan;nan;nan
2017-01-28;13.0;nan;nan;nan;nan;nan;nan;nan;nan;nan;nan;nan;nan
2017-01-29;13.0;nan;nan;nan;nan;nan;nan;nan;nan;nan;nan;nan;nan
2017-01-30;13.0;0.048089;3.1316;nan;nan;nan;nan;nan;nan;nan;nan;nan;nan
2017-01-31;13.0;0.048089;3.127;nan;nan;nan;nan;nan;nan;nan;nan;nan;nan
2017-02-01;13.0;0.048089;3.1479;0.33;0.08;0.65;95.10832;3.75;4.0;3.49;73.7;159.6;170.8
2017-02-02;13.0;0.048089;3.1196;nan;nan;nan;nan;nan;nan;nan;nan;nan;nan
2017-02-03;13.0;0.048089;3.1241;nan;nan;nan;nan;nan;nan;nan;nan;nan;nan
2017-02-04;13.0;nan;nan;nan;nan;nan;nan;nan;nan;nan;nan;nan;nan
2017-02-05;13.0;nan;nan;nan;nan;nan;nan;nan;nan;nan;nan;nan;nan
2017-02-06;13.0;0.048089;3.1179;nan;nan;nan;nan;nan;nan;nan;nan;nan;nan
2017-02-07;13.0;0.048089;3.1304;nan;nan;nan;nan;nan;nan;nan;nan;nan;nan
2017-02-08;13.0;0.048089;3.1255;nan;nan;nan;nan;nan;nan;nan;nan;nan;nan
2017-02-09;13.0;0.048089;3.1185;nan;nan;nan;nan;nan;nan;nan;nan;nan;nan
2017-02-10;13.0;0.048089;3.1155;nan;nan;nan;nan;nan;nan;nan;nan;nan;nan
2017-02-11;13.0;nan;nan;nan;nan;nan;nan;nan;nan;nan;nan;nan;nan
2017-02-12;13.0;nan;nan;nan;nan;nan;nan;nan;nan;nan;nan;nan;nan
2017-02-13;13.0;0.048089;3.1175;nan;nan;nan;nan;nan;nan;nan;nan;nan;nan
2017-02-14;13.0;0.048089;3.1004;nan;nan;nan;nan;nan;nan;nan;nan;nan;nan
2017-02-15;13.0;0.048089;3.0779;nan;nan;nan;nan;nan;nan;nan;nan;nan;nan
2017-02-16;13.0;0.048089;3.051;nan;nan;nan;nan;nan;nan;nan;nan;nan;nan
2017-02-17;13.0;0.048089;3.095;nan;nan;nan;nan;nan;nan;nan;nan;nan;nan
2017-02-18;13.0;nan;nan;nan;nan;nan;nan;nan;nan;nan;nan;nan;nan
2017-02-19;13.0;nan;nan;nan;nan;nan;nan;nan;nan;nan;nan;nan;nan
2017-02-20;13.0;0.048089;3.0918;nan;nan;nan;nan;nan;nan;nan;nan;nan;nan
2017-02-21;13.0;0.048089;3.097;nan;nan;nan;nan;nan;nan;nan;nan;nan;nan
2017-02-22;13.0;0.048089;3.0824;nan;nan;nan;nan;nan;nan;nan;nan;nan;nan
2017-02-23;12.25;0.045442;3.0638;nan;nan;nan;nan;nan;nan;nan;nan;nan;nan
2017-02-24;12.25;0.045442;3.0993;nan;nan;nan;nan;nan;nan;nan;nan;nan;nan
2017-02-25;12.25;nan;nan;nan;nan;nan;nan;nan;nan;nan;nan;nan;nan
2017-02-26;12.25;nan;nan;nan;nan;nan;nan;nan;nan;nan;nan;nan;nan
2017-02-27;12.25;nan;nan;nan;nan;nan;nan;nan;nan;nan;nan;nan;nan
2017-02-28;12.25;nan;nan;nan;nan;nan;nan;nan;nan;nan;nan;nan;nan
2017-03-01;12.25;0.045442;3.0976;0.25;0.01;0.16;95.11319;3.85;4.01;3.69;73.3;156.07;166.61
2017-03-02;12.25;0.045442;3.1138;nan;nan;nan;nan;nan;nan;nan;nan;nan;nan
2017-03-03;12.25;0.045442;3.1364;nan;nan;nan;nan;nan;nan;nan;nan;nan;nan
2017-03-04;12.25;nan;nan;nan;nan;nan;nan;nan;nan;nan;nan;nan;nan
2017-03-05;12.25;nan;nan;nan;nan;nan;nan;nan;nan;nan;nan;nan;nan
2017-03-06;12.25;0.045442;3.1111;nan;nan;nan;nan;nan;nan;nan;nan;nan;nan
2017-03-07;12.25;0.045442;3.1185;nan;nan;nan;nan;nan;nan;nan;nan;nan;nan
2017-03-08;12.25;0.045442;3.1477;nan;nan;nan;nan;nan;nan;nan;nan;nan;nan
2017-03-09;12.25;0.045442;3.1735;nan;nan;nan;nan;nan;nan;nan;nan;nan;nan
2017-03-10;12.25;0.045442;3.1623;nan;nan;nan;nan;nan;nan;nan;nan;nan;nan
2017-03-11;12.25;nan;nan;nan;nan;nan;nan;nan;nan;nan;nan;nan;nan
2017-03-12;12.25;nan;nan;nan;nan;nan;nan;nan;nan;nan;nan;nan;nan
2017-03-13;12.25;0.045442;3.1541;nan;nan;nan;nan;nan;nan;nan;nan;nan;nan
2017-03-14;12.25;0.045442;3.1639;nan;nan;nan;nan;nan;nan;nan;nan;nan;nan
2017-03-15;12.25;0.045442;3.1629;nan;nan;nan;nan;nan;nan;nan;nan;nan;nan
2017-03-16;12.25;0.045442;3.108;nan;nan;nan;nan;nan;nan;nan;nan;nan;nan
2017-03-17;12.25;0.045442;3.1075;nan;nan;nan;nan;nan;nan;nan;nan;nan;nan
2017-03-18;12.25;nan;nan;nan;nan;nan;nan;nan;nan;nan;nan;nan;nan
2017-03-19;12.25;nan;nan;nan;nan;nan;nan;nan;nan;nan;nan;nan;nan
2017-03-20;12.25;0.045442;3.0898;nan;nan;nan;nan;nan;nan;nan;nan;nan;nan
2017-03-21;12.25;0.045442;3.0765;nan;nan;nan;nan;nan;nan;nan;nan;nan;nan
2017-03-22;12.25;0.045442;3.0939;nan;nan;nan;nan;nan;nan;nan;nan;nan;nan
2017-03-23;12.25;0.045442;3.1248;nan;nan;nan;nan;nan;nan;nan;nan;nan;nan
2017-03-24;12.25;0.045442;3.1282;nan;nan;nan;nan;nan;nan;nan;nan;nan;nan
2017-03-25;12.25;nan;nan;nan;nan;nan;nan;nan;nan;nan;nan;nan;nan
2017-03-26;12.25;nan;nan;nan;nan;nan;nan;nan;nan;nan;nan;nan;nan
2017-03-27;12.25;0.045442;3.1256;nan;nan;nan;nan;nan;nan;nan;nan;nan;nan
2017-03-28;12.25;0.045442;3.1303;nan;nan;nan;nan;nan;nan;nan;nan;nan;nan
2017-03-29;12.25;0.045442;3.1229;nan;nan;nan;nan;nan;nan;nan;nan;nan;nan
2017-03-30;12.25;0.045442;3.1247;nan;nan;nan;nan;nan;nan;nan;nan;nan;nan
2017-03-31;12.25;0.045442;3.1684;nan;nan;nan;nan;nan;nan;nan;nan;nan;nan
2017-04-01;12.25;nan;nan;0.14;-1.1;-0.02;94.93146;3.93;4.04;3.82;73.4;156.15;165.4
2017-04-02;12.25;nan;nan;nan;nan;nan;nan;nan;nan;nan;nan;nan;nan
2017-04-03;12.25;0.045442;3.1167;nan;nan;nan;nan;nan;nan;nan;nan;nan;nan
2017-04-04;12.25;0.045442;3.1231;nan;nan;nan;nan;nan;nan;nan;nan;nan;nan
2017-04-05;12.25;0.045442;3.0923;nan;nan;nan;nan;nan;nan;nan;nan;nan;nan
2017-04-06;12.25;0.045442;3.116;nan;nan;nan;nan;nan;nan;nan;nan;nan;nan
2017-04-07;12.25;0.045442;3.1302;nan;nan;nan;nan;nan;nan;nan;nan;nan;nan
2017-04-08;12.25;nan;nan;nan;nan;nan;nan;nan;nan;nan;nan;nan;nan
2017-04-09;12.25;nan;nan;nan;nan;nan;nan;nan;nan;nan;nan;nan;nan
2017-04-10;12.25;0.045442;3.1409;nan;nan;nan;nan;nan;nan;nan;nan;nan;nan
2017-04-11;12.25;0.045442;3.1424;nan;nan;nan;nan;nan;nan;nan;nan;nan;nan
2017-04-12;12.25;0.045442;3.1463;nan;nan;nan;nan;nan;nan;nan;nan;nan;nan
2017-04-13;11.25;0.041886;3.1269;nan;nan;nan;nan;nan;nan;nan;nan;nan;nan
2017-04-14;11.25;nan;nan;nan;nan;nan;nan;nan;nan;nan;nan;nan;nan
2017-04-15;11.25;nan;nan;nan;nan;nan;nan;nan;nan;nan;nan;nan;nan
2017-04-16;11.25;nan;nan;nan;nan;nan;nan;nan;nan;nan;nan;nan;nan
2017-04-17;11.25;0.041886;3.1036;nan;nan;nan;nan;nan;nan;nan;nan;nan;nan
2017-04-18;11.25;0.041886;3.0958;nan;nan;nan;nan;nan;nan;nan;nan;nan;nan
2017-04-19;11.25;0.041886;3.1294;nan;nan;nan;nan;nan;nan;nan;nan;nan;nan
2017-04-20;11.25;0.041886;3.1453;nan;nan;nan;nan;nan;nan;nan;nan;nan;nan
2017-04-21;11.25;nan;nan;nan;nan;nan;nan;nan;nan;nan;nan;nan;nan
2017-04-22;11.25;nan;nan;nan;nan;nan;nan;nan;nan;nan;nan;nan;nan
2017-04-23;11.25;nan;nan;nan;nan;nan;nan;nan;nan;nan;nan;nan;nan
2017-04-24;11.25;0.041886;3.1251;nan;nan;nan;nan;nan;nan;nan;nan;nan;nan
2017-04-25;11.25;0.041886;3.1577;nan;nan;nan;nan;nan;nan;nan;nan;nan;nan
2017-04-26;11.25;0.041886;3.1847;nan;nan;nan;nan;nan;nan;nan;nan;nan;nan
2017-04-27;11.25;0.041886;3.1763;nan;nan;nan;nan;nan;nan;nan;nan;nan;nan
2017-04-28;11.25;0.041886;3.1984;nan;nan;nan;nan;nan;nan;nan;nan;nan;nan
2017-04-29;11.25;nan;nan;nan;nan;nan;nan;nan;nan;nan;nan;nan;nan
2017-04-30;11.25;nan;nan;nan;nan;nan;nan;nan;nan;nan;nan;nan;nan
2017-05-01;11.25;nan;nan;0.31;-0.93;0.63;94.79308;4.04;4.1;3.98;74.0;160.04;171.68
2017-05-02;11.25;0.041886;3.1724;nan;nan;nan;nan;nan;nan;nan;nan;nan;nan
2017-05-03;11.25;0.041886;3.1489;nan;nan;nan;nan;nan;nan;nan;nan;nan;nan
2017-05-04;11.25;0.041886;3.178;nan;nan;nan;nan;nan;nan;nan;nan;nan;nan
2017-05-05;11.25;0.041886;3.1764;nan;nan;nan;nan;nan;nan;nan;nan;nan;nan
2017-05-06;11.25;nan;nan;nan;nan;nan;nan;nan;nan;nan;nan;nan;nan
2017-05-07;11.25;nan;nan;nan;nan;nan;nan;nan;nan;nan;nan;nan;nan
2017-05-08;11.25;0.041886;3.1938;nan;nan;nan;nan;nan;nan;nan;nan;nan;nan
2017-05-09;11.25;0.041886;3.1857;nan;nan;nan;nan;nan;nan;nan;nan;nan;nan
2017-05-10;11.25;0.041886;3.1606;nan;nan;nan;nan;nan;nan;nan;nan;nan;nan
2017-05-11;11.25;0.041886;3.1559;nan;nan;nan;nan;nan;nan;nan;nan;nan;nan
2017-05-12;11.25;0.041886;3.129;nan;nan;nan;nan;nan;nan;nan;nan;nan;nan
2017-05-13;11.25;nan;nan;nan;nan;nan;nan;nan;nan;nan;nan;nan;nan
2017-05-14;11.25;nan;nan;nan;nan;nan;nan;nan;nan;nan;nan;nan;nan
2017-05-15;11.25;0.041886;3.1011;nan;nan;nan;nan;nan;nan;nan;nan;nan;nan
2017-05-16;11.25;0.041886;3.0924;nan;nan;nan;nan;nan;nan;nan;nan;nan;nan
2017-05-17;11.25;0.041886;3.1076;nan;nan;nan;nan;nan;nan;nan;nan;nan;nan
2017-05-18;11.25;0.041886;3.3807;nan;nan;nan;nan;nan;nan;nan;nan;nan;nan
2017-05-19;11.25;0.041886;3.2878;nan;nan;nan;nan;nan;nan;nan;nan;nan;nan
2017-05-20;11.25;nan;nan;nan;nan;nan;nan;nan;nan;nan;nan;nan;nan
2017-05-21;11.25;nan;nan;nan;nan;nan;nan;nan;nan;nan;nan;nan;nan
2017-05-22;11.25;0.041886;3.2863;nan;nan;nan;nan;nan;nan;nan;nan;nan;nan
2017-05-23;11.25;0.041886;3.2654;nan;nan;nan;nan;nan;nan;nan;nan;nan;nan
2017-05-24;11.25;0.041886;3.2629;nan;nan;nan;nan;nan;nan;nan;nan;nan;nan
2017-05-25;11.25;0.041886;3.2824;nan;nan;nan;nan;nan;nan;nan;nan;nan;nan
2017-05-26;11.25;0.041886;3.2614;nan;nan;nan;nan;nan;nan;nan;nan;nan;nan
2017-05-27;11.25;nan;nan;nan;nan;nan;nan;nan;nan;nan;nan;nan;nan
2017-05-28;11.25;nan;nan;nan;nan;nan;nan;nan;nan;nan;nan;nan;nan
2017-05-29;11.25;0.041886;3.2709;nan;nan;nan;nan;nan;nan;nan;nan;nan;nan
2017-05-30;11.25;0.041886;3.2659;nan;nan;nan;nan;nan;nan;nan;nan;nan;nan
2017-05-31;11.25;0.041886;3.2437;nan;nan;nan;nan;nan;nan;nan;nan;nan;nan
2017-06-01;10.25;0.038334;3.2307;-0.23;-0.67;0.93;95.25217;3.73;3.85;3.6;73.6;159.74;171.84
2017-06-02;10.25;0.038334;3.2401;nan;nan;nan;nan;nan;nan;nan;nan;nan;nan
2017-06-03;10.25;nan;nan;nan;nan;nan;nan;nan;nan;nan;nan;nan;nan
2017-06-04;10.25;nan;nan;nan;nan;nan;nan;nan;nan;nan;nan;nan;nan
2017-06-05;10.25;0.038334;3.282;nan;nan;nan;nan;nan;nan;nan;nan;nan;nan
2017-06-06;10.25;0.038334;3.2817;nan;nan;nan;nan;nan;nan;nan;nan;nan;nan
2017-06-07;10.25;0.038334;3.2747;nan;nan;nan;nan;nan;nan;nan;nan;nan;nan
2017-06-08;10.25;0.038334;3.2838;nan;nan;nan;nan;nan;nan;nan;nan;nan;nan
2017-06-09;10.25;0.038334;3.274;nan;nan;nan;nan;nan;nan;nan;nan;nan;nan
2017-06-10;10.25;nan;nan;nan;nan;nan;nan;nan;nan;nan;nan;nan;nan
2017-06-11;10.25;nan;nan;nan;nan;nan;nan;nan;nan;nan;nan;nan;nan
2017-06-12;10.25;0.038334;3.2986;nan;nan;nan;nan;nan;nan;nan;nan;nan;nan
2017-06-13;10.25;0.038334;3.3208;nan;nan;nan;nan;nan;nan;nan;nan;nan;nan
2017-06-14;10.25;0.038334;3.2836;nan;nan;nan;nan;nan;nan;nan;nan;nan;nan
2017-06-15;10.25;nan;nan;nan;nan;nan;nan;nan;nan;nan;nan;nan;nan
2017-06-16;10.25;0.038334;3.2892;nan;nan;nan;nan;nan;nan;nan;nan;nan;nan
2017-06-17;10.25;nan;nan;nan;nan;nan;nan;nan;nan;nan;nan;nan;nan
2017-06-18;10.25;nan;nan;nan;nan;nan;nan;nan;nan;nan;nan;nan;nan
2017-06-19;10.25;0.038334;3.2975;nan;nan;nan;nan;nan;nan;nan;nan;nan;nan
2017-06-20;10.25;0.038334;3.3145;nan;nan;nan;nan;nan;nan;nan;nan;nan;nan
2017-06-21;10.25;0.038334;3.3247;nan;nan;nan;nan;nan;nan;nan;nan;nan;nan
2017-06-22;10.25;0.038334;3.3362;nan;nan;nan;nan;nan;nan;nan;nan;nan;nan
2017-06-23;10.25;0.038334;3.3342;nan;nan;nan;nan;nan;nan;nan;nan;nan;nan
2017-06-24;10.25;nan;nan;nan;nan;nan;nan;nan;nan;nan;nan;nan;nan
2017-06-25;10.25;nan;nan;nan;nan;nan;nan;nan;nan;nan;nan;nan;nan
2017-06-26;10.25;0.038334;3.3128;nan;nan;nan;nan;nan;nan;nan;nan;nan;nan
2017-06-27;10.25;0.038334;3.3172;nan;nan;nan;nan;nan;nan;nan;nan;nan;nan
2017-06-28;10.25;0.038334;3.303;nan;nan;nan;nan;nan;nan;nan;nan;nan;nan
2017-06-29;10.25;0.038334;3.2952;nan;nan;nan;nan;nan;nan;nan;nan;nan;nan
2017-06-30;10.25;0.038334;3.3082;nan;nan;nan;nan;nan;nan;nan;nan;nan;nan
2017-07-01;10.25;nan;nan;0.24;-0.72;0.3;95.35017;3.69;3.95;3.4;74.0;157.57;168.11
2017-07-02;10.25;nan;nan;nan;nan;nan;nan;nan;nan;nan;nan;nan;nan
2017-07-03;10.25;0.038334;3.3015;nan;nan;nan;nan;nan;nan;nan;nan;nan;nan
2017-07-04;10.25;0.038334;3.305;nan;nan;nan;nan;nan;nan;nan;nan;nan;nan
2017-07-05;10.25;0.038334;3.3193;nan;nan;nan;nan;nan;nan;nan;nan;nan;nan
2017-07-06;10.25;0.038334;3.3064;nan;nan;nan;nan;nan;nan;nan;nan;nan;nan
2017-07-07;10.25;0.038334;3.2895;nan;nan;nan;nan;nan;nan;nan;nan;nan;nan
2017-07-08;10.25;nan;nan;nan;nan;nan;nan;nan;nan;nan;nan;nan;nan
2017-07-09;10.25;nan;nan;nan;nan;nan;nan;nan;nan;nan;nan;nan;nan
2017-07-10;10.25;0.038334;3.265;nan;nan;nan;nan;nan;nan;nan;nan;nan;nan
2017-07-11;10.25;0.038334;3.2522;nan;nan;nan;nan;nan;nan;nan;nan;nan;nan
2017-07-12;10.25;0.038334;3.2264;nan;nan;nan;nan;nan;nan;nan;nan;nan;nan
2017-07-13;10.25;0.038334;3.2108;nan;nan;nan;nan;nan;nan;nan;nan;nan;nan
2017-07-14;10.25;0.038334;3.1899;nan;nan;nan;nan;nan;nan;nan;nan;nan;nan
2017-07-15;10.25;nan;nan;nan;nan;nan;nan;nan;nan;nan;nan;nan;nan
2017-07-16;10.25;nan;nan;nan;nan;nan;nan;nan;nan;nan;nan;nan;nan
2017-07-17;10.25;0.038334;3.1821;nan;nan;nan;nan;nan;nan;nan;nan;nan;nan
2017-07-18;10.25;0.038334;3.1668;nan;nan;nan;nan;nan;nan;nan;nan;nan;nan
2017-07-19;10.25;0.038334;3.1533;nan;nan;nan;nan;nan;nan;nan;nan;nan;nan
2017-07-20;10.25;0.038334;3.1402;nan;nan;nan;nan;nan;nan;nan;nan;nan;nan
2017-07-21;10.25;0.038334;3.1256;nan;nan;nan;nan;nan;nan;nan;nan;nan;nan
2017-07-22;10.25;nan;nan;nan;nan;nan;nan;nan;nan;nan;nan;nan;nan
2017-07-23;10.25;nan;nan;nan;nan;nan;nan;nan;nan;nan;nan;nan;nan
2017-07-24;10.25;0.038334;3.1459;nan;nan;nan;nan;nan;nan;nan;nan;nan;nan
2017-07-25;10.25;0.038334;3.1556;nan;nan;nan;nan;nan;nan;nan;nan;nan;nan
2017-07-26;10.25;0.038334;3.1657;nan;nan;nan;nan;nan;nan;nan;nan;nan;nan
2017-07-27;9.25;0.034713;3.1513;nan;nan;nan;nan;nan;nan;nan;nan;nan;nan
2017-07-28;9.25;0.034713;3.1457;nan;nan;nan;nan;nan;nan;nan;nan;nan;nan
2017-07-29;9.25;nan;nan;nan;nan;nan;nan;nan;nan;nan;nan;nan;nan
2017-07-30;9.25;nan;nan;nan;nan;nan;nan;nan;nan;nan;nan;nan;nan
2017-07-31;9.25;0.034713;3.1307;nan;nan;nan;nan;nan;nan;nan;nan;nan;nan
2017-08-01;9.25;0.034713;3.1161;0.19;0.1;0.36;95.07105;3.7;3.93;3.44;74.2;154.23;160.08
2017-08-02;9.25;0.034713;3.1268;nan;nan;nan;nan;nan;nan;nan;nan;nan;nan
2017-08-03;9.25;0.034713;3.1194;nan;nan;nan;nan;nan;nan;nan;nan;nan;nan
2017-08-04;9.25;0.034713;3.1224;nan;nan;nan;nan;nan;nan;nan;nan;nan;nan
2017-08-05;9.25;nan;nan;nan;nan;nan;nan;nan;nan;nan;nan;nan;nan
2017-08-06;9.25;nan;nan;nan;nan;nan;nan;nan;nan;nan;nan;nan;nan
2017-08-07;9.25;0.034713;3.1267;nan;nan;nan;nan;nan;nan;nan;nan;nan;nan
2017-08-08;9.25;0.034713;3.132;nan;nan;nan;nan;nan;nan;nan;nan;nan;nan
2017-08-09;9.25;0.034713;3.1464;nan;nan;nan;nan;nan;nan;nan;nan;nan;nan
2017-08-10;9.25;0.034713;3.1543;nan;nan;nan;nan;nan;nan;nan;nan;nan;nan
2017-08-11;9.25;0.034713;3.1695;nan;nan;nan;nan;nan;nan;nan;nan;nan;nan
2017-08-12;9.25;nan;nan;nan;nan;nan;nan;nan;nan;nan;nan;nan;nan
2017-08-13;9.25;nan;nan;nan;nan;nan;nan;nan;nan;nan;nan;nan;nan
2017-08-14;9.25;0.034713;3.1888;nan;nan;nan;nan;nan;nan;nan;nan;nan;nan
2017-08-15;9.25;0.034713;3.1976;nan;nan;nan;nan;nan;nan;nan;nan;nan;nan
2017-08-16;9.25;0.034713;3.167;nan;nan;nan;nan;nan;nan;nan;nan;nan;nan
2017-08-17;9.25;0.034713;3.1603;nan;nan;nan;nan;nan;nan;nan;nan;nan;nan
2017-08-18;9.25;0.034713;3.1654;nan;nan;nan;nan;nan;nan;nan;nan;nan;nan
2017-08-19;9.25;nan;nan;nan;nan;nan;nan;nan;nan;nan;nan;nan;nan
2017-08-20;9.25;nan;nan;nan;nan;nan;nan;nan;nan;nan;nan;nan;nan
2017-08-21;9.25;0.034713;3.1443;nan;nan;nan;nan;nan;nan;nan;nan;nan;nan
2017-08-22;9.25;0.034713;3.1539;nan;nan;nan;nan;nan;nan;nan;nan;nan;nan
2017-08-23;9.25;0.034713;3.1569;nan;nan;nan;nan;nan;nan;nan;nan;nan;nan
2017-08-24;9.25;0.034713;3.1404;nan;nan;nan;nan;nan;nan;nan;nan;nan;nan
2017-08-25;9.25;0.034713;3.1462;nan;nan;nan;nan;nan;nan;nan;nan;nan;nan
2017-08-26;9.25;nan;nan;nan;nan;nan;nan;nan;nan;nan;nan;nan;nan
2017-08-27;9.25;nan;nan;nan;nan;nan;nan;nan;nan;nan;nan;nan;nan
2017-08-28;9.25;0.034713;3.1563;nan;nan;nan;nan;nan;nan;nan;nan;nan;nan
2017-08-29;9.25;0.034713;3.1695;nan;nan;nan;nan;nan;nan;nan;nan;nan;nan
2017-08-30;9.25;0.034713;3.1638;nan;nan;nan;nan;nan;nan;nan;nan;nan;nan
2017-08-31;9.25;0.034713;3.1471;nan;nan;nan;nan;nan;nan;nan;nan;nan;nan
2017-09-01;9.25;0.034713;3.1333;0.16;0.47;0.06;95.04359;3.6;3.87;3.29;74.9;157.54;161.96
2017-09-02;9.25;nan;nan;nan;nan;nan;nan;nan;nan;nan;nan;nan;nan
2017-09-03;9.25;nan;nan;nan;nan;nan;nan;nan;nan;nan;nan;nan;nan
2017-09-04;9.25;0.034713;3.1389;nan;nan;nan;nan;nan;nan;nan;nan;nan;nan
2017-09-05;9.25;0.034713;3.1203;nan;nan;nan;nan;nan;nan;nan;nan;nan;nan
2017-09-06;9.25;0.034713;3.1133;nan;nan;nan;nan;nan;nan;nan;nan;nan;nan
2017-09-07;9.25;nan;nan;nan;nan;nan;nan;nan;nan;nan;nan;nan;nan
2017-09-08;8.25;0.031059;3.0908;nan;nan;nan;nan;nan;nan;nan;nan;nan;nan
2017-09-09;8.25;nan;nan;nan;nan;nan;nan;nan;nan;nan;nan;nan;nan
2017-09-10;8.25;nan;nan;nan;nan;nan;nan;nan;nan;nan;nan;nan;nan
2017-09-11;8.25;0.031059;3.0852;nan;nan;nan;nan;nan;nan;nan;nan;nan;nan
2017-09-12;8.25;0.031059;3.1144;nan;nan;nan;nan;nan;nan;nan;nan;nan;nan
2017-09-13;8.25;0.031059;3.1343;nan;nan;nan;nan;nan;nan;nan;nan;nan;nan
2017-09-14;8.25;0.031059;3.1354;nan;nan;nan;nan;nan;nan;nan;nan;nan;nan
2017-09-15;8.25;0.031059;3.1255;nan;nan;nan;nan;nan;nan;nan;nan;nan;nan
2017-09-16;8.25;nan;nan;nan;nan;nan;nan;nan;nan;nan;nan;nan;nan
2017-09-17;8.25;nan;nan;nan;nan;nan;nan;nan;nan;nan;nan;nan;nan
2017-09-18;8.25;0.031059;3.1239;nan;nan;nan;nan;nan;nan;nan;nan;nan;nan
2017-09-19;8.25;0.031059;3.1323;nan;nan;nan;nan;nan;nan;nan;nan;nan;nan
2017-09-20;8.25;0.031059;3.1281;nan;nan;nan;nan;nan;nan;nan;nan;nan;nan
2017-09-21;8.25;0.031059;3.1347;nan;nan;nan;nan;nan;nan;nan;nan;nan;nan
2017-09-22;8.25;0.031059;3.1285;nan;nan;nan;nan;nan;nan;nan;nan;nan;nan
2017-09-23;8.25;nan;nan;nan;nan;nan;nan;nan;nan;nan;nan;nan;nan
2017-09-24;8.25;nan;nan;nan;nan;nan;nan;nan;nan;nan;nan;nan;nan
2017-09-25;8.25;0.031059;3.1412;nan;nan;nan;nan;nan;nan;nan;nan;nan;nan
2017-09-26;8.25;0.031059;3.1674;nan;nan;nan;nan;nan;nan;nan;nan;nan;nan
2017-09-27;8.25;0.031059;3.1932;nan;nan;nan;nan;nan;nan;nan;nan;nan;nan
2017-09-28;8.25;0.031059;3.1871;nan;nan;nan;nan;nan;nan;nan;nan;nan;nan
2017-09-29;8.25;0.031059;3.168;nan;nan;nan;nan;nan;nan;nan;nan;nan;nan
2017-09-30;8.25;nan;nan;nan;nan;nan;nan;nan;nan;nan;nan;nan;nan
2017-10-01;8.25;nan;nan;0.42;0.2;0.31;95.32406;3.63;3.87;3.35;76.0;162.52;166.48
2017-10-02;8.25;0.031059;3.1642;nan;nan;nan;nan;nan;nan;nan;nan;nan;nan
2017-10-03;8.25;0.031059;3.1502;nan;nan;nan;nan;nan;nan;nan;nan;nan;nan
2017-10-04;8.25;0.031059;3.1315;nan;nan;nan;nan;nan;nan;nan;nan;nan;nan
2017-10-05;8.25;0.031059;3.1347;nan;nan;nan;nan;nan;nan;nan;nan;nan;nan
2017-10-06;8.25;0.031059;3.1648;nan;nan;nan;nan;nan;nan;nan;nan;nan;nan
2017-10-07;8.25;nan;nan;nan;nan;nan;nan;nan;nan;nan;nan;nan;nan
2017-10-08;8.25;nan;nan;nan;nan;nan;nan;nan;nan;nan;nan;nan;nan
2017-10-09;8.25;0.031059;3.177;nan;nan;nan;nan;nan;nan;nan;nan;nan;nan
2017-10-10;8.25;0.031059;3.1688;nan;nan;nan;nan;nan;nan;nan;nan;nan;nan
2017-10-11;8.25;0.031059;3.1639;nan;nan;nan;nan;nan;nan;nan;nan;nan;nan
2017-10-12;8.25;nan;nan;nan;nan;nan;nan;nan;nan;nan;nan;nan;nan
2017-10-13;8.25;0.031059;3.1572;nan;nan;nan;nan;nan;nan;nan;nan;nan;nan
2017-10-14;8.25;nan;nan;nan;nan;nan;nan;nan;nan;nan;nan;nan;nan
2017-10-15;8.25;nan;nan;nan;nan;nan;nan;nan;nan;nan;nan;nan;nan
2017-10-16;8.25;0.031059;3.1607;nan;nan;nan;nan;nan;nan;nan;nan;nan;nan
2017-10-17;8.25;0.031059;3.1769;nan;nan;nan;nan;nan;nan;nan;nan;nan;nan
2017-10-18;8.25;0.031059;3.1673;nan;nan;nan;nan;nan;nan;nan;nan;nan;nan
2017-10-19;8.25;0.031059;3.1732;nan;nan;nan;nan;nan;nan;nan;nan;nan;nan
2017-10-20;8.25;0.031059;3.1833;nan;nan;nan;nan;nan;nan;nan;nan;nan;nan
2017-10-21;8.25;nan;nan;nan;nan;nan;nan;nan;nan;nan;nan;nan;nan
2017-10-22;8.25;nan;nan;nan;nan;nan;nan;nan;nan;nan;nan;nan;nan
2017-10-23;8.25;0.031059;3.2003;nan;nan;nan;nan;nan;nan;nan;nan;nan;nan
2017-10-24;8.25;0.031059;3.247;nan;nan;nan;nan;nan;nan;nan;nan;nan;nan
2017-10-25;8.25;0.031059;3.2387;nan;nan;nan;nan;nan;nan;nan;nan;nan;nan
2017-10-26;7.5;0.028296;3.2444;nan;nan;nan;nan;nan;nan;nan;nan;nan;nan
2017-10-27;7.5;0.028296;3.2801;nan;nan;nan;nan;nan;nan;nan;nan;nan;nan
2017-10-28;7.5;nan;nan;nan;nan;nan;nan;nan;nan;nan;nan;nan;nan
2017-10-29;7.5;nan;nan;nan;nan;nan;nan;nan;nan;nan;nan;nan;nan
2017-10-30;7.5;0.028296;3.2547;nan;nan;nan;nan;nan;nan;nan;nan;nan;nan
2017-10-31;7.5;0.028296;3.2769;nan;nan;nan;nan;nan;nan;nan;nan;nan;nan
2017-11-01;7.5;0.028296;3.2736;0.28;0.52;0.31;95.35165;3.54;3.77;3.27;76.6;171.15;176.05
2017-11-02;7.5;nan;nan;nan;nan;nan;nan;nan;nan;nan;nan;nan;nan
2017-11-03;7.5;0.028296;3.292;nan;nan;nan;nan;nan;nan;nan;nan;nan;nan
2017-11-04;7.5;nan;nan;nan;nan;nan;nan;nan;nan;nan;nan;nan;nan
2017-11-05;7.5;nan;nan;nan;nan;nan;nan;nan;nan;nan;nan;nan;nan
2017-11-06;7.5;0.028296;3.2851;nan;nan;nan;nan;nan;nan;nan;nan;nan;nan
2017-11-07;7.5;0.028296;3.2733;nan;nan;nan;nan;nan;nan;nan;nan;nan;nan
2017-11-08;7.5;0.028296;3.2509;nan;nan;nan;nan;nan;nan;nan;nan;nan;nan
2017-11-09;7.5;0.028296;3.2515;nan;nan;nan;nan;nan;nan;nan;nan;nan;nan
2017-11-10;7.5;0.028296;3.2661;nan;nan;nan;nan;nan;nan;nan;nan;nan;nan
2017-11-11;7.5;nan;nan;nan;nan;nan;nan;nan;nan;nan;nan;nan;nan
2017-11-12;7.5;nan;nan;nan;nan;nan;nan;nan;nan;nan;nan;nan;nan
2017-11-13;7.5;0.028296;3.2873;nan;nan;nan;nan;nan;nan;nan;nan;nan;nan
2017-11-14;7.5;0.028296;3.2834;nan;nan;nan;nan;nan;nan;nan;nan;nan;nan
2017-11-15;7.5;nan;nan;nan;nan;nan;nan;nan;nan;nan;nan;nan;nan
2017-11-16;7.5;0.028296;3.2808;nan;nan;nan;nan;nan;nan;nan;nan;nan;nan
2017-11-17;7.5;0.028296;3.2788;nan;nan;nan;nan;nan;nan;nan;nan;nan;nan
2017-11-18;7.5;nan;nan;nan;nan;nan;nan;nan;nan;nan;nan;nan;nan
2017-11-19;7.5;nan;nan;nan;nan;nan;nan;nan;nan;nan;nan;nan;nan
2017-11-20;7.5;0.028296;3.2623;nan;nan;nan;nan;nan;nan;nan;nan;nan;nan
2017-11-21;7.5;0.028296;3.2591;nan;nan;nan;nan;nan;nan;nan;nan;nan;nan
2017-11-22;7.5;0.028296;3.2561;nan;nan;nan;nan;nan;nan;nan;nan;nan;nan
2017-11-23;7.5;0.028296;3.2371;nan;nan;nan;nan;nan;nan;nan;nan;nan;nan
2017-11-24;7.5;0.028296;3.23;nan;nan;nan;nan;nan;nan;nan;nan;nan;nan
2017-11-25;7.5;nan;nan;nan;nan;nan;nan;nan;nan;nan;nan;nan;nan
2017-11-26;7.5;nan;nan;nan;nan;nan;nan;nan;nan;nan;nan;nan;nan
2017-11-27;7.5;0.028296;3.2218;nan;nan;nan;nan;nan;nan;nan;nan;nan;nan
2017-11-28;7.5;0.028296;3.2232;nan;nan;nan;nan;nan;nan;nan;nan;nan;nan
2017-11-29;7.5;0.028296;3.2136;nan;nan;nan;nan;nan;nan;nan;nan;nan;nan
2017-11-30;7.5;0.028296;3.2616;nan;nan;nan;nan;nan;nan;nan;nan;nan;nan
2017-12-01;7.5;0.028296;3.2636;0.44;0.89;0.07;96.8716;3.24;3.53;2.9;75.9;169.65;173.02
2017-12-02;7.5;nan;nan;nan;nan;nan;nan;nan;nan;nan;nan;nan;nan
2017-12-03;7.5;nan;nan;nan;nan;nan;nan;nan;nan;nan;nan;nan;nan
2017-12-04;7.5;0.028296;3.2506;nan;nan;nan;nan;nan;nan;nan;nan;nan;nan
2017-12-05;7.5;0.028296;3.2322;nan;nan;nan;nan;nan;nan;nan;nan;nan;nan
2017-12-06;7.5;0.028296;3.2354;nan;nan;nan;nan;nan;nan;nan;nan;nan;nan
2017-12-07;7.0;0.026444;3.2892;nan;nan;nan;nan;nan;nan;nan;nan;nan;nan
2017-12-08;7.0;0.026444;3.2811;nan;nan;nan;nan;nan;nan;nan;nan;nan;nan
2017-12-09;7.0;nan;nan;nan;nan;nan;nan;nan;nan;nan;nan;nan;nan
2017-12-10;7.0;nan;nan;nan;nan;nan;nan;nan;nan;nan;nan;nan;nan
2017-12-11;7.0;0.026444;3.2845;nan;nan;nan;nan;nan;nan;nan;nan;nan;nan
2017-12-12;7.0;0.026444;3.3149;nan;nan;nan;nan;nan;nan;nan;nan;nan;nan
2017-12-13;7.0;0.026444;3.3036;nan;nan;nan;nan;nan;nan;nan;nan;nan;nan
2017-12-14;7.0;0.026444;3.3332;nan;nan;nan;nan;nan;nan;nan;nan;nan;nan
2017-12-15;7.0;0.026444;3.3182;nan;nan;nan;nan;nan;nan;nan;nan;nan;nan
2017-12-16;7.0;nan;nan;nan;nan;nan;nan;nan;nan;nan;nan;nan;nan
2017-12-17;7.0;nan;nan;nan;nan;nan;nan;nan;nan;nan;nan;nan;nan
2017-12-18;7.0;0.026444;3.2881;nan;nan;nan;nan;nan;nan;nan;nan;nan;nan
2017-12-19;7.0;0.026444;3.2883;nan;nan;nan;nan;nan;nan;nan;nan;nan;nan
2017-12-20;7.0;0.026444;3.2909;nan;nan;nan;nan;nan;nan;nan;nan;nan;nan
2017-12-21;7.0;0.026444;3.3045;nan;nan;nan;nan;nan;nan;nan;nan;nan;nan
2017-12-22;7.0;0.026444;3.3209;nan;nan;nan;nan;nan;nan;nan;nan;nan;nan
2017-12-23;7.0;nan;nan;nan;nan;nan;nan;nan;nan;nan;nan;nan;nan
2017-12-24;7.0;nan;nan;nan;nan;nan;nan;nan;nan;nan;nan;nan;nan
2017-12-25;7.0;nan;nan;nan;nan;nan;nan;nan;nan;nan;nan;nan;nan
2017-12-26;7.0;0.026444;3.32;nan;nan;nan;nan;nan;nan;nan;nan;nan;nan
2017-12-27;7.0;0.026444;3.3031;nan;nan;nan;nan;nan;nan;nan;nan;nan;nan
2017-12-28;7.0;0.026444;3.308;nan;nan;nan;nan;nan;nan;nan;nan;nan;nan
2017-12-29;7.0;0.026444;3.308;nan;nan;nan;nan;nan;nan;nan;nan;nan;nan
2017-12-30;7.0;nan;nan;nan;nan;nan;nan;nan;nan;nan;nan;nan;nan
2017-12-31;7.0;nan;nan;nan;nan;nan;nan;nan;nan;nan;nan;nan;nan
2018-01-01;7.0;nan;nan;0.29;0.76;0.31;96.22373;3.42;3.72;3.06;73.3;171.2;171.89
2018-01-02;7.0;0.026444;3.2697;nan;nan;nan;nan;nan;nan;nan;nan;nan;nan
2018-01-03;7.0;0.026444;3.2535;nan;nan;nan;nan;nan;nan;nan;nan;nan;nan
2018-01-04;7.0;0.026444;3.2318;nan;nan;nan;nan;nan;nan;nan;nan;nan;nan
2018-01-05;7.0;0.026444;3.2409;nan;nan;nan;nan;nan;nan;nan;nan;nan;nan
2018-01-06;7.0;nan;nan;nan;nan;nan;nan;nan;nan;nan;nan;nan;nan
2018-01-07;7.0;nan;nan;nan;nan;nan;nan;nan;nan;nan;nan;nan;nan
2018-01-08;7.0;0.026444;3.2357;nan;nan;nan;nan;nan;nan;nan;nan;nan;nan
2018-01-09;7.0;0.026444;3.2397;nan;nan;nan;nan;nan;nan;nan;nan;nan;nan
2018-01-10;7.0;0.026444;3.2467;nan;nan;nan;nan;nan;nan;nan;nan;nan;nan
2018-01-11;7.0;0.026444;3.2301;nan;nan;nan;nan;nan;nan;nan;nan;nan;nan
2018-01-12;7.0;0.026444;3.2197;nan;nan;nan;nan;nan;nan;nan;nan;nan;nan
2018-01-13;7.0;nan;nan;nan;nan;nan;nan;nan;nan;nan;nan;nan;nan
2018-01-14;7.0;nan;nan;nan;nan;nan;nan;nan;nan;nan;nan;nan;nan
2018-01-15;7.0;0.026444;3.1963;nan;nan;nan;nan;nan;nan;nan;nan;nan;nan
2018-01-16;7.0;0.026444;3.2219;nan;nan;nan;nan;nan;nan;nan;nan;nan;nan
2018-01-17;7.0;0.026444;3.2324;nan;nan;nan;nan;nan;nan;nan;nan;nan;nan
2018-01-18;7.0;0.026444;3.2129;nan;nan;nan;nan;nan;nan;nan;nan;nan;nan
2018-01-19;7.0;0.026444;3.2087;nan;nan;nan;nan;nan;nan;nan;nan;nan;nan
2018-01-20;7.0;nan;nan;nan;nan;nan;nan;nan;nan;nan;nan;nan;nan
2018-01-21;7.0;nan;nan;nan;nan;nan;nan;nan;nan;nan;nan;nan;nan
2018-01-22;7.0;0.026444;3.1934;nan;nan;nan;nan;nan;nan;nan;nan;nan;nan
2018-01-23;7.0;0.026444;3.2249;nan;nan;nan;nan;nan;nan;nan;nan;nan;nan
2018-01-24;7.0;0.026444;3.197;nan;nan;nan;nan;nan;nan;nan;nan;nan;nan
2018-01-25;7.0;0.026444;3.1391;nan;nan;nan;nan;nan;nan;nan;nan;nan;nan
2018-01-26;7.0;0.026444;3.145;nan;nan;nan;nan;nan;nan;nan;nan;nan;nan
2018-01-27;7.0;nan;nan;nan;nan;nan;nan;nan;nan;nan;nan;nan;nan
2018-01-28;7.0;nan;nan;nan;nan;nan;nan;nan;nan;nan;nan;nan;nan
2018-01-29;7.0;0.026444;3.1655;nan;nan;nan;nan;nan;nan;nan;nan;nan;nan
2018-01-30;7.0;0.026444;3.1661;nan;nan;nan;nan;nan;nan;nan;nan;nan;nan
2018-01-31;7.0;0.026444;3.1624;nan;nan;nan;nan;nan;nan;nan;nan;nan;nan
2018-02-01;7.0;0.026444;3.173;0.32;0.07;0.13;95.90401;3.43;3.7;3.1;75.2;171.78;174.84
2018-02-02;7.0;0.026444;3.206;nan;nan;nan;nan;nan;nan;nan;nan;nan;nan
2018-02-03;7.0;nan;nan;nan;nan;nan;nan;nan;nan;nan;nan;nan;nan
2018-02-04;7.0;nan;nan;nan;nan;nan;nan;nan;nan;nan;nan;nan;nan
2018-02-05;7.0;0.026444;3.2355;nan;nan;nan;nan;nan;nan;nan;nan;nan;nan
2018-02-06;7.0;0.026444;3.2613;nan;nan;nan;nan;nan;nan;nan;nan;nan;nan
2018-02-07;7.0;0.026444;3.2467;nan;nan;nan;nan;nan;nan;nan;nan;nan;nan
2018-02-08;6.75;0.025515;3.2692;nan;nan;nan;nan;nan;nan;nan;nan;nan;nan
2018-02-09;6.75;0.025515;3.2821;nan;nan;nan;nan;nan;nan;nan;nan;nan;nan
2018-02-10;6.75;nan;nan;nan;nan;nan;nan;nan;nan;nan;nan;nan;nan
2018-02-11;6.75;nan;nan;nan;nan;nan;nan;nan;nan;nan;nan;nan;nan
2018-02-12;6.75;nan;nan;nan;nan;nan;nan;nan;nan;nan;nan;nan;nan
2018-02-13;6.75;nan;nan;nan;nan;nan;nan;nan;nan;nan;nan;nan;nan
2018-02-14;6.75;0.025515;3.2536;nan;nan;nan;nan;nan;nan;nan;nan;nan;nan
2018-02-15;6.75;0.025515;3.2208;nan;nan;nan;nan;nan;nan;nan;nan;nan;nan
2018-02-16;6.75;0.025515;3.2381;nan;nan;nan;nan;nan;nan;nan;nan;nan;nan
2018-02-17;6.75;nan;nan;nan;nan;nan;nan;nan;nan;nan;nan;nan;nan
2018-02-18;6.75;nan;nan;nan;nan;nan;nan;nan;nan;nan;nan;nan;nan
2018-02-19;6.75;0.025515;3.2347;nan;nan;nan;nan;nan;nan;nan;nan;nan;nan
2018-02-20;6.75;0.025515;3.2507;nan;nan;nan;nan;nan;nan;nan;nan;nan;nan
2018-02-21;6.75;0.025515;3.2555;nan;nan;nan;nan;nan;nan;nan;nan;nan;nan
2018-02-22;6.75;0.025515;3.2598;nan;nan;nan;nan;nan;nan;nan;nan;nan;nan
2018-02-23;6.75;0.025515;3.2417;nan;nan;nan;nan;nan;nan;nan;nan;nan;nan
2018-02-24;6.75;nan;nan;nan;nan;nan;nan;nan;nan;nan;nan;nan;nan
2018-02-25;6.75;nan;nan;nan;nan;nan;nan;nan;nan;nan;nan;nan;nan
2018-02-26;6.75;0.025515;3.2351;nan;nan;nan;nan;nan;nan;nan;nan;nan;nan
2018-02-27;6.75;0.025515;3.2383;nan;nan;nan;nan;nan;nan;nan;nan;nan;nan
2018-02-28;6.75;0.025515;3.2449;nan;nan;nan;nan;nan;nan;nan;nan;nan;nan
2018-03-01;6.75;0.025515;3.262;0.09;0.64;0.24;95.91012;3.29;3.64;2.86;75.1;169.09;171.09
2018-03-02;6.75;0.025515;3.2614;nan;nan;nan;nan;nan;nan;nan;nan;nan;nan
2018-03-03;6.75;nan;nan;nan;nan;nan;nan;nan;nan;nan;nan;nan;nan
2018-03-04;6.75;nan;nan;nan;nan;nan;nan;nan;nan;nan;nan;nan;nan
2018-03-05;6.75;0.025515;3.2582;nan;nan;nan;nan;nan;nan;nan;nan;nan;nan
2018-03-06;6.75;0.025515;3.2246;nan;nan;nan;nan;nan;nan;nan;nan;nan;nan
2018-03-07;6.75;0.025515;3.2318;nan;nan;nan;nan;nan;nan;nan;nan;nan;nan
2018-03-08;6.75;0.025515;3.2518;nan;nan;nan;nan;nan;nan;nan;nan;nan;nan
2018-03-09;6.75;0.025515;3.2496;nan;nan;nan;nan;nan;nan;nan;nan;nan;nan
2018-03-10;6.75;nan;nan;nan;nan;nan;nan;nan;nan;nan;nan;nan;nan
2018-03-11;6.75;nan;nan;nan;nan;nan;nan;nan;nan;nan;nan;nan;nan
2018-03-12;6.75;0.025515;3.2606;nan;nan;nan;nan;nan;nan;nan;nan;nan;nan
2018-03-13;6.75;0.025515;3.2492;nan;nan;nan;nan;nan;nan;nan;nan;nan;nan
2018-03-14;6.75;0.025515;3.2584;nan;nan;nan;nan;nan;nan;nan;nan;nan;nan
2018-03-15;6.75;0.025515;3.2859;nan;nan;nan;nan;nan;nan;nan;nan;nan;nan
2018-03-16;6.75;0.025515;3.2905;nan;nan;nan;nan;nan;nan;nan;nan;nan;nan
2018-03-17;6.75;nan;nan;nan;nan;nan;nan;nan;nan;nan;nan;nan;nan
2018-03-18;6.75;nan;nan;nan;nan;nan;nan;nan;nan;nan;nan;nan;nan
2018-03-19;6.75;0.025515;3.2911;nan;nan;nan;nan;nan;nan;nan;nan;nan;nan
2018-03-20;6.75;0.025515;3.2981;nan;nan;nan;nan;nan;nan;nan;nan;nan;nan
2018-03-21;6.75;0.025515;3.2921;nan;nan;nan;nan;nan;nan;nan;nan;nan;nan
2018-03-22;6.5;0.024583;3.3033;nan;nan;nan;nan;nan;nan;nan;nan;nan;nan
2018-03-23;6.5;0.024583;3.3041;nan;nan;nan;nan;nan;nan;nan;nan;nan;nan
2018-03-24;6.5;nan;nan;nan;nan;nan;nan;nan;nan;nan;nan;nan;nan
2018-03-25;6.5;nan;nan;nan;nan;nan;nan;nan;nan;nan;nan;nan;nan
2018-03-26;6.5;0.024583;3.3034;nan;nan;nan;nan;nan;nan;nan;nan;nan;nan
2018-03-27;6.5;0.024583;3.3256;nan;nan;nan;nan;nan;nan;nan;nan;nan;nan
2018-03-28;6.5;0.024583;3.338;nan;nan;nan;nan;nan;nan;nan;nan;nan;nan
2018-03-29;6.5;0.024583;3.3238;nan;nan;nan;nan;nan;nan;nan;nan;nan;nan
2018-03-30;6.5;nan;nan;nan;nan;nan;nan;nan;nan;nan;nan;nan;nan
2018-03-31;6.5;nan;nan;nan;nan;nan;nan;nan;nan;nan;nan;nan;nan
2018-04-01;6.5;nan;nan;0.22;0.57;0.29;96.46105;3.32;3.62;2.95;75.5;175.83;174.02
2018-04-02;6.5;0.024583;3.3104;nan;nan;nan;nan;nan;nan;nan;nan;nan;nan
2018-04-03;6.5;0.024583;3.3139;nan;nan;nan;nan;nan;nan;nan;nan;nan;nan
2018-04-04;6.5;0.024583;3.3538;nan;nan;nan;nan;nan;nan;nan;nan;nan;nan
2018-04-05;6.5;0.024583;3.3196;nan;nan;nan;nan;nan;nan;nan;nan;nan;nan
2018-04-06;6.5;0.024583;3.3666;nan;nan;nan;nan;nan;nan;nan;nan;nan;nan
2018-04-07;6.5;nan;nan;nan;nan;nan;nan;nan;nan;nan;nan;nan;nan
2018-04-08;6.5;nan;nan;nan;nan;nan;nan;nan;nan;nan;nan;nan;nan
2018-04-09;6.5;0.024583;3.3903;nan;nan;nan;nan;nan;nan;nan;nan;nan;nan
2018-04-10;6.5;0.024583;3.4195;nan;nan;nan;nan;nan;nan;nan;nan;nan;nan
2018-04-11;6.5;0.024583;3.4052;nan;nan;nan;nan;nan;nan;nan;nan;nan;nan
2018-04-12;6.5;0.024583;3.3858;nan;nan;nan;nan;nan;nan;nan;nan;nan;nan
2018-04-13;6.5;0.024583;3.4105;nan;nan;nan;nan;nan;nan;nan;nan;nan;nan
2018-04-14;6.5;nan;nan;nan;nan;nan;nan;nan;nan;nan;nan;nan;nan
2018-04-15;6.5;nan;nan;nan;nan;nan;nan;nan;nan;nan;nan;nan;nan
2018-04-16;6.5;0.024583;3.4263;nan;nan;nan;nan;nan;nan;nan;nan;nan;nan
2018-04-17;6.5;0.024583;3.4041;nan;nan;nan;nan;nan;nan;nan;nan;nan;nan
2018-04-18;6.5;0.024583;3.3844;nan;nan;nan;nan;nan;nan;nan;nan;nan;nan
2018-04-19;6.5;0.024583;3.3977;nan;nan;nan;nan;nan;nan;nan;nan;nan;nan
2018-04-20;6.5;0.024583;3.4101;nan;nan;nan;nan;nan;nan;nan;nan;nan;nan
2018-04-21;6.5;nan;nan;nan;nan;nan;nan;nan;nan;nan;nan;nan;nan
2018-04-22;6.5;nan;nan;nan;nan;nan;nan;nan;nan;nan;nan;nan;nan
2018-04-23;6.5;0.024583;3.4421;nan;nan;nan;nan;nan;nan;nan;nan;nan;nan
2018-04-24;6.5;0.024583;3.4667;nan;nan;nan;nan;nan;nan;nan;nan;nan;nan
2018-04-25;6.5;0.024583;3.504;nan;nan;nan;nan;nan;nan;nan;nan;nan;nan
2018-04-26;6.5;0.024583;3.4977;nan;nan;nan;nan;nan;nan;nan;nan;nan;nan
2018-04-27;6.5;0.024583;3.4676;nan;nan;nan;nan;nan;nan;nan;nan;nan;nan
2018-04-28;6.5;nan;nan;nan;nan;nan;nan;nan;nan;nan;nan;nan;nan
2018-04-29;6.5;nan;nan;nan;nan;nan;nan;nan;nan;nan;nan;nan;nan
2018-04-30;6.5;0.024583;3.4811;nan;nan;nan;nan;nan;nan;nan;nan;nan;nan
2018-05-01;6.5;nan;nan;0.4;1.38;0.23;93.55587;3.3;3.59;2.96;75.9;191.92;188.25
2018-05-02;6.5;0.024583;3.5424;nan;nan;nan;nan;nan;nan;nan;nan;nan;nan
2018-05-03;6.5;0.024583;3.5484;nan;nan;nan;nan;nan;nan;nan;nan;nan;nan
2018-05-04;6.5;0.024583;3.5308;nan;nan;nan;nan;nan;nan;nan;nan;nan;nan
2018-05-05;6.5;nan;nan;nan;nan;nan;nan;nan;nan;nan;nan;nan;nan
2018-05-06;6.5;nan;nan;nan;nan;nan;nan;nan;nan;nan;nan;nan;nan
2018-05-07;6.5;0.024583;3.5458;nan;nan;nan;nan;nan;nan;nan;nan;nan;nan
2018-05-08;6.5;0.024583;3.5788;nan;nan;nan;nan;nan;nan;nan;nan;nan;nan
2018-05-09;6.5;0.024583;3.5943;nan;nan;nan;nan;nan;nan;nan;nan;nan;nan
2018-05-10;6.5;0.024583;3.5566;nan;nan;nan;nan;nan;nan;nan;nan;nan;nan
2018-05-11;6.5;0.024583;3.5716;nan;nan;nan;nan;nan;nan;nan;nan;nan;nan
2018-05-12;6.5;nan;nan;nan;nan;nan;nan;nan;nan;nan;nan;nan;nan
2018-05-13;6.5;nan;nan;nan;nan;nan;nan;nan;nan;nan;nan;nan;nan
2018-05-14;6.5;0.024583;3.6097;nan;nan;nan;nan;nan;nan;nan;nan;nan;nan
2018-05-15;6.5;0.024583;3.6753;nan;nan;nan;nan;nan;nan;nan;nan;nan;nan
2018-05-16;6.5;0.024583;3.6803;nan;nan;nan;nan;nan;nan;nan;nan;nan;nan
2018-05-17;6.5;0.024583;3.6874;nan;nan;nan;nan;nan;nan;nan;nan;nan;nan
2018-05-18;6.5;0.024583;3.7503;nan;nan;nan;nan;nan;nan;nan;nan;nan;nan
2018-05-19;6.5;nan;nan;nan;nan;nan;nan;nan;nan;nan;nan;nan;nan
2018-05-20;6.5;nan;nan;nan;nan;nan;nan;nan;nan;nan;nan;nan;nan
2018-05-21;6.5;0.024583;3.7072;nan;nan;nan;nan;nan;nan;nan;nan;nan;nan
2018-05-22;6.5;0.024583;3.6502;nan;nan;nan;nan;nan;nan;nan;nan;nan;nan
2018-05-23;6.5;0.024583;3.6507;nan;nan;nan;nan;nan;nan;nan;nan;nan;nan
2018-05-24;6.5;0.024583;3.6436;nan;nan;nan;nan;nan;nan;nan;nan;nan;nan
2018-05-25;6.5;0.024583;3.6587;nan;nan;nan;nan;nan;nan;nan;nan;nan;nan
2018-05-26;6.5;nan;nan;nan;nan;nan;nan;nan;nan;nan;nan;nan;nan
2018-05-27;6.5;nan;nan;nan;nan;nan;nan;nan;nan;nan;nan;nan;nan
2018-05-28;6.5;0.024583;3.7092;nan;nan;nan;nan;nan;nan;nan;nan;nan;nan
2018-05-29;6.5;0.024583;3.7289;nan;nan;nan;nan;nan;nan;nan;nan;nan;nan
2018-05-30;6.5;0.024583;3.737;nan;nan;nan;nan;nan;nan;nan;nan;nan;nan
2018-05-31;6.5;nan;nan;nan;nan;nan;nan;nan;nan;nan;nan;nan;nan
2018-06-01;6.5;0.024583;3.7413;1.26;1.87;0.97;96.16521;3.04;3.47;2.54;75.6;197.93;192.98
2018-06-02;6.5;nan;nan;nan;nan;nan;nan;nan;nan;nan;nan;nan;nan
2018-06-03;6.5;nan;nan;nan;nan;nan;nan;nan;nan;nan;nan;nan;nan
2018-06-04;6.5;0.024583;3.7424;nan;nan;nan;nan;nan;nan;nan;nan;nan;nan
2018-06-05;6.5;0.024583;3.7752;nan;nan;nan;nan;nan;nan;nan;nan;nan;nan
2018-06-06;6.5;0.024583;3.8193;nan;nan;nan;nan;nan;nan;nan;nan;nan;nan
2018-06-07;6.5;0.024583;3.9;nan;nan;nan;nan;nan;nan;nan;nan;nan;nan
2018-06-08;6.5;0.024583;3.7859;nan;nan;nan;nan;nan;nan;nan;nan;nan;nan
2018-06-09;6.5;nan;nan;nan;nan;nan;nan;nan;nan;nan;nan;nan;nan
2018-06-10;6.5;nan;nan;nan;nan;nan;nan;nan;nan;nan;nan;nan;nan
2018-06-11;6.5;0.024583;3.6913;nan;nan;nan;nan;nan;nan;nan;nan;nan;nan
2018-06-12;6.5;0.024583;3.7044;nan;nan;nan;nan;nan;nan;nan;nan;nan;nan
2018-06-13;6.5;0.024583;3.7054;nan;nan;nan;nan;nan;nan;nan;nan;nan;nan
2018-06-14;6.5;0.024583;3.7057;nan;nan;nan;nan;nan;nan;nan;nan;nan;nan
2018-06-15;6.5;0.024583;3.7738;nan;nan;nan;nan;nan;nan;nan;nan;nan;nan
2018-06-16;6.5;nan;nan;nan;nan;nan;nan;nan;nan;nan;nan;nan;nan
2018-06-17;6.5;nan;nan;nan;nan;nan;nan;nan;nan;nan;nan;nan;nan
2018-06-18;6.5;0.024583;3.7543;nan;nan;nan;nan;nan;nan;nan;nan;nan;nan
2018-06-19;6.5;0.024583;3.7566;nan;nan;nan;nan;nan;nan;nan;nan;nan;nan
2018-06-20;6.5;0.024583;3.7335;nan;nan;nan;nan;nan;nan;nan;nan;nan;nan
2018-06-21;6.5;0.024583;3.7894;nan;nan;nan;nan;nan;nan;nan;nan;nan;nan
2018-06-22;6.5;0.024583;3.7663;nan;nan;nan;nan;nan;nan;nan;nan;nan;nan
2018-06-23;6.5;nan;nan;nan;nan;nan;nan;nan;nan;nan;nan;nan;nan
2018-06-24;6.5;nan;nan;nan;nan;nan;nan;nan;nan;nan;nan;nan;nan
2018-06-25;6.5;0.024583;3.776;nan;nan;nan;nan;nan;nan;nan;nan;nan;nan
2018-06-26;6.5;0.024583;3.7721;nan;nan;nan;nan;nan;nan;nan;nan;nan;nan
2018-06-27;6.5;0.024583;3.8358;nan;nan;nan;nan;nan;nan;nan;nan;nan;nan
2018-06-28;6.5;0.024583;3.8521;nan;nan;nan;nan;nan;nan;nan;nan;nan;nan
2018-06-29;6.5;0.024583;3.8558;nan;nan;nan;nan;nan;nan;nan;nan;nan;nan
2018-06-30;6.5;nan;nan;nan;nan;nan;nan;nan;nan;nan;nan;nan;nan
2018-07-01;6.5;nan;nan;0.33;0.51;0.61;96.50041;3.02;3.5;2.44;75.1;197.04;195.08
2018-07-02;6.5;0.024583;3.9055;nan;nan;nan;nan;nan;nan;nan;nan;nan;nan
2018-07-03;6.5;0.024583;3.892;nan;nan;nan;nan;nan;nan;nan;nan;nan;nan
2018-07-04;6.5;0.024583;3.9058;nan;nan;nan;nan;nan;nan;nan;nan;nan;nan
2018-07-05;6.5;0.024583;3.9192;nan;nan;nan;nan;nan;nan;nan;nan;nan;nan
2018-07-06;6.5;0.024583;3.9264;nan;nan;nan;nan;nan;nan;nan;nan;nan;nan
2018-07-07;6.5;nan;nan;nan;nan;nan;nan;nan;nan;nan;nan;nan;nan
2018-07-08;6.5;nan;nan;nan;nan;nan;nan;nan;nan;nan;nan;nan;nan
2018-07-09;6.5;0.024583;3.8692;nan;nan;nan;nan;nan;nan;nan;nan;nan;nan
2018-07-10;6.5;0.024583;3.8452;nan;nan;nan;nan;nan;nan;nan;nan;nan;nan
2018-07-11;6.5;0.024583;3.8417;nan;nan;nan;nan;nan;nan;nan;nan;nan;nan
2018-07-12;6.5;0.024583;3.8564;nan;nan;nan;nan;nan;nan;nan;nan;nan;nan
2018-07-13;6.5;0.024583;3.8745;nan;nan;nan;nan;nan;nan;nan;nan;nan;nan
2018-07-14;6.5;nan;nan;nan;nan;nan;nan;nan;nan;nan;nan;nan;nan
2018-07-15;6.5;nan;nan;nan;nan;nan;nan;nan;nan;nan;nan;nan;nan
2018-07-16;6.5;0.024583;3.8579;nan;nan;nan;nan;nan;nan;nan;nan;nan;nan
2018-07-17;6.5;0.024583;3.8671;nan;nan;nan;nan;nan;nan;nan;nan;nan;nan
2018-07-18;6.5;0.024583;3.8474;nan;nan;nan;nan;nan;nan;nan;nan;nan;nan
2018-07-19;6.5;0.024583;3.8847;nan;nan;nan;nan;nan;nan;nan;nan;nan;nan
2018-07-20;6.5;0.024583;3.7793;nan;nan;nan;nan;nan;nan;nan;nan;nan;nan
2018-07-21;6.5;nan;nan;nan;nan;nan;nan;nan;nan;nan;nan;nan;nan
2018-07-22;6.5;nan;nan;nan;nan;nan;nan;nan;nan;nan;nan;nan;nan
2018-07-23;6.5;0.024583;3.7915;nan;nan;nan;nan;nan;nan;nan;nan;nan;nan
2018-07-24;6.5;0.024583;3.7459;nan;nan;nan;nan;nan;nan;nan;nan;nan;nan
2018-07-25;6.5;0.024583;3.712;nan;nan;nan;nan;nan;nan;nan;nan;nan;nan
2018-07-26;6.5;0.024583;3.7243;nan;nan;nan;nan;nan;nan;nan;nan;nan;nan
2018-07-27;6.5;0.024583;3.7164;nan;nan;nan;nan;nan;nan;nan;nan;nan;nan
2018-07-28;6.5;nan;nan;nan;nan;nan;nan;nan;nan;nan;nan;nan;nan
2018-07-29;6.5;nan;nan;nan;nan;nan;nan;nan;nan;nan;nan;nan;nan
2018-07-30;6.5;0.024583;3.7155;nan;nan;nan;nan;nan;nan;nan;nan;nan;nan
2018-07-31;6.5;0.024583;3.7549;nan;nan;nan;nan;nan;nan;nan;nan;nan;nan
2018-08-01;6.5;0.024583;3.7491;-0.09;0.7;0.15;97.28721;3.04;3.49;2.49;76.0;198.68;196.26
2018-08-02;6.5;0.024583;3.7645;nan;nan;nan;nan;nan;nan;nan;nan;nan;nan
2018-08-03;6.5;0.024583;3.7201;nan;nan;nan;nan;nan;nan;nan;nan;nan;nan
2018-08-04;6.5;nan;nan;nan;nan;nan;nan;nan;nan;nan;nan;nan;nan
2018-08-05;6.5;nan;nan;nan;nan;nan;nan;nan;nan;nan;nan;nan;nan
2018-08-06;6.5;0.024583;3.7214;nan;nan;nan;nan;nan;nan;nan;nan;nan;nan
2018-08-07;6.5;0.024583;3.7118;nan;nan;nan;nan;nan;nan;nan;nan;nan;nan
2018-08-08;6.5;0.024583;3.7519;nan;nan;nan;nan;nan;nan;nan;nan;nan;nan
2018-08-09;6.5;0.024583;3.803;nan;nan;nan;nan;nan;nan;nan;nan;nan;nan
2018-08-10;6.5;0.024583;3.8472;nan;nan;nan;nan;nan;nan;nan;nan;nan;nan
2018-08-11;6.5;nan;nan;nan;nan;nan;nan;nan;nan;nan;nan;nan;nan
2018-08-12;6.5;nan;nan;nan;nan;nan;nan;nan;nan;nan;nan;nan;nan
2018-08-13;6.5;0.024583;3.8988;nan;nan;nan;nan;nan;nan;nan;nan;nan;nan
2018-08-14;6.5;0.024583;3.8812;nan;nan;nan;nan;nan;nan;nan;nan;nan;nan
2018-08-15;6.5;0.024583;3.9134;nan;nan;nan;nan;nan;nan;nan;nan;nan;nan
2018-08-16;6.5;0.024583;3.881;nan;nan;nan;nan;nan;nan;nan;nan;nan;nan
2018-08-17;6.5;0.024583;3.9389;nan;nan;nan;nan;nan;nan;nan;nan;nan;nan
2018-08-18;6.5;nan;nan;nan;nan;nan;nan;nan;nan;nan;nan;nan;nan
2018-08-19;6.5;nan;nan;nan;nan;nan;nan;nan;nan;nan;nan;nan;nan
2018-08-20;6.5;0.024583;3.943;nan;nan;nan;nan;nan;nan;nan;nan;nan;nan
2018-08-21;6.5;0.024583;3.9873;nan;nan;nan;nan;nan;nan;nan;nan;nan;nan
2018-08-22;6.5;0.024583;4.074;nan;nan;nan;nan;nan;nan;nan;nan;nan;nan
2018-08-23;6.5;0.024583;4.0727;nan;nan;nan;nan;nan;nan;nan;nan;nan;nan
2018-08-24;6.5;0.024583;4.0854;nan;nan;nan;nan;nan;nan;nan;nan;nan;nan
2018-08-25;6.5;nan;nan;nan;nan;nan;nan;nan;nan;nan;nan;nan;nan
2018-08-26;6.5;nan;nan;nan;nan;nan;nan;nan;nan;nan;nan;nan;nan
2018-08-27;6.5;0.024583;4.0687;nan;nan;nan;nan;nan;nan;nan;nan;nan;nan
2018-08-28;6.5;0.024583;4.1192;nan;nan;nan;nan;nan;nan;nan;nan;nan;nan
2018-08-29;6.5;0.024583;4.1353;nan;nan;nan;nan;nan;nan;nan;nan;nan;nan
2018-08-30;6.5;0.024583;4.1812;nan;nan;nan;nan;nan;nan;nan;nan;nan;nan
2018-08-31;6.5;0.024583;4.1353;nan;nan;nan;nan;nan;nan;nan;nan;nan;nan
2018-09-01;6.5;nan;nan;0.48;1.52;0.23;96.68797;3.04;3.41;2.6;77.7;210.59;206.97
2018-09-02;6.5;nan;nan;nan;nan;nan;nan;nan;nan;nan;nan;nan;nan
2018-09-03;6.5;0.024583;4.1279;nan;nan;nan;nan;nan;nan;nan;nan;nan;nan
2018-09-04;6.5;0.024583;4.1652;nan;nan;nan;nan;nan;nan;nan;nan;nan;nan
2018-09-05;6.5;0.024583;4.1609;nan;nan;nan;nan;nan;nan;nan;nan;nan;nan
2018-09-06;6.5;0.024583;4.146;nan;nan;nan;nan;nan;nan;nan;nan;nan;nan
2018-09-07;6.5;nan;nan;nan;nan;nan;nan;nan;nan;nan;nan;nan;nan
2018-09-08;6.5;nan;nan;nan;nan;nan;nan;nan;nan;nan;nan;nan;nan
2018-09-09;6.5;nan;nan;nan;nan;nan;nan;nan;nan;nan;nan;nan;nan
2018-09-10;6.5;0.024583;4.1007;nan;nan;nan;nan;nan;nan;nan;nan;nan;nan
2018-09-11;6.5;0.024583;4.1641;nan;nan;nan;nan;nan;nan;nan;nan;nan;nan
2018-09-12;6.5;0.024583;4.1259;nan;nan;nan;nan;nan;nan;nan;nan;nan;nan
2018-09-13;6.5;0.024583;4.1637;nan;nan;nan;nan;nan;nan;nan;nan;nan;nan
2018-09-14;6.5;0.024583;4.1879;nan;nan;nan;nan;nan;nan;nan;nan;nan;nan
2018-09-15;6.5;nan;nan;nan;nan;nan;nan;nan;nan;nan;nan;nan;nan
2018-09-16;6.5;nan;nan;nan;nan;nan;nan;nan;nan;nan;nan;nan;nan
2018-09-17;6.5;0.024583;4.1695;nan;nan;nan;nan;nan;nan;nan;nan;nan;nan
2018-09-18;6.5;0.024583;4.1369;nan;nan;nan;nan;nan;nan;nan;nan;nan;nan
2018-09-19;6.5;0.024583;4.1351;nan;nan;nan;nan;nan;nan;nan;nan;nan;nan
2018-09-20;6.5;0.024583;4.0997;nan;nan;nan;nan;nan;nan;nan;nan;nan;nan
2018-09-21;6.5;0.024583;4.0728;nan;nan;nan;nan;nan;nan;nan;nan;nan;nan
2018-09-22;6.5;nan;nan;nan;nan;nan;nan;nan;nan;nan;nan;nan;nan
2018-09-23;6.5;nan;nan;nan;nan;nan;nan;nan;nan;nan;nan;nan;nan
2018-09-24;6.5;0.024583;4.0594;nan;nan;nan;nan;nan;nan;nan;nan;nan;nan
2018-09-25;6.5;0.024583;4.1286;nan;nan;nan;nan;nan;nan;nan;nan;nan;nan
2018-09-26;6.5;0.024583;4.057;nan;nan;nan;nan;nan;nan;nan;nan;nan;nan
2018-09-27;6.5;0.024583;4.0092;nan;nan;nan;nan;nan;nan;nan;nan;nan;nan
2018-09-28;6.5;0.024583;4.0039;nan;nan;nan;nan;nan;nan;nan;nan;nan;nan
2018-09-29;6.5;nan;nan;nan;nan;nan;nan;nan;nan;nan;nan;nan;nan
2018-09-30;6.5;nan;nan;nan;nan;nan;nan;nan;nan;nan;nan;nan;nan
2018-10-01;6.5;0.02462;4.0273;0.45;0.89;0.35;97.02699;3.05;3.37;2.65;77.9;197.73;194.34
2018-10-02;6.5;0.02462;3.9505;nan;nan;nan;nan;nan;nan;nan;nan;nan;nan
2018-10-03;6.5;0.02462;3.8542;nan;nan;nan;nan;nan;nan;nan;nan;nan;nan
2018-10-04;6.5;0.02462;3.9047;nan;nan;nan;nan;nan;nan;nan;nan;nan;nan
2018-10-05;6.5;0.02462;3.8699;nan;nan;nan;nan;nan;nan;nan;nan;nan;nan
2018-10-06;6.5;nan;nan;nan;nan;nan;nan;nan;nan;nan;nan;nan;nan
2018-10-07;6.5;nan;nan;nan;nan;nan;nan;nan;nan;nan;nan;nan;nan
2018-10-08;6.5;0.02462;3.7588;nan;nan;nan;nan;nan;nan;nan;nan;nan;nan
2018-10-09;6.5;0.02462;3.7391;nan;nan;nan;nan;nan;nan;nan;nan;nan;nan
2018-10-10;6.5;0.02462;3.751;nan;nan;nan;nan;nan;nan;nan;nan;nan;nan
2018-10-11;6.5;0.02462;3.746;nan;nan;nan;nan;nan;nan;nan;nan;nan;nan
2018-10-12;6.5;nan;nan;nan;nan;nan;nan;nan;nan;nan;nan;nan;nan
2018-10-13;6.5;nan;nan;nan;nan;nan;nan;nan;nan;nan;nan;nan;nan
2018-10-14;6.5;nan;nan;nan;nan;nan;nan;nan;nan;nan;nan;nan;nan
2018-10-15;6.5;0.02462;3.7332;nan;nan;nan;nan;nan;nan;nan;nan;nan;nan
2018-10-16;6.5;0.02462;3.7079;nan;nan;nan;nan;nan;nan;nan;nan;nan;nan
2018-10-17;6.5;0.02462;3.7008;nan;nan;nan;nan;nan;nan;nan;nan;nan;nan
2018-10-18;6.5;0.02462;3.6963;nan;nan;nan;nan;nan;nan;nan;nan;nan;nan
2018-10-19;6.5;0.02462;3.7079;nan;nan;nan;nan;nan;nan;nan;nan;nan;nan
2018-10-20;6.5;nan;nan;nan;nan;nan;nan;nan;nan;nan;nan;nan;nan
2018-10-21;6.5;nan;nan;nan;nan;nan;nan;nan;nan;nan;nan;nan;nan
2018-10-22;6.5;0.02462;3.6903;nan;nan;nan;nan;nan;nan;nan;nan;nan;nan
2018-10-23;6.5;0.02462;3.708;nan;nan;nan;nan;nan;nan;nan;nan;nan;nan
2018-10-24;6.5;0.02462;3.706;nan;nan;nan;nan;nan;nan;nan;nan;nan;nan
2018-10-25;6.5;0.02462;3.7014;nan;nan;nan;nan;nan;nan;nan;nan;nan;nan
2018-10-26;6.5;0.02462;3.6753;nan;nan;nan;nan;nan;nan;nan;nan;nan;nan
2018-10-27;6.5;nan;nan;nan;nan;nan;nan;nan;nan;nan;nan;nan;nan
2018-10-28;6.5;nan;nan;nan;nan;nan;nan;nan;nan;nan;nan;nan;nan
2018-10-29;6.5;0.02462;3.6368;nan;nan;nan;nan;nan;nan;nan;nan;nan;nan
2018-10-30;6.5;0.02462;3.7019;nan;nan;nan;nan;nan;nan;nan;nan;nan;nan
2018-10-31;6.5;0.02462;3.7177;nan;nan;nan;nan;nan;nan;nan;nan;nan;nan
2018-11-01;6.5;0.02462;3.6973;-0.21;-0.49;0.13;97.17548;2.96;3.3;2.54;77.3;192.92;195.76
2018-11-02;6.5;nan;nan;nan;nan;nan;nan;nan;nan;nan;nan;nan;nan
2018-11-03;6.5;nan;nan;nan;nan;nan;nan;nan;nan;nan;nan;nan;nan
2018-11-04;6.5;nan;nan;nan;nan;nan;nan;nan;nan;nan;nan;nan;nan
2018-11-05;6.5;0.02462;3.7048;nan;nan;nan;nan;nan;nan;nan;nan;nan;nan
2018-11-06;6.5;0.02462;3.7492;nan;nan;nan;nan;nan;nan;nan;nan;nan;nan
2018-11-07;6.5;0.02462;3.7592;nan;nan;nan;nan;nan;nan;nan;nan;nan;nan
2018-11-08;6.5;0.02462;3.7391;nan;nan;nan;nan;nan;nan;nan;nan;nan;nan
2018-11-09;6.5;0.02462;3.7506;nan;nan;nan;nan;nan;nan;nan;nan;nan;nan
2018-11-10;6.5;nan;nan;nan;nan;nan;nan;nan;nan;nan;nan;nan;nan
2018-11-11;6.5;nan;nan;nan;nan;nan;nan;nan;nan;nan;nan;nan;nan
2018-11-12;6.5;0.02462;3.7478;nan;nan;nan;nan;nan;nan;nan;nan;nan;nan
2018-11-13;6.5;0.02462;3.7792;nan;nan;nan;nan;nan;nan;nan;nan;nan;nan
2018-11-14;6.5;0.02462;3.7924;nan;nan;nan;nan;nan;nan;nan;nan;nan;nan
2018-11-15;6.5;nan;nan;nan;nan;nan;nan;nan;nan;nan;nan;nan;nan
2018-11-16;6.5;0.02462;3.7525;nan;nan;nan;nan;nan;nan;nan;nan;nan;nan
2018-11-17;6.5;nan;nan;nan;nan;nan;nan;nan;nan;nan;nan;nan;nan
2018-11-18;6.5;nan;nan;nan;nan;nan;nan;nan;nan;nan;nan;nan;nan
2018-11-19;6.5;0.02462;3.7553;nan;nan;nan;nan;nan;nan;nan;nan;nan;nan
2018-11-20;6.5;0.02462;3.7591;nan;nan;nan;nan;nan;nan;nan;nan;nan;nan
2018-11-21;6.5;0.02462;3.7872;nan;nan;nan;nan;nan;nan;nan;nan;nan;nan
2018-11-22;6.5;0.02462;3.8103;nan;nan;nan;nan;nan;nan;nan;nan;nan;nan
2018-11-23;6.5;0.02462;3.8081;nan;nan;nan;nan;nan;nan;nan;nan;nan;nan
2018-11-24;6.5;nan;nan;nan;nan;nan;nan;nan;nan;nan;nan;nan;nan
2018-11-25;6.5;nan;nan;nan;nan;nan;nan;nan;nan;nan;nan;nan;nan
2018-11-26;6.5;0.02462;3.8655;nan;nan;nan;nan;nan;nan;nan;nan;nan;nan
2018-11-27;6.5;0.02462;3.8925;nan;nan;nan;nan;nan;nan;nan;nan;nan;nan
2018-11-28;6.5;0.02462;3.8631;nan;nan;nan;nan;nan;nan;nan;nan;nan;nan
2018-11-29;6.5;0.02462;3.8568;nan;nan;nan;nan;nan;nan;nan;nan;nan;nan
2018-11-30;6.5;0.02462;3.8633;nan;nan;nan;nan;nan;nan;nan;nan;nan;nan
2018-12-01;6.5;nan;nan;0.15;-1.08;0.13;97.58578;2.87;3.25;2.41;75.7;193.73;201.44
2018-12-02;6.5;nan;nan;nan;nan;nan;nan;nan;nan;nan;nan;nan;nan
2018-12-03;6.5;0.02462;3.8285;nan;nan;nan;nan;nan;nan;nan;nan;nan;nan
2018-12-04;6.5;0.02462;3.8313;nan;nan;nan;nan;nan;nan;nan;nan;nan;nan
2018-12-05;6.5;0.02462;3.8561;nan;nan;nan;nan;nan;nan;nan;nan;nan;nan
2018-12-06;6.5;0.02462;3.9178;nan;nan;nan;nan;nan;nan;nan;nan;nan;nan
2018-12-07;6.5;0.02462;3.8964;nan;nan;nan;nan;nan;nan;nan;nan;nan;nan
2018-12-08;6.5;nan;nan;nan;nan;nan;nan;nan;nan;nan;nan;nan;nan
2018-12-09;6.5;nan;nan;nan;nan;nan;nan;nan;nan;nan;nan;nan;nan
2018-12-10;6.5;0.02462;3.911;nan;nan;nan;nan;nan;nan;nan;nan;nan;nan
2018-12-11;6.5;0.02462;3.9013;nan;nan;nan;nan;nan;nan;nan;nan;nan;nan
2018-12-12;6.5;0.02462;3.8629;nan;nan;nan;nan;nan;nan;nan;nan;nan;nan
2018-12-13;6.5;0.02462;3.879;nan;nan;nan;nan;nan;nan;nan;nan;nan;nan
2018-12-14;6.5;0.02462;3.909;nan;nan;nan;nan;nan;nan;nan;nan;nan;nan
2018-12-15;6.5;nan;nan;nan;nan;nan;nan;nan;nan;nan;nan;nan;nan
2018-12-16;6.5;nan;nan;nan;nan;nan;nan;nan;nan;nan;nan;nan;nan
2018-12-17;6.5;0.02462;3.9121;nan;nan;nan;nan;nan;nan;nan;nan;nan;nan
2018-12-18;6.5;0.02462;3.8997;nan;nan;nan;nan;nan;nan;nan;nan;nan;nan
2018-12-19;6.5;0.02462;3.8907;nan;nan;nan;nan;nan;nan;nan;nan;nan;nan
2018-12-20;6.5;0.02462;3.8443;nan;nan;nan;nan;nan;nan;nan;nan;nan;nan
2018-12-21;6.5;0.02462;3.8671;nan;nan;nan;nan;nan;nan;nan;nan;nan;nan
2018-12-22;6.5;nan;nan;nan;nan;nan;nan;nan;nan;nan;nan;nan;nan
2018-12-23;6.5;nan;nan;nan;nan;nan;nan;nan;nan;nan;nan;nan;nan
2018-12-24;6.5;0.02462;3.8855;nan;nan;nan;nan;nan;nan;nan;nan;nan;nan
2018-12-25;6.5;nan;nan;nan;nan;nan;nan;nan;nan;nan;nan;nan;nan
2018-12-26;6.5;0.02462;3.9258;nan;nan;nan;nan;nan;nan;nan;nan;nan;nan
2018-12-27;6.5;0.02462;3.933;nan;nan;nan;nan;nan;nan;nan;nan;nan;nan
2018-12-28;6.5;0.02462;3.8748;nan;nan;nan;nan;nan;nan;nan;nan;nan;nan
2018-12-29;6.5;nan;nan;nan;nan;nan;nan;nan;nan;nan;nan;nan;nan
2018-12-30;6.5;nan;nan;nan;nan;nan;nan;nan;nan;nan;nan;nan;nan
2018-12-31;6.5;0.02462;3.8748;nan;nan;nan;nan;nan;nan;nan;nan;nan;nan
2019-01-01;6.5;nan;nan;0.32;0.01;0.49;97.45871;2.95;3.34;2.47;72.7;186.91;195.69
2019-01-02;6.5;0.02462;3.8595;nan;nan;nan;nan;nan;nan;nan;nan;nan;nan
2019-01-03;6.5;0.02462;3.7683;nan;nan;nan;nan;nan;nan;nan;nan;nan;nan
2019-01-04;6.5;0.02462;3.7627;nan;nan;nan;nan;nan;nan;nan;nan;nan;nan
2019-01-05;6.5;nan;nan;nan;nan;nan;nan;nan;nan;nan;nan;nan;nan
2019-01-06;6.5;nan;nan;nan;nan;nan;nan;nan;nan;nan;nan;nan;nan
2019-01-07;6.5;0.02462;3.7062;nan;nan;nan;nan;nan;nan;nan;nan;nan;nan
2019-01-08;6.5;0.02462;3.7208;nan;nan;nan;nan;nan;nan;nan;nan;nan;nan
2019-01-09;6.5;0.02462;3.6931;nan;nan;nan;nan;nan;nan;nan;nan;nan;nan
2019-01-10;6.5;0.02462;3.6869;nan;nan;nan;nan;nan;nan;nan;nan;nan;nan
2019-01-11;6.5;0.02462;3.7141;nan;nan;nan;nan;nan;nan;nan;nan;nan;nan
2019-01-12;6.5;nan;nan;nan;nan;nan;nan;nan;nan;nan;nan;nan;nan
2019-01-13;6.5;nan;nan;nan;nan;nan;nan;nan;nan;nan;nan;nan;nan
2019-01-14;6.5;0.02462;3.726;nan;nan;nan;nan;nan;nan;nan;nan;nan;nan
2019-01-15;6.5;0.02462;3.7049;nan;nan;nan;nan;nan;nan;nan;nan;nan;nan
2019-01-16;6.5;0.02462;3.7197;nan;nan;nan;nan;nan;nan;nan;nan;nan;nan
2019-01-17;6.5;0.02462;3.7591;nan;nan;nan;nan;nan;nan;nan;nan;nan;nan
2019-01-18;6.5;0.02462;3.7486;nan;nan;nan;nan;nan;nan;nan;nan;nan;nan
2019-01-19;6.5;nan;nan;nan;nan;nan;nan;nan;nan;nan;nan;nan;nan
2019-01-20;6.5;nan;nan;nan;nan;nan;nan;nan;nan;nan;nan;nan;nan
2019-01-21;6.5;0.02462;3.7705;nan;nan;nan;nan;nan;nan;nan;nan;nan;nan
2019-01-22;6.5;0.02462;3.7615;nan;nan;nan;nan;nan;nan;nan;nan;nan;nan
2019-01-23;6.5;0.02462;3.7994;nan;nan;nan;nan;nan;nan;nan;nan;nan;nan
2019-01-24;6.5;0.02462;3.7815;nan;nan;nan;nan;nan;nan;nan;nan;nan;nan
2019-01-25;6.5;0.02462;3.7626;nan;nan;nan;nan;nan;nan;nan;nan;nan;nan
2019-01-26;6.5;nan;nan;nan;nan;nan;nan;nan;nan;nan;nan;nan;nan
2019-01-27;6.5;nan;nan;nan;nan;nan;nan;nan;nan;nan;nan;nan;nan
2019-01-28;6.5;0.02462;3.7676;nan;nan;nan;nan;nan;nan;nan;nan;nan;nan
2019-01-29;6.5;0.02462;3.737;nan;nan;nan;nan;nan;nan;nan;nan;nan;nan
2019-01-30;6.5;0.02462;3.7151;nan;nan;nan;nan;nan;nan;nan;nan;nan;nan
2019-01-31;6.5;0.02462;3.6519;nan;nan;nan;nan;nan;nan;nan;nan;nan;nan
2019-02-01;6.5;0.02462;3.6694;0.43;0.88;0.09;96.71309;2.91;3.3;2.4;74.1;187.38;194.25
2019-02-02;6.5;nan;nan;nan;nan;nan;nan;nan;nan;nan;nan;nan;nan
2019-02-03;6.5;nan;nan;nan;nan;nan;nan;nan;nan;nan;nan;nan;nan
2019-02-04;6.5;0.02462;3.6756;nan;nan;nan;nan;nan;nan;nan;nan;nan;nan
2019-02-05;6.5;0.02462;3.6741;nan;nan;nan;nan;nan;nan;nan;nan;nan;nan
2019-02-06;6.5;0.02462;3.7019;nan;nan;nan;nan;nan;nan;nan;nan;nan;nan
2019-02-07;6.5;0.02462;3.7193;nan;nan;nan;nan;nan;nan;nan;nan;nan;nan
2019-02-08;6.5;0.02462;3.7184;nan;nan;nan;nan;nan;nan;nan;nan;nan;nan
2019-02-09;6.5;nan;nan;nan;nan;nan;nan;nan;nan;nan;nan;nan;nan
2019-02-10;6.5;nan;nan;nan;nan;nan;nan;nan;nan;nan;nan;nan;nan
2019-02-11;6.5;0.02462;3.7391;nan;nan;nan;nan;nan;nan;nan;nan;nan;nan
2019-02-12;6.5;0.02462;3.7296;nan;nan;nan;nan;nan;nan;nan;nan;nan;nan
2019-02-13;6.5;0.02462;3.7277;nan;nan;nan;nan;nan;nan;nan;nan;nan;nan
2019-02-14;6.5;0.02462;3.7756;nan;nan;nan;nan;nan;nan;nan;nan;nan;nan
2019-02-15;6.5;0.02462;3.7155;nan;nan;nan;nan;nan;nan;nan;nan;nan;nan
2019-02-16;6.5;nan;nan;nan;nan;nan;nan;nan;nan;nan;nan;nan;nan
2019-02-17;6.5;nan;nan;nan;nan;nan;nan;nan;nan;nan;nan;nan;nan
2019-02-18;6.5;0.02462;3.7316;nan;nan;nan;nan;nan;nan;nan;nan;nan;nan
2019-02-19;6.5;0.02462;3.7206;nan;nan;nan;nan;nan;nan;nan;nan;nan;nan
2019-02-20;6.5;0.02462;3.71;nan;nan;nan;nan;nan;nan;nan;nan;nan;nan
2019-02-21;6.5;0.02462;3.7595;nan;nan;nan;nan;nan;nan;nan;nan;nan;nan
2019-02-22;6.5;0.02462;3.743;nan;nan;nan;nan;nan;nan;nan;nan;nan;nan
2019-02-23;6.5;nan;nan;nan;nan;nan;nan;nan;nan;nan;nan;nan;nan
2019-02-24;6.5;nan;nan;nan;nan;nan;nan;nan;nan;nan;nan;nan;nan
2019-02-25;6.5;0.02462;3.7285;nan;nan;nan;nan;nan;nan;nan;nan;nan;nan
2019-02-26;6.5;0.02462;3.7595;nan;nan;nan;nan;nan;nan;nan;nan;nan;nan
2019-02-27;6.5;0.02462;3.7351;nan;nan;nan;nan;nan;nan;nan;nan;nan;nan
2019-02-28;6.5;0.02462;3.7385;nan;nan;nan;nan;nan;nan;nan;nan;nan;nan
2019-03-01;6.5;0.02462;3.7832;0.75;1.26;0.31;96.15558;2.99;3.36;2.51;73.6;192.19;196.56
2019-03-02;6.5;nan;nan;nan;nan;nan;nan;nan;nan;nan;nan;nan;nan
2019-03-03;6.5;nan;nan;nan;nan;nan;nan;nan;nan;nan;nan;nan;nan
2019-03-04;6.5;nan;nan;nan;nan;nan;nan;nan;nan;nan;nan;nan;nan
2019-03-05;6.5;nan;nan;nan;nan;nan;nan;nan;nan;nan;nan;nan;nan
2019-03-06;6.5;0.02462;3.8303;nan;nan;nan;nan;nan;nan;nan;nan;nan;nan
2019-03-07;6.5;0.02462;3.8487;nan;nan;nan;nan;nan;nan;nan;nan;nan;nan
2019-03-08;6.5;0.02462;3.8678;nan;nan;nan;nan;nan;nan;nan;nan;nan;nan
2019-03-09;6.5;nan;nan;nan;nan;nan;nan;nan;nan;nan;nan;nan;nan
2019-03-10;6.5;nan;nan;nan;nan;nan;nan;nan;nan;nan;nan;nan;nan
2019-03-11;6.5;0.02462;3.8461;nan;nan;nan;nan;nan;nan;nan;nan;nan;nan
2019-03-12;6.5;0.02462;3.8129;nan;nan;nan;nan;nan;nan;nan;nan;nan;nan
2019-03-13;6.5;0.02462;3.8265;nan;nan;nan;nan;nan;nan;nan;nan;nan;nan
2019-03-14;6.5;0.02462;3.8327;nan;nan;nan;nan;nan;nan;nan;nan;nan;nan
2019-03-15;6.5;0.02462;3.8344;nan;nan;nan;nan;nan;nan;nan;nan;nan;nan
2019-03-16;6.5;nan;nan;nan;nan;nan;nan;nan;nan;nan;nan;nan;nan
2019-03-17;6.5;nan;nan;nan;nan;nan;nan;nan;nan;nan;nan;nan;nan
2019-03-18;6.5;0.02462;3.8111;nan;nan;nan;nan;nan;nan;nan;nan;nan;nan
2019-03-19;6.5;0.02462;3.7762;nan;nan;nan;nan;nan;nan;nan;nan;nan;nan
2019-03-20;6.5;0.02462;3.7897;nan;nan;nan;nan;nan;nan;nan;nan;nan;nan
2019-03-21;6.5;0.02462;3.7967;nan;nan;nan;nan;nan;nan;nan;nan;nan;nan
2019-03-22;6.5;0.02462;3.8815;nan;nan;nan;nan;nan;nan;nan;nan;nan;nan
2019-03-23;6.5;nan;nan;nan;nan;nan;nan;nan;nan;nan;nan;nan;nan
2019-03-24;6.5;nan;nan;nan;nan;nan;nan;nan;nan;nan;nan;nan;nan
2019-03-25;6.5;0.02462;3.877;nan;nan;nan;nan;nan;nan;nan;nan;nan;nan
2019-03-26;6.5;0.02462;3.8646;nan;nan;nan;nan;nan;nan;nan;nan;nan;nan
2019-03-27;6.5;0.02462;3.9389;nan;nan;nan;nan;nan;nan;nan;nan;nan;nan
2019-03-28;6.5;0.02462;3.9682;nan;nan;nan;nan;nan;nan;nan;nan;nan;nan
2019-03-29;6.5;0.02462;3.8967;nan;nan;nan;nan;nan;nan;nan;nan;nan;nan
2019-03-30;6.5;nan;nan;nan;nan;nan;nan;nan;nan;nan;nan;nan;nan
2019-03-31;6.5;nan;nan;nan;nan;nan;nan;nan;nan;nan;nan;nan;nan
2019-04-01;6.5;0.02462;3.8682;0.57;0.92;0.38;96.23871;3.02;3.36;2.58;73.5;195.13;198.98
2019-04-02;6.5;0.02462;3.8661;nan;nan;nan;nan;nan;nan;nan;nan;nan;nan
2019-04-03;6.5;0.02462;3.8436;nan;nan;nan;nan;nan;nan;nan;nan;nan;nan
2019-04-04;6.5;0.02462;3.8713;nan;nan;nan;nan;nan;nan;nan;nan;nan;nan
2019-04-05;6.5;0.02462;3.8622;nan;nan;nan;nan;nan;nan;nan;nan;nan;nan
2019-04-06;6.5;nan;nan;nan;nan;nan;nan;nan;nan;nan;nan;nan;nan
2019-04-07;6.5;nan;nan;nan;nan;nan;nan;nan;nan;nan;nan;nan;nan
2019-04-08;6.5;0.02462;3.8658;nan;nan;nan;nan;nan;nan;nan;nan;nan;nan
2019-04-09;6.5;0.02462;3.8563;nan;nan;nan;nan;nan;nan;nan;nan;nan;nan
2019-04-10;6.5;0.02462;3.8345;nan;nan;nan;nan;nan;nan;nan;nan;nan;nan
2019-04-11;6.5;0.02462;3.8399;nan;nan;nan;nan;nan;nan;nan;nan;nan;nan
2019-04-12;6.5;0.02462;3.8685;nan;nan;nan;nan;nan;nan;nan;nan;nan;nan
2019-04-13;6.5;nan;nan;nan;nan;nan;nan;nan;nan;nan;nan;nan;nan
2019-04-14;6.5;nan;nan;nan;nan;nan;nan;nan;nan;nan;nan;nan;nan
2019-04-15;6.5;0.02462;3.873;nan;nan;nan;nan;nan;nan;nan;nan;nan;nan
2019-04-16;6.5;0.02462;3.8913;nan;nan;nan;nan;nan;nan;nan;nan;nan;nan
2019-04-17;6.5;0.02462;3.9225;nan;nan;nan;nan;nan;nan;nan;nan;nan;nan
2019-04-18;6.5;0.02462;3.937;nan;nan;nan;nan;nan;nan;nan;nan;nan;nan
2019-04-19;6.5;nan;nan;nan;nan;nan;nan;nan;nan;nan;nan;nan;nan
2019-04-20;6.5;nan;nan;nan;nan;nan;nan;nan;nan;nan;nan;nan;nan
2019-04-21;6.5;nan;nan;nan;nan;nan;nan;nan;nan;nan;nan;nan;nan
2019-04-22;6.5;0.02462;3.923;nan;nan;nan;nan;nan;nan;nan;nan;nan;nan
2019-04-23;6.5;0.02462;3.9436;nan;nan;nan;nan;nan;nan;nan;nan;nan;nan
2019-04-24;6.5;0.02462;3.963;nan;nan;nan;nan;nan;nan;nan;nan;nan;nan
2019-04-25;6.5;0.02462;3.9725;nan;nan;nan;nan;nan;nan;nan;nan;nan;nan
2019-04-26;6.5;0.02462;3.9353;nan;nan;nan;nan;nan;nan;nan;nan;nan;nan
2019-04-27;6.5;nan;nan;nan;nan;nan;nan;nan;nan;nan;nan;nan;nan
2019-04-28;6.5;nan;nan;nan;nan;nan;nan;nan;nan;nan;nan;nan;nan
2019-04-29;6.5;0.02462;3.9364;nan;nan;nan;nan;nan;nan;nan;nan;nan;nan
2019-04-30;6.5;0.02462;3.9453;nan;nan;nan;nan;nan;nan;nan;nan;nan;nan
2019-05-01;6.5;nan;nan;0.13;0.45;0.03;97.54582;3.05;3.41;2.59;74.8;191.27;193.74
2019-05-02;6.5;0.02462;3.965;nan;nan;nan;nan;nan;nan;nan;nan;nan;nan
2019-05-03;6.5;0.02462;3.9388;nan;nan;nan;nan;nan;nan;nan;nan;nan;nan
2019-05-04;6.5;nan;nan;nan;nan;nan;nan;nan;nan;nan;nan;nan;nan
2019-05-05;6.5;nan;nan;nan;nan;nan;nan;nan;nan;nan;nan;nan;nan
2019-05-06;6.5;0.02462;3.9624;nan;nan;nan;nan;nan;nan;nan;nan;nan;nan
2019-05-07;6.5;0.02462;3.988;nan;nan;nan;nan;nan;nan;nan;nan;nan;nan
2019-05-08;6.5;0.02462;3.9344;nan;nan;nan;nan;nan;nan;nan;nan;nan;nan
2019-05-09;6.5;0.02462;3.9673;nan;nan;nan;nan;nan;nan;nan;nan;nan;nan
2019-05-10;6.5;0.02462;3.9578;nan;nan;nan;nan;nan;nan;nan;nan;nan;nan
2019-05-11;6.5;nan;nan;nan;nan;nan;nan;nan;nan;nan;nan;nan;nan
2019-05-12;6.5;nan;nan;nan;nan;nan;nan;nan;nan;nan;nan;nan;nan
2019-05-13;6.5;0.02462;3.989;nan;nan;nan;nan;nan;nan;nan;nan;nan;nan
2019-05-14;6.5;0.02462;3.9788;nan;nan;nan;nan;nan;nan;nan;nan;nan;nan
2019-05-15;6.5;0.02462;4.0031;nan;nan;nan;nan;nan;nan;nan;nan;nan;nan
2019-05-16;6.5;0.02462;4.0138;nan;nan;nan;nan;nan;nan;nan;nan;nan;nan
2019-05-17;6.5;0.02462;4.0844;nan;nan;nan;nan;nan;nan;nan;nan;nan;nan
2019-05-18;6.5;nan;nan;nan;nan;nan;nan;nan;nan;nan;nan;nan;nan
2019-05-19;6.5;nan;nan;nan;nan;nan;nan;nan;nan;nan;nan;nan;nan
2019-05-20;6.5;0.02462;4.1056;nan;nan;nan;nan;nan;nan;nan;nan;nan;nan
2019-05-21;6.5;0.02462;4.081;nan;nan;nan;nan;nan;nan;nan;nan;nan;nan
2019-05-22;6.5;0.02462;4.0228;nan;nan;nan;nan;nan;nan;nan;nan;nan;nan
2019-05-23;6.5;0.02462;4.0513;nan;nan;nan;nan;nan;nan;nan;nan;nan;nan
2019-05-24;6.5;0.02462;4.0322;nan;nan;nan;nan;nan;nan;nan;nan;nan;nan
2019-05-25;6.5;nan;nan;nan;nan;nan;nan;nan;nan;nan;nan;nan;nan
2019-05-26;6.5;nan;nan;nan;nan;nan;nan;nan;nan;nan;nan;nan;nan
2019-05-27;6.5;0.02462;4.021;nan;nan;nan;nan;nan;nan;nan;nan;nan;nan
2019-05-28;6.5;0.02462;4.0275;nan;nan;nan;nan;nan;nan;nan;nan;nan;nan
2019-05-29;6.5;0.02462;3.9965;nan;nan;nan;nan;nan;nan;nan;nan;nan;nan
2019-05-30;6.5;0.02462;3.972;nan;nan;nan;nan;nan;nan;nan;nan;nan;nan
2019-05-31;6.5;0.02462;3.9407;nan;nan;nan;nan;nan;nan;nan;nan;nan;nan
2019-06-01;6.5;nan;nan;0.01;0.8;0.88;96.96577;2.95;3.35;2.42;74.5;181.86;189.84
2019-06-02;6.5;nan;nan;nan;nan;nan;nan;nan;nan;nan;nan;nan;nan
2019-06-03;6.5;0.02462;3.9003;nan;nan;nan;nan;nan;nan;nan;nan;nan;nan
2019-06-04;6.5;0.02462;3.871;nan;nan;nan;nan;nan;nan;nan;nan;nan;nan
2019-06-05;6.5;0.02462;3.8611;nan;nan;nan;nan;nan;nan;nan;nan;nan;nan
2019-06-06;6.5;0.02462;3.8726;nan;nan;nan;nan;nan;nan;nan;nan;nan;nan
2019-06-07;6.5;0.02462;3.8571;nan;nan;nan;nan;nan;nan;nan;nan;nan;nan
2019-06-08;6.5;nan;nan;nan;nan;nan;nan;nan;nan;nan;nan;nan;nan
2019-06-09;6.5;nan;nan;nan;nan;nan;nan;nan;nan;nan;nan;nan;nan
2019-06-10;6.5;0.02462;3.879;nan;nan;nan;nan;nan;nan;nan;nan;nan;nan
2019-06-11;6.5;0.02462;3.8664;nan;nan;nan;nan;nan;nan;nan;nan;nan;nan
2019-06-12;6.5;0.02462;3.8437;nan;nan;nan;nan;nan;nan;nan;nan;nan;nan
2019-06-13;6.5;0.02462;3.8429;nan;nan;nan;nan;nan;nan;nan;nan;nan;nan
2019-06-14;6.5;0.02462;3.8813;nan;nan;nan;nan;nan;nan;nan;nan;nan;nan
2019-06-15;6.5;nan;nan;nan;nan;nan;nan;nan;nan;nan;nan;nan;nan
2019-06-16;6.5;nan;nan;nan;nan;nan;nan;nan;nan;nan;nan;nan;nan
2019-06-17;6.5;0.02462;3.8895;nan;nan;nan;nan;nan;nan;nan;nan;nan;nan
2019-06-18;6.5;0.02462;3.8608;nan;nan;nan;nan;nan;nan;nan;nan;nan;nan
2019-06-19;6.5;0.02462;3.8723;nan;nan;nan;nan;nan;nan;nan;nan;nan;nan
2019-06-20;6.5;nan;nan;nan;nan;nan;nan;nan;nan;nan;nan;nan;nan
2019-06-21;6.5;0.02462;3.8255;nan;nan;nan;nan;nan;nan;nan;nan;nan;nan
2019-06-22;6.5;nan;nan;nan;nan;nan;nan;nan;nan;nan;nan;nan;nan
2019-06-23;6.5;nan;nan;nan;nan;nan;nan;nan;nan;nan;nan;nan;nan
2019-06-24;6.5;0.02462;3.8234;nan;nan;nan;nan;nan;nan;nan;nan;nan;nan
2019-06-25;6.5;0.02462;3.8303;nan;nan;nan;nan;nan;nan;nan;nan;nan;nan
2019-06-26;6.5;0.02462;3.8441;nan;nan;nan;nan;nan;nan;nan;nan;nan;nan
2019-06-27;6.5;0.02462;3.8642;nan;nan;nan;nan;nan;nan;nan;nan;nan;nan
2019-06-28;6.5;0.02462;3.8322;nan;nan;nan;nan;nan;nan;nan;nan;nan;nan
2019-06-29;6.5;nan;nan;nan;nan;nan;nan;nan;nan;nan;nan;nan;nan
2019-06-30;6.5;nan;nan;nan;nan;nan;nan;nan;nan;nan;nan;nan;nan
2019-07-01;6.5;0.02462;3.8193;0.19;0.4;0.58;96.69515;3.06;3.44;2.54;74.9;180.49;187.91
2019-07-02;6.5;0.02462;3.8564;nan;nan;nan;nan;nan;nan;nan;nan;nan;nan
2019-07-03;6.5;0.02462;3.8475;nan;nan;nan;nan;nan;nan;nan;nan;nan;nan
2019-07-04;6.5;0.02462;3.794;nan;nan;nan;nan;nan;nan;nan;nan;nan;nan
2019-07-05;6.5;0.02462;3.8204;nan;nan;nan;nan;nan;nan;nan;nan;nan;nan
2019-07-06;6.5;nan;nan;nan;nan;nan;nan;nan;nan;nan;nan;nan;nan
2019-07-07;6.5;nan;nan;nan;nan;nan;nan;nan;nan;nan;nan;nan;nan
2019-07-08;6.5;0.02462;3.8065;nan;nan;nan;nan;nan;nan;nan;nan;nan;nan
2019-07-09;6.5;0.02462;3.7858;nan;nan;nan;nan;nan;nan;nan;nan;nan;nan
2019-07-10;6.5;0.02462;3.7697;nan;nan;nan;nan;nan;nan;nan;nan;nan;nan
2019-07-11;6.5;0.02462;3.7533;nan;nan;nan;nan;nan;nan;nan;nan;nan;nan
2019-07-12;6.5;0.02462;3.7452;nan;nan;nan;nan;nan;nan;nan;nan;nan;nan
2019-07-13;6.5;nan;nan;nan;nan;nan;nan;nan;nan;nan;nan;nan;nan
2019-07-14;6.5;nan;nan;nan;nan;nan;nan;nan;nan;nan;nan;nan;nan
2019-07-15;6.5;0.02462;3.7463;nan;nan;nan;nan;nan;nan;nan;nan;nan;nan
2019-07-16;6.5;0.02462;3.7624;nan;nan;nan;nan;nan;nan;nan;nan;nan;nan
2019-07-17;6.5;0.02462;3.7618;nan;nan;nan;nan;nan;nan;nan;nan;nan;nan
2019-07-18;6.5;0.02462;3.7489;nan;nan;nan;nan;nan;nan;nan;nan;nan;nan
2019-07-19;6.5;0.02462;3.7408;nan;nan;nan;nan;nan;nan;nan;nan;nan;nan
2019-07-20;6.5;nan;nan;nan;nan;nan;nan;nan;nan;nan;nan;nan;nan
2019-07-21;6.5;nan;nan;nan;nan;nan;nan;nan;nan;nan;nan;nan;nan
2019-07-22;6.5;0.02462;3.74;nan;nan;nan;nan;nan;nan;nan;nan;nan;nan
2019-07-23;6.5;0.02462;3.7621;nan;nan;nan;nan;nan;nan;nan;nan;nan;nan
2019-07-24;6.5;0.02462;3.7596;nan;nan;nan;nan;nan;nan;nan;nan;nan;nan
2019-07-25;6.5;0.02462;3.7849;nan;nan;nan;nan;nan;nan;nan;nan;nan;nan
2019-07-26;6.5;0.02462;3.7741;nan;nan;nan;nan;nan;nan;nan;nan;nan;nan
2019-07-27;6.5;nan;nan;nan;nan;nan;nan;nan;nan;nan;nan;nan;nan
2019-07-28;6.5;nan;nan;nan;nan;nan;nan;nan;nan;nan;nan;nan;nan
2019-07-29;6.5;0.02462;3.7909;nan;nan;nan;nan;nan;nan;nan;nan;nan;nan
2019-07-30;6.5;0.02462;3.79;nan;nan;nan;nan;nan;nan;nan;nan;nan;nan
2019-07-31;6.5;0.02462;3.7649;nan;nan;nan;nan;nan;nan;nan;nan;nan;nan
2019-08-01;6.0;0.022751;3.8296;0.11;-0.67;0.42;96.95174;3.04;3.48;2.44;75.9;180.99;187.31
2019-08-02;6.0;0.022751;3.8739;nan;nan;nan;nan;nan;nan;nan;nan;nan;nan
2019-08-03;6.0;nan;nan;nan;nan;nan;nan;nan;nan;nan;nan;nan;nan
2019-08-04;6.0;nan;nan;nan;nan;nan;nan;nan;nan;nan;nan;nan;nan
2019-08-05;6.0;0.022751;3.9404;nan;nan;nan;nan;nan;nan;nan;nan;nan;nan
2019-08-06;6.0;0.022751;3.9643;nan;nan;nan;nan;nan;nan;nan;nan;nan;nan
2019-08-07;6.0;0.022751;3.985;nan;nan;nan;nan;nan;nan;nan;nan;nan;nan
2019-08-08;6.0;0.022751;3.9409;nan;nan;nan;nan;nan;nan;nan;nan;nan;nan
2019-08-09;6.0;0.022751;3.9362;nan;nan;nan;nan;nan;nan;nan;nan;nan;nan
2019-08-10;6.0;nan;nan;nan;nan;nan;nan;nan;nan;nan;nan;nan;nan
2019-08-11;6.0;nan;nan;nan;nan;nan;nan;nan;nan;nan;nan;nan;nan
2019-08-12;6.0;0.022751;3.9966;nan;nan;nan;nan;nan;nan;nan;nan;nan;nan
2019-08-13;6.0;0.022751;3.9736;nan;nan;nan;nan;nan;nan;nan;nan;nan;nan
2019-08-14;6.0;0.022751;4.0074;nan;nan;nan;nan;nan;nan;nan;nan;nan;nan
2019-08-15;6.0;0.022751;4.0188;nan;nan;nan;nan;nan;nan;nan;nan;nan;nan
2019-08-16;6.0;0.022751;3.9933;nan;nan;nan;nan;nan;nan;nan;nan;nan;nan
2019-08-17;6.0;nan;nan;nan;nan;nan;nan;nan;nan;nan;nan;nan;nan
2019-08-18;6.0;nan;nan;nan;nan;nan;nan;nan;nan;nan;nan;nan;nan
2019-08-19;6.0;0.022751;4.0274;nan;nan;nan;nan;nan;nan;nan;nan;nan;nan
2019-08-20;6.0;0.022751;4.0425;nan;nan;nan;nan;nan;nan;nan;nan;nan;nan
2019-08-21;6.0;0.022751;4.0254;nan;nan;nan;nan;nan;nan;nan;nan;nan;nan
2019-08-22;6.0;0.022751;4.0444;nan;nan;nan;nan;nan;nan;nan;nan;nan;nan
2019-08-23;6.0;0.022751;4.0851;nan;nan;nan;nan;nan;nan;nan;nan;nan;nan
2019-08-24;6.0;nan;nan;nan;nan;nan;nan;nan;nan;nan;nan;nan;nan
2019-08-25;6.0;nan;nan;nan;nan;nan;nan;nan;nan;nan;nan;nan;nan
2019-08-26;6.0;0.022751;4.1367;nan;nan;nan;nan;nan;nan;nan;nan;nan;nan
2019-08-27;6.0;0.022751;4.1557;nan;nan;nan;nan;nan;nan;nan;nan;nan;nan
2019-08-28;6.0;0.022751;4.1559;nan;nan;nan;nan;nan;nan;nan;nan;nan;nan
2019-08-29;6.0;0.022751;4.168;nan;nan;nan;nan;nan;nan;nan;nan;nan;nan
2019-08-30;6.0;0.022751;4.1385;nan;nan;nan;nan;nan;nan;nan;nan;nan;nan
2019-08-31;6.0;nan;nan;nan;nan;nan;nan;nan;nan;nan;nan;nan;nan
2019-09-01;6.0;nan;nan;-0.04;-0.01;0.46;97.3139;3.06;3.54;2.39;76.5;190.45;194.95
2019-09-02;6.0;0.022751;4.1581;nan;nan;nan;nan;nan;nan;nan;nan;nan;nan
2019-09-03;6.0;0.022751;4.1657;nan;nan;nan;nan;nan;nan;nan;nan;nan;nan
2019-09-04;6.0;0.022751;4.1249;nan;nan;nan;nan;nan;nan;nan;nan;nan;nan
2019-09-05;6.0;0.022751;4.0859;nan;nan;nan;nan;nan;nan;nan;nan;nan;nan
2019-09-06;6.0;0.022751;4.065;nan;nan;nan;nan;nan;nan;nan;nan;nan;nan
2019-09-07;6.0;nan;nan;nan;nan;nan;nan;nan;nan;nan;nan;nan;nan
2019-09-08;6.0;nan;nan;nan;nan;nan;nan;nan;nan;nan;nan;nan;nan
2019-09-09;6.0;0.022751;4.0766;nan;nan;nan;nan;nan;nan;nan;nan;nan;nan
2019-09-10;6.0;0.022751;4.1108;nan;nan;nan;nan;nan;nan;nan;nan;nan;nan
2019-09-11;6.0;0.022751;4.0631;nan;nan;nan;nan;nan;nan;nan;nan;nan;nan
2019-09-12;6.0;0.022751;4.0494;nan;nan;nan;nan;nan;nan;nan;nan;nan;nan
2019-09-13;6.0;0.022751;4.0616;nan;nan;nan;nan;nan;nan;nan;nan;nan;nan
2019-09-14;6.0;nan;nan;nan;nan;nan;nan;nan;nan;nan;nan;nan;nan
2019-09-15;6.0;nan;nan;nan;nan;nan;nan;nan;nan;nan;nan;nan;nan
2019-09-16;6.0;0.022751;4.0872;nan;nan;nan;nan;nan;nan;nan;nan;nan;nan
2019-09-17;6.0;0.022751;4.0998;nan;nan;nan;nan;nan;nan;nan;nan;nan;nan
2019-09-18;6.0;0.022751;4.0972;nan;nan;nan;nan;nan;nan;nan;nan;nan;nan
2019-09-19;5.5;0.020872;4.1393;nan;nan;nan;nan;nan;nan;nan;nan;nan;nan
2019-09-20;5.5;0.020872;4.1687;nan;nan;nan;nan;nan;nan;nan;nan;nan;nan
2019-09-21;5.5;nan;nan;nan;nan;nan;nan;nan;nan;nan;nan;nan;nan
2019-09-22;5.5;nan;nan;nan;nan;nan;nan;nan;nan;nan;nan;nan;nan
2019-09-23;5.5;0.020872;4.1734;nan;nan;nan;nan;nan;nan;nan;nan;nan;nan
2019-09-24;5.5;0.020872;4.1721;nan;nan;nan;nan;nan;nan;nan;nan;nan;nan
2019-09-25;5.5;0.020872;4.1827;nan;nan;nan;nan;nan;nan;nan;nan;nan;nan
2019-09-26;5.5;0.020872;4.1469;nan;nan;nan;nan;nan;nan;nan;nan;nan;nan
2019-09-27;5.5;0.020872;4.1587;nan;nan;nan;nan;nan;nan;nan;nan;nan;nan
2019-09-28;5.5;nan;nan;nan;nan;nan;nan;nan;nan;nan;nan;nan;nan
2019-09-29;5.5;nan;nan;nan;nan;nan;nan;nan;nan;nan;nan;nan;nan
2019-09-30;5.5;0.020872;4.1644;nan;nan;nan;nan;nan;nan;nan;nan;nan;nan
2019-10-01;5.5;0.020872;4.174;0.1;0.68;0.18;98.50366;3.03;3.53;2.35;77.5;194.65;204.22
2019-10-02;5.5;0.020872;4.1546;nan;nan;nan;nan;nan;nan;nan;nan;nan;nan
2019-10-03;5.5;0.020872;4.1012;nan;nan;nan;nan;nan;nan;nan;nan;nan;nan
2019-10-04;5.5;0.020872;4.061;nan;nan;nan;nan;nan;nan;nan;nan;nan;nan
2019-10-05;5.5;nan;nan;nan;nan;nan;nan;nan;nan;nan;nan;nan;nan
2019-10-06;5.5;nan;nan;nan;nan;nan;nan;nan;nan;nan;nan;nan;nan
2019-10-07;5.5;0.020872;4.0688;nan;nan;nan;nan;nan;nan;nan;nan;nan;nan
2019-10-08;5.5;0.020872;4.0868;nan;nan;nan;nan;nan;nan;nan;nan;nan;nan
2019-10-09;5.5;0.020872;4.0954;nan;nan;nan;nan;nan;nan;nan;nan;nan;nan
2019-10-10;5.5;0.020872;4.1145;nan;nan;nan;nan;nan;nan;nan;nan;nan;nan
2019-10-11;5.5;0.020872;4.106;nan;nan;nan;nan;nan;nan;nan;nan;nan;nan
2019-10-12;5.5;nan;nan;nan;nan;nan;nan;nan;nan;nan;nan;nan;nan
2019-10-13;5.5;nan;nan;nan;nan;nan;nan;nan;nan;nan;nan;nan;nan
2019-10-14;5.5;0.020872;4.1263;nan;nan;nan;nan;nan;nan;nan;nan;nan;nan
2019-10-15;5.5;0.020872;4.1488;nan;nan;nan;nan;nan;nan;nan;nan;nan;nan
2019-10-16;5.5;0.020872;4.1714;nan;nan;nan;nan;nan;nan;nan;nan;nan;nan
2019-10-17;5.5;0.020872;4.1457;nan;nan;nan;nan;nan;nan;nan;nan;nan;nan
2019-10-18;5.5;0.020872;4.1376;nan;nan;nan;nan;nan;nan;nan;nan;nan;nan
2019-10-19;5.5;nan;nan;nan;nan;nan;nan;nan;nan;nan;nan;nan;nan
2019-10-20;5.5;nan;nan;nan;nan;nan;nan;nan;nan;nan;nan;nan;nan
2019-10-21;5.5;0.020872;4.1319;nan;nan;nan;nan;nan;nan;nan;nan;nan;nan
2019-10-22;5.5;0.020872;4.0858;nan;nan;nan;nan;nan;nan;nan;nan;nan;nan
2019-10-23;5.5;0.020872;4.0721;nan;nan;nan;nan;nan;nan;nan;nan;nan;nan
2019-10-24;5.5;0.020872;4.0089;nan;nan;nan;nan;nan;nan;nan;nan;nan;nan
2019-10-25;5.5;0.020872;4.0133;nan;nan;nan;nan;nan;nan;nan;nan;nan;nan
2019-10-26;5.5;nan;nan;nan;nan;nan;nan;nan;nan;nan;nan;nan;nan
2019-10-27;5.5;nan;nan;nan;nan;nan;nan;nan;nan;nan;nan;nan;nan
2019-10-28;5.5;0.020872;3.9793;nan;nan;nan;nan;nan;nan;nan;nan;nan;nan
2019-10-29;5.5;0.020872;3.9946;nan;nan;nan;nan;nan;nan;nan;nan;nan;nan
2019-10-30;5.5;0.020872;4.0186;nan;nan;nan;nan;nan;nan;nan;nan;nan;nan
2019-10-31;5.0;0.018985;4.0041;nan;nan;nan;nan;nan;nan;nan;nan;nan;nan
2019-11-01;5.0;0.018985;3.9786;0.51;0.3;0.04;98.08478;3.0;3.54;2.27;77.3;204.27;216.67
2019-11-02;5.0;nan;nan;nan;nan;nan;nan;nan;nan;nan;nan;nan;nan
2019-11-03;5.0;nan;nan;nan;nan;nan;nan;nan;nan;nan;nan;nan;nan
2019-11-04;5.0;0.018985;3.9922;nan;nan;nan;nan;nan;nan;nan;nan;nan;nan
2019-11-05;5.0;0.018985;4.0043;nan;nan;nan;nan;nan;nan;nan;nan;nan;nan
2019-11-06;5.0;0.018985;4.0351;nan;nan;nan;nan;nan;nan;nan;nan;nan;nan
2019-11-07;5.0;0.018985;4.0927;nan;nan;nan;nan;nan;nan;nan;nan;nan;nan
2019-11-08;5.0;0.018985;4.1365;nan;nan;nan;nan;nan;nan;nan;nan;nan;nan
2019-11-09;5.0;nan;nan;nan;nan;nan;nan;nan;nan;nan;nan;nan;nan
2019-11-10;5.0;nan;nan;nan;nan;nan;nan;nan;nan;nan;nan;nan;nan
2019-11-11;5.0;0.018985;4.1559;nan;nan;nan;nan;nan;nan;nan;nan;nan;nan
2019-11-12;5.0;0.018985;4.1756;nan;nan;nan;nan;nan;nan;nan;nan;nan;nan
2019-11-13;5.0;0.018985;4.1767;nan;nan;nan;nan;nan;nan;nan;nan;nan;nan
2019-11-14;5.0;0.018985;4.1831;nan;nan;nan;nan;nan;nan;nan;nan;nan;nan
2019-11-15;5.0;nan;nan;nan;nan;nan;nan;nan;nan;nan;nan;nan;nan
2019-11-16;5.0;nan;nan;nan;nan;nan;nan;nan;nan;nan;nan;nan;nan
2019-11-17;5.0;nan;nan;nan;nan;nan;nan;nan;nan;nan;nan;nan;nan
2019-11-18;5.0;0.018985;4.1827;nan;nan;nan;nan;nan;nan;nan;nan;nan;nan
2019-11-19;5.0;0.018985;4.2084;nan;nan;nan;nan;nan;nan;nan;nan;nan;nan
2019-11-20;5.0;0.018985;4.2037;nan;nan;nan;nan;nan;nan;nan;nan;nan;nan
2019-11-21;5.0;0.018985;4.2012;nan;nan;nan;nan;nan;nan;nan;nan;nan;nan
2019-11-22;5.0;0.018985;4.1832;nan;nan;nan;nan;nan;nan;nan;nan;nan;nan
2019-11-23;5.0;nan;nan;nan;nan;nan;nan;nan;nan;nan;nan;nan;nan
2019-11-24;5.0;nan;nan;nan;nan;nan;nan;nan;nan;nan;nan;nan;nan
2019-11-25;5.0;0.018985;4.2089;nan;nan;nan;nan;nan;nan;nan;nan;nan;nan
2019-11-26;5.0;0.018985;4.2559;nan;nan;nan;nan;nan;nan;nan;nan;nan;nan
2019-11-27;5.0;0.018985;4.2602;nan;nan;nan;nan;nan;nan;nan;nan;nan;nan
2019-11-28;5.0;0.018985;4.248;nan;nan;nan;nan;nan;nan;nan;nan;nan;nan
2019-11-29;5.0;0.018985;4.224;nan;nan;nan;nan;nan;nan;nan;nan;nan;nan
2019-11-30;5.0;nan;nan;nan;nan;nan;nan;nan;nan;nan;nan;nan;nan
2019-12-01;5.0;nan;nan;1.15;2.09;0.21;97.79712;2.94;3.51;2.14;76.0;205.54;220.39
2019-12-02;5.0;0.018985;4.2261;nan;nan;nan;nan;nan;nan;nan;nan;nan;nan
2019-12-03;5.0;0.018985;4.2008;nan;nan;nan;nan;nan;nan;nan;nan;nan;nan
2019-12-04;5.0;0.018985;4.1926;nan;nan;nan;nan;nan;nan;nan;nan;nan;nan
2019-12-05;5.0;0.018985;4.2136;nan;nan;nan;nan;nan;nan;nan;nan;nan;nan
2019-12-06;5.0;0.018985;4.1783;nan;nan;nan;nan;nan;nan;nan;nan;nan;nan
2019-12-07;5.0;nan;nan;nan;nan;nan;nan;nan;nan;nan;nan;nan;nan
2019-12-08;5.0;nan;nan;nan;nan;nan;nan;nan;nan;nan;nan;nan;nan
2019-12-09;5.0;0.018985;4.1503;nan;nan;nan;nan;nan;nan;nan;nan;nan;nan
2019-12-10;5.0;0.018985;4.1427;nan;nan;nan;nan;nan;nan;nan;nan;nan;nan
2019-12-11;5.0;0.018985;4.1153;nan;nan;nan;nan;nan;nan;nan;nan;nan;nan
2019-12-12;4.5;0.017089;4.1092;nan;nan;nan;nan;nan;nan;nan;nan;nan;nan
2019-12-13;4.5;0.017089;4.0949;nan;nan;nan;nan;nan;nan;nan;nan;nan;nan
2019-12-14;4.5;nan;nan;nan;nan;nan;nan;nan;nan;nan;nan;nan;nan
2019-12-15;4.5;nan;nan;nan;nan;nan;nan;nan;nan;nan;nan;nan;nan
2019-12-16;4.5;0.017089;4.0801;nan;nan;nan;nan;nan;nan;nan;nan;nan;nan
2019-12-17;4.5;0.017089;4.0687;nan;nan;nan;nan;nan;nan;nan;nan;nan;nan
2019-12-18;4.5;0.017089;4.0548;nan;nan;nan;nan;nan;nan;nan;nan;nan;nan
2019-12-19;4.5;0.017089;4.0633;nan;nan;nan;nan;nan;nan;nan;nan;nan;nan
2019-12-20;4.5;0.017089;4.0777;nan;nan;nan;nan;nan;nan;nan;nan;nan;nan
2019-12-21;4.5;nan;nan;nan;nan;nan;nan;nan;nan;nan;nan;nan;nan
2019-12-22;4.5;nan;nan;nan;nan;nan;nan;nan;nan;nan;nan;nan;nan
2019-12-23;4.5;0.017089;4.0757;nan;nan;nan;nan;nan;nan;nan;nan;nan;nan
2019-12-24;4.5;0.017089;4.0813;nan;nan;nan;nan;nan;nan;nan;nan;nan;nan
2019-12-25;4.5;nan;nan;nan;nan;nan;nan;nan;nan;nan;nan;nan;nan
2019-12-26;4.5;0.017089;4.0601;nan;nan;nan;nan;nan;nan;nan;nan;nan;nan
2019-12-27;4.5;0.017089;4.0545;nan;nan;nan;nan;nan;nan;nan;nan;nan;nan
2019-12-28;4.5;nan;nan;nan;nan;nan;nan;nan;nan;nan;nan;nan;nan
2019-12-29;4.5;nan;nan;nan;nan;nan;nan;nan;nan;nan;nan;nan;nan
2019-12-30;4.5;0.017089;4.0307;nan;nan;nan;nan;nan;nan;nan;nan;nan;nan
2019-12-31;4.5;0.017089;4.0307;nan;nan;nan;nan;nan;nan;nan;nan;nan;nan
2020-01-01;nan;nan;nan;0.21;0.48;0.38;97.94343;3.0;3.57;2.19;74.0;207.56;224.73
2020-01-02;4.5;0.017089;4.0213;nan;nan;nan;nan;nan;nan;nan;nan;nan;nan
2020-01-03;4.5;0.017089;4.0522;nan;nan;nan;nan;nan;nan;nan;nan;nan;nan
2020-01-04;4.5;nan;nan;nan;nan;nan;nan;nan;nan;nan;nan;nan;nan
2020-01-05;4.5;nan;nan;nan;nan;nan;nan;nan;nan;nan;nan;nan;nan
2020-01-06;4.5;0.017089;4.0554;nan;nan;nan;nan;nan;nan;nan;nan;nan;nan
2020-01-07;4.5;0.017089;4.0841;nan;nan;nan;nan;nan;nan;nan;nan;nan;nan
2020-01-08;4.5;0.017089;4.0672;nan;nan;nan;nan;nan;nan;nan;nan;nan;nan
2020-01-09;4.5;0.017089;4.0744;nan;nan;nan;nan;nan;nan;nan;nan;nan;nan
2020-01-10;4.5;0.017089;4.0745;nan;nan;nan;nan;nan;nan;nan;nan;nan;nan
2020-01-11;4.5;nan;nan;nan;nan;nan;nan;nan;nan;nan;nan;nan;nan
2020-01-12;4.5;nan;nan;nan;nan;nan;nan;nan;nan;nan;nan;nan;nan
2020-01-13;4.5;0.017089;4.1309;nan;nan;nan;nan;nan;nan;nan;nan;nan;nan
2020-01-14;4.5;0.017089;4.1443;nan;nan;nan;nan;nan;nan;nan;nan;nan;nan
2020-01-15;4.5;0.017089;4.1622;nan;nan;nan;nan;nan;nan;nan;nan;nan;nan
2020-01-16;4.5;0.017089;4.1726;nan;nan;nan;nan;nan;nan;nan;nan;nan;nan
2020-01-17;4.5;0.017089;4.1837;nan;nan;nan;nan;nan;nan;nan;nan;nan;nan
2020-01-18;4.5;nan;nan;nan;nan;nan;nan;nan;nan;nan;nan;nan;nan
2020-01-19;4.5;nan;nan;nan;nan;nan;nan;nan;nan;nan;nan;nan;nan
2020-01-20;4.5;0.017089;4.1829;nan;nan;nan;nan;nan;nan;nan;nan;nan;nan
2020-01-21;4.5;0.017089;4.2014;nan;nan;nan;nan;nan;nan;nan;nan;nan;nan
2020-01-22;4.5;0.017089;4.1889;nan;nan;nan;nan;nan;nan;nan;nan;nan;nan
2020-01-23;4.5;0.017089;4.1662;nan;nan;nan;nan;nan;nan;nan;nan;nan;nan
2020-01-24;4.5;0.017089;4.1769;nan;nan;nan;nan;nan;nan;nan;nan;nan;nan
2020-01-25;4.5;nan;nan;nan;nan;nan;nan;nan;nan;nan;nan;nan;nan
2020-01-26;4.5;nan;nan;nan;nan;nan;nan;nan;nan;nan;nan;nan;nan
2020-01-27;4.5;0.017089;4.2196;nan;nan;nan;nan;nan;nan;nan;nan;nan;nan
2020-01-28;4.5;0.017089;4.2064;nan;nan;nan;nan;nan;nan;nan;nan;nan;nan
2020-01-29;4.5;0.017089;4.2013;nan;nan;nan;nan;nan;nan;nan;nan;nan;nan
2020-01-30;4.5;0.017089;4.2523;nan;nan;nan;nan;nan;nan;nan;nan;nan;nan
2020-01-31;4.5;0.017089;4.2695;nan;nan;nan;nan;nan;nan;nan;nan;nan;nan
2020-02-01;4.5;nan;nan;0.25;-0.04;0.33;98.0707;3.04;3.66;2.16;75.6;206.62;226.97
2020-02-02;4.5;nan;nan;nan;nan;nan;nan;nan;nan;nan;nan;nan;nan
2020-02-03;4.5;0.017089;4.2475;nan;nan;nan;nan;nan;nan;nan;nan;nan;nan
2020-02-04;4.5;0.017089;4.2381;nan;nan;nan;nan;nan;nan;nan;nan;nan;nan
2020-02-05;4.5;0.017089;4.2449;nan;nan;nan;nan;nan;nan;nan;nan;nan;nan
2020-02-06;4.25;0.016137;4.2477;nan;nan;nan;nan;nan;nan;nan;nan;nan;nan
2020-02-07;4.25;0.016137;4.3076;nan;nan;nan;nan;nan;nan;nan;nan;nan;nan
2020-02-08;4.25;nan;nan;nan;nan;nan;nan;nan;nan;nan;nan;nan;nan
2020-02-09;4.25;nan;nan;nan;nan;nan;nan;nan;nan;nan;nan;nan;nan
2020-02-10;4.25;0.016137;4.3195;nan;nan;nan;nan;nan;nan;nan;nan;nan;nan
2020-02-11;4.25;0.016137;4.3148;nan;nan;nan;nan;nan;nan;nan;nan;nan;nan
2020-02-12;4.25;0.016137;4.3366;nan;nan;nan;nan;nan;nan;nan;nan;nan;nan
2020-02-13;4.25;0.016137;4.3389;nan;nan;nan;nan;nan;nan;nan;nan;nan;nan
2020-02-14;4.25;0.016137;4.3163;nan;nan;nan;nan;nan;nan;nan;nan;nan;nan
2020-02-15;4.25;nan;nan;nan;nan;nan;nan;nan;nan;nan;nan;nan;nan
2020-02-16;4.25;nan;nan;nan;nan;nan;nan;nan;nan;nan;nan;nan;nan
2020-02-17;4.25;0.016137;4.3157;nan;nan;nan;nan;nan;nan;nan;nan;nan;nan
2020-02-18;4.25;0.016137;4.3471;nan;nan;nan;nan;nan;nan;nan;nan;nan;nan
2020-02-19;4.25;0.016137;4.3728;nan;nan;nan;nan;nan;nan;nan;nan;nan;nan
2020-02-20;4.25;0.016137;4.3873;nan;nan;nan;nan;nan;nan;nan;nan;nan;nan
2020-02-21;4.25;0.016137;4.3924;nan;nan;nan;nan;nan;nan;nan;nan;nan;nan
2020-02-22;4.25;nan;nan;nan;nan;nan;nan;nan;nan;nan;nan;nan;nan
2020-02-23;4.25;nan;nan;nan;nan;nan;nan;nan;nan;nan;nan;nan;nan
2020-02-24;4.25;nan;nan;nan;nan;nan;nan;nan;nan;nan;nan;nan;nan
2020-02-25;4.25;nan;nan;nan;nan;nan;nan;nan;nan;nan;nan;nan;nan
2020-02-26;4.25;0.016137;4.4359;nan;nan;nan;nan;nan;nan;nan;nan;nan;nan
2020-02-27;4.25;0.016137;4.4764;nan;nan;nan;nan;nan;nan;nan;nan;nan;nan
2020-02-28;4.25;0.016137;4.4987;nan;nan;nan;nan;nan;nan;nan;nan;nan;nan
2020-02-29;4.25;nan;nan;nan;nan;nan;nan;nan;nan;nan;nan;nan;nan
2020-03-01;4.25;nan;nan;0.07;1.24;0.26;91.44937;3.18;3.94;2.16;74.2;197.72;222.98
2020-03-02;4.25;0.016137;4.4946;nan;nan;nan;nan;nan;nan;nan;nan;nan;nan
2020-03-03;4.25;0.016137;4.4883;nan;nan;nan;nan;nan;nan;nan;nan;nan;nan
2020-03-04;4.25;0.016137;4.5258;nan;nan;nan;nan;nan;nan;nan;nan;nan;nan
2020-03-05;4.25;0.016137;4.6207;nan;nan;nan;nan;nan;nan;nan;nan;nan;nan
2020-03-06;4.25;0.016137;4.6459;nan;nan;nan;nan;nan;nan;nan;nan;nan;nan
2020-03-07;4.25;nan;nan;nan;nan;nan;nan;nan;nan;nan;nan;nan;nan
2020-03-08;4.25;nan;nan;nan;nan;nan;nan;nan;nan;nan;nan;nan;nan
2020-03-09;4.25;0.016137;4.7379;nan;nan;nan;nan;nan;nan;nan;nan;nan;nan
2020-03-10;4.25;0.016137;4.6693;nan;nan;nan;nan;nan;nan;nan;nan;nan;nan
2020-03-11;4.25;0.016137;4.6738;nan;nan;nan;nan;nan;nan;nan;nan;nan;nan
2020-03-12;4.25;0.016137;4.8833;nan;nan;nan;nan;nan;nan;nan;nan;nan;nan
2020-03-13;4.25;0.016137;4.7362;nan;nan;nan;nan;nan;nan;nan;nan;nan;nan
2020-03-14;4.25;nan;nan;nan;nan;nan;nan;nan;nan;nan;nan;nan;nan
2020-03-15;4.25;nan;nan;nan;nan;nan;nan;nan;nan;nan;nan;nan;nan
2020-03-16;4.25;0.016137;4.9471;nan;nan;nan;nan;nan;nan;nan;nan;nan;nan
2020-03-17;4.25;0.016137;5.0496;nan;nan;nan;nan;nan;nan;nan;nan;nan;nan
2020-03-18;4.25;0.016137;5.1107;nan;nan;nan;nan;nan;nan;nan;nan;nan;nan
2020-03-19;3.75;0.014227;5.1444;nan;nan;nan;nan;nan;nan;nan;nan;nan;nan
2020-03-20;3.75;0.014227;5.0248;nan;nan;nan;nan;nan;nan;nan;nan;nan;nan
2020-03-21;3.75;nan;nan;nan;nan;nan;nan;nan;nan;nan;nan;nan;nan
2020-03-22;3.75;nan;nan;nan;nan;nan;nan;nan;nan;nan;nan;nan;nan
2020-03-23;3.75;0.014227;5.0805;nan;nan;nan;nan;nan;nan;nan;nan;nan;nan
2020-03-24;3.75;0.014227;5.0713;nan;nan;nan;nan;nan;nan;nan;nan;nan;nan
2020-03-25;3.75;0.014227;5.0706;nan;nan;nan;nan;nan;nan;nan;nan;nan;nan
2020-03-26;3.75;0.014227;5.001;nan;nan;nan;nan;nan;nan;nan;nan;nan;nan
2020-03-27;3.75;0.014227;5.1109;nan;nan;nan;nan;nan;nan;nan;nan;nan;nan
2020-03-28;3.75;nan;nan;nan;nan;nan;nan;nan;nan;nan;nan;nan;nan
2020-03-29;3.75;nan;nan;nan;nan;nan;nan;nan;nan;nan;nan;nan;nan
2020-03-30;3.75;0.014227;5.1594;nan;nan;nan;nan;nan;nan;nan;nan;nan;nan
2020-03-31;3.75;0.014227;5.1987;nan;nan;nan;nan;nan;nan;nan;nan;nan;nan
2020-04-01;3.75;0.014227;5.2404;-0.31;0.8;0.22;83.19354;3.29;4.07;2.28;56.5;200.81;226.36
2020-04-02;3.75;0.014227;5.2651;nan;nan;nan;nan;nan;nan;nan;nan;nan;nan
2020-04-03;3.75;0.014227;5.2997;nan;nan;nan;nan;nan;nan;nan;nan;nan;nan
2020-04-04;3.75;nan;nan;nan;nan;nan;nan;nan;nan;nan;nan;nan;nan
2020-04-05;3.75;nan;nan;nan;nan;nan;nan;nan;nan;nan;nan;nan;nan
2020-04-06;3.75;0.014227;5.2471;nan;nan;nan;nan;nan;nan;nan;nan;nan;nan
2020-04-07;3.75;0.014227;5.2217;nan;nan;nan;nan;nan;nan;nan;nan;nan;nan
2020-04-08;3.75;0.014227;5.2123;nan;nan;nan;nan;nan;nan;nan;nan;nan;nan
2020-04-09;3.75;0.014227;5.0779;nan;nan;nan;nan;nan;nan;nan;nan;nan;nan
2020-04-10;3.75;nan;nan;nan;nan;nan;nan;nan;nan;nan;nan;nan;nan
2020-04-11;3.75;nan;nan;nan;nan;nan;nan;nan;nan;nan;nan;nan;nan
2020-04-12;3.75;nan;nan;nan;nan;nan;nan;nan;nan;nan;nan;nan;nan
2020-04-13;3.75;0.014227;5.1824;nan;nan;nan;nan;nan;nan;nan;nan;nan;nan
2020-04-14;3.75;0.014227;5.1858;nan;nan;nan;nan;nan;nan;nan;nan;nan;nan
2020-04-15;3.75;0.014227;5.2579;nan;nan;nan;nan;nan;nan;nan;nan;nan;nan
2020-04-16;3.75;0.014227;5.2377;nan;nan;nan;nan;nan;nan;nan;nan;nan;nan
2020-04-17;3.75;0.014227;5.2573;nan;nan;nan;nan;nan;nan;nan;nan;nan;nan
2020-04-18;3.75;nan;nan;nan;nan;nan;nan;nan;nan;nan;nan;nan;nan
2020-04-19;3.75;nan;nan;nan;nan;nan;nan;nan;nan;nan;nan;nan;nan
2020-04-20;3.75;0.014227;5.2837;nan;nan;nan;nan;nan;nan;nan;nan;nan;nan
2020-04-21;3.75;nan;nan;nan;nan;nan;nan;nan;nan;nan;nan;nan;nan
2020-04-22;3.75;0.014227;5.3847;nan;nan;nan;nan;nan;nan;nan;nan;nan;nan
2020-04-23;3.75;0.014227;5.4467;nan;nan;nan;nan;nan;nan;nan;nan;nan;nan
2020-04-24;3.75;0.014227;5.651;nan;nan;nan;nan;nan;nan;nan;nan;nan;nan
2020-04-25;3.75;nan;nan;nan;nan;nan;nan;nan;nan;nan;nan;nan;nan
2020-04-26;3.75;nan;nan;nan;nan;nan;nan;nan;nan;nan;nan;nan;nan
2020-04-27;3.75;0.014227;5.6358;nan;nan;nan;nan;nan;nan;nan;nan;nan;nan
2020-04-28;3.75;0.014227;5.5683;nan;nan;nan;nan;nan;nan;nan;nan;nan;nan
2020-04-29;3.75;0.014227;5.4291;nan;nan;nan;nan;nan;nan;nan;nan;nan;nan
2020-04-30;3.75;0.014227;5.427;nan;nan;nan;nan;nan;nan;nan;nan;nan;nan
2020-05-01;3.75;nan;nan;-0.38;0.28;0.2;85.8125;3.24;3.98;2.29;59.9;225.52;254.25
2020-05-02;3.75;nan;nan;nan;nan;nan;nan;nan;nan;nan;nan;nan;nan
2020-05-03;3.75;nan;nan;nan;nan;nan;nan;nan;nan;nan;nan;nan;nan
2020-05-04;3.75;0.014227;5.5816;nan;nan;nan;nan;nan;nan;nan;nan;nan;nan
2020-05-05;3.75;0.014227;5.5354;nan;nan;nan;nan;nan;nan;nan;nan;nan;nan
2020-05-06;3.75;0.014227;5.6676;nan;nan;nan;nan;nan;nan;nan;nan;nan;nan
2020-05-07;3.0;0.011345;5.8365;nan;nan;nan;nan;nan;nan;nan;nan;nan;nan
2020-05-08;3.0;0.011345;5.7653;nan;nan;nan;nan;nan;nan;nan;nan;nan;nan
2020-05-09;3.0;nan;nan;nan;nan;nan;nan;nan;nan;nan;nan;nan;nan
2020-05-10;3.0;nan;nan;nan;nan;nan;nan;nan;nan;nan;nan;nan;nan
2020-05-11;3.0;0.011345;5.7954;nan;nan;nan;nan;nan;nan;nan;nan;nan;nan
2020-05-12;3.0;0.011345;5.7723;nan;nan;nan;nan;nan;nan;nan;nan;nan;nan
2020-05-13;3.0;0.011345;5.9022;nan;nan;nan;nan;nan;nan;nan;nan;nan;nan
2020-05-14;3.0;0.011345;5.9372;nan;nan;nan;nan;nan;nan;nan;nan;nan;nan
2020-05-15;3.0;0.011345;5.8229;nan;nan;nan;nan;nan;nan;nan;nan;nan;nan
2020-05-16;3.0;nan;nan;nan;nan;nan;nan;nan;nan;nan;nan;nan;nan
2020-05-17;3.0;nan;nan;nan;nan;nan;nan;nan;nan;nan;nan;nan;nan
2020-05-18;3.0;0.011345;5.7375;nan;nan;nan;nan;nan;nan;nan;nan;nan;nan
2020-05-19;3.0;0.011345;5.7216;nan;nan;nan;nan;nan;nan;nan;nan;nan;nan
2020-05-20;3.0;0.011345;5.6968;nan;nan;nan;nan;nan;nan;nan;nan;nan;nan
2020-05-21;3.0;0.011345;5.6019;nan;nan;nan;nan;nan;nan;nan;nan;nan;nan
2020-05-22;3.0;0.011345;5.5808;nan;nan;nan;nan;nan;nan;nan;nan;nan;nan
2020-05-23;3.0;nan;nan;nan;nan;nan;nan;nan;nan;nan;nan;nan;nan
2020-05-24;3.0;nan;nan;nan;nan;nan;nan;nan;nan;nan;nan;nan;nan
2020-05-25;3.0;0.011345;5.4772;nan;nan;nan;nan;nan;nan;nan;nan;nan;nan
2020-05-26;3.0;0.011345;5.3707;nan;nan;nan;nan;nan;nan;nan;nan;nan;nan
2020-05-27;3.0;0.011345;5.2992;nan;nan;nan;nan;nan;nan;nan;nan;nan;nan
2020-05-28;3.0;0.011345;5.3405;nan;nan;nan;nan;nan;nan;nan;nan;nan;nan
2020-05-29;3.0;0.011345;5.4263;nan;nan;nan;nan;nan;nan;nan;nan;nan;nan
2020-05-30;3.0;nan;nan;nan;nan;nan;nan;nan;nan;nan;nan;nan;nan
2020-05-31;3.0;nan;nan;nan;nan;nan;nan;nan;nan;nan;nan;nan;nan
2020-06-01;3.0;0.011345;5.3639;0.26;1.56;0.34;89.62542;2.89;3.62;1.96;66.1;214.57;234.64
2020-06-02;3.0;0.011345;5.2601;nan;nan;nan;nan;nan;nan;nan;nan;nan;nan
2020-06-03;3.0;0.011345;5.0516;nan;nan;nan;nan;nan;nan;nan;nan;nan;nan
2020-06-04;3.0;0.011345;5.1041;nan;nan;nan;nan;nan;nan;nan;nan;nan;nan
2020-06-05;3.0;0.011345;4.9775;nan;nan;nan;nan;nan;nan;nan;nan;nan;nan
2020-06-06;3.0;nan;nan;nan;nan;nan;nan;nan;nan;nan;nan;nan;nan
2020-06-07;3.0;nan;nan;nan;nan;nan;nan;nan;nan;nan;nan;nan;nan
2020-06-08;3.0;0.011345;4.9331;nan;nan;nan;nan;nan;nan;nan;nan;nan;nan
2020-06-09;3.0;0.011345;4.9057;nan;nan;nan;nan;nan;nan;nan;nan;nan;nan
2020-06-10;3.0;0.011345;4.8894;nan;nan;nan;nan;nan;nan;nan;nan;nan;nan
2020-06-11;3.0;nan;nan;nan;nan;nan;nan;nan;nan;nan;nan;nan;nan
2020-06-12;3.0;0.011345;5.0373;nan;nan;nan;nan;nan;nan;nan;nan;nan;nan
2020-06-13;3.0;nan;nan;nan;nan;nan;nan;nan;nan;nan;nan;nan;nan
2020-06-14;3.0;nan;nan;nan;nan;nan;nan;nan;nan;nan;nan;nan;nan
2020-06-15;3.0;0.011345;5.1883;nan;nan;nan;nan;nan;nan;nan;nan;nan;nan
2020-06-16;3.0;0.011345;5.1285;nan;nan;nan;nan;nan;nan;nan;nan;nan;nan
2020-06-17;3.0;0.011345;5.2499;nan;nan;nan;nan;nan;nan;nan;nan;nan;nan
2020-06-18;2.25;0.008442;5.3468;nan;nan;nan;nan;nan;nan;nan;nan;nan;nan
2020-06-19;2.25;0.008442;5.3466;nan;nan;nan;nan;nan;nan;nan;nan;nan;nan
2020-06-20;2.25;nan;nan;nan;nan;nan;nan;nan;nan;nan;nan;nan;nan
2020-06-21;2.25;nan;nan;nan;nan;nan;nan;nan;nan;nan;nan;nan;nan
2020-06-22;2.25;0.008442;5.2226;nan;nan;nan;nan;nan;nan;nan;nan;nan;nan
2020-06-23;2.25;0.008442;5.1705;nan;nan;nan;nan;nan;nan;nan;nan;nan;nan
2020-06-24;2.25;0.008442;5.2435;nan;nan;nan;nan;nan;nan;nan;nan;nan;nan
2020-06-25;2.25;0.008442;5.3287;nan;nan;nan;nan;nan;nan;nan;nan;nan;nan
2020-06-26;2.25;0.008442;5.4629;nan;nan;nan;nan;nan;nan;nan;nan;nan;nan
2020-06-27;2.25;nan;nan;nan;nan;nan;nan;nan;nan;nan;nan;nan;nan
2020-06-28;2.25;nan;nan;nan;nan;nan;nan;nan;nan;nan;nan;nan;nan
2020-06-29;2.25;0.008442;5.4416;nan;nan;nan;nan;nan;nan;nan;nan;nan;nan
2020-06-30;2.25;0.008442;5.476;nan;nan;nan;nan;nan;nan;nan;nan;nan;nan
2020-07-01;2.25;0.008442;5.3651;0.36;2.23;1.17;91.98102;2.76;3.46;1.87;71.8;229.77;249.4
2020-07-02;2.25;0.008442;5.3028;nan;nan;nan;nan;nan;nan;nan;nan;nan;nan
2020-07-03;2.25;0.008442;5.3374;nan;nan;nan;nan;nan;nan;nan;nan;nan;nan
2020-07-04;2.25;nan;nan;nan;nan;nan;nan;nan;nan;nan;nan;nan;nan
2020-07-05;2.25;nan;nan;nan;nan;nan;nan;nan;nan;nan;nan;nan;nan
2020-07-06;2.25;0.008442;5.3085;nan;nan;nan;nan;nan;nan;nan;nan;nan;nan
2020-07-07;2.25;0.008442;5.3318;nan;nan;nan;nan;nan;nan;nan;nan;nan;nan
2020-07-08;2.25;0.008442;5.3482;nan;nan;nan;nan;nan;nan;nan;nan;nan;nan
2020-07-09;2.25;0.008442;5.2978;nan;nan;nan;nan;nan;nan;nan;nan;nan;nan
2020-07-10;2.25;0.008442;5.344;nan;nan;nan;nan;nan;nan;nan;nan;nan;nan
2020-07-11;2.25;nan;nan;nan;nan;nan;nan;nan;nan;nan;nan;nan;nan
2020-07-12;2.25;nan;nan;nan;nan;nan;nan;nan;nan;nan;nan;nan;nan
2020-07-13;2.25;0.008442;5.3486;nan;nan;nan;nan;nan;nan;nan;nan;nan;nan
2020-07-14;2.25;0.008442;5.4288;nan;nan;nan;nan;nan;nan;nan;nan;nan;nan
2020-07-15;2.25;0.008442;5.3491;nan;nan;nan;nan;nan;nan;nan;nan;nan;nan
2020-07-16;2.25;0.008442;5.356;nan;nan;nan;nan;nan;nan;nan;nan;nan;nan
2020-07-17;2.25;0.008442;5.351;nan;nan;nan;nan;nan;nan;nan;nan;nan;nan
2020-07-18;2.25;nan;nan;nan;nan;nan;nan;nan;nan;nan;nan;nan;nan
2020-07-19;2.25;nan;nan;nan;nan;nan;nan;nan;nan;nan;nan;nan;nan
2020-07-20;2.25;0.008442;5.3635;nan;nan;nan;nan;nan;nan;nan;nan;nan;nan
2020-07-21;2.25;0.008442;5.2283;nan;nan;nan;nan;nan;nan;nan;nan;nan;nan
2020-07-22;2.25;0.008442;5.1111;nan;nan;nan;nan;nan;nan;nan;nan;nan;nan
2020-07-23;2.25;0.008442;5.1647;nan;nan;nan;nan;nan;nan;nan;nan;nan;nan
2020-07-24;2.25;0.008442;5.2146;nan;nan;nan;nan;nan;nan;nan;nan;nan;nan
2020-07-25;2.25;nan;nan;nan;nan;nan;nan;nan;nan;nan;nan;nan;nan
2020-07-26;2.25;nan;nan;nan;nan;nan;nan;nan;nan;nan;nan;nan;nan
2020-07-27;2.25;0.008442;5.1889;nan;nan;nan;nan;nan;nan;nan;nan;nan;nan
2020-07-28;2.25;0.008442;5.1777;nan;nan;nan;nan;nan;nan;nan;nan;nan;nan
2020-07-29;2.25;0.008442;5.1395;nan;nan;nan;nan;nan;nan;nan;nan;nan;nan
2020-07-30;2.25;0.008442;5.1837;nan;nan;nan;nan;nan;nan;nan;nan;nan;nan
2020-07-31;2.25;0.008442;5.2033;nan;nan;nan;nan;nan;nan;nan;nan;nan;nan
2020-08-01;2.25;nan;nan;0.24;2.74;0.72;93.73677;2.65;3.3;1.83;75.5;251.34;268.54
2020-08-02;2.25;nan;nan;nan;nan;nan;nan;nan;nan;nan;nan;nan;nan
2020-08-03;2.25;0.008442;5.3075;nan;nan;nan;nan;nan;nan;nan;nan;nan;nan
2020-08-04;2.25;0.008442;5.3329;nan;nan;nan;nan;nan;nan;nan;nan;nan;nan
2020-08-05;2.25;0.008442;5.276;nan;nan;nan;nan;nan;nan;nan;nan;nan;nan
2020-08-06;2.0;0.007469;5.3431;nan;nan;nan;nan;nan;nan;nan;nan;nan;nan
2020-08-07;2.0;0.007469;5.4227;nan;nan;nan;nan;nan;nan;nan;nan;nan;nan
2020-08-08;2.0;nan;nan;nan;nan;nan;nan;nan;nan;nan;nan;nan;nan
2020-08-09;2.0;nan;nan;nan;nan;nan;nan;nan;nan;nan;nan;nan;nan
2020-08-10;2.0;0.007469;5.3933;nan;nan;nan;nan;nan;nan;nan;nan;nan;nan
2020-08-11;2.0;0.007469;5.4285;nan;nan;nan;nan;nan;nan;nan;nan;nan;nan
2020-08-12;2.0;0.007469;5.4551;nan;nan;nan;nan;nan;nan;nan;nan;nan;nan
2020-08-13;2.0;0.007469;5.3801;nan;nan;nan;nan;nan;nan;nan;nan;nan;nan
2020-08-14;2.0;0.007469;5.3852;nan;nan;nan;nan;nan;nan;nan;nan;nan;nan
2020-08-15;2.0;nan;nan;nan;nan;nan;nan;nan;nan;nan;nan;nan;nan
2020-08-16;2.0;nan;nan;nan;nan;nan;nan;nan;nan;nan;nan;nan;nan
2020-08-17;2.0;0.007469;5.4497;nan;nan;nan;nan;nan;nan;nan;nan;nan;nan
2020-08-18;2.0;0.007469;5.4659;nan;nan;nan;nan;nan;nan;nan;nan;nan;nan
2020-08-19;2.0;0.007469;5.4906;nan;nan;nan;nan;nan;nan;nan;nan;nan;nan
2020-08-20;2.0;0.007469;5.651;nan;nan;nan;nan;nan;nan;nan;nan;nan;nan
2020-08-21;2.0;0.007469;5.6064;nan;nan;nan;nan;nan;nan;nan;nan;nan;nan
2020-08-22;2.0;nan;nan;nan;nan;nan;nan;nan;nan;nan;nan;nan;nan
2020-08-23;2.0;nan;nan;nan;nan;nan;nan;nan;nan;nan;nan;nan;nan
2020-08-24;2.0;0.007469;5.5954;nan;nan;nan;nan;nan;nan;nan;nan;nan;nan
2020-08-25;2.0;0.007469;5.5997;nan;nan;nan;nan;nan;nan;nan;nan;nan;nan
2020-08-26;2.0;0.007469;5.568;nan;nan;nan;nan;nan;nan;nan;nan;nan;nan
2020-08-27;2.0;0.007469;5.5956;nan;nan;nan;nan;nan;nan;nan;nan;nan;nan
2020-08-28;2.0;0.007469;5.4679;nan;nan;nan;nan;nan;nan;nan;nan;nan;nan
2020-08-29;2.0;nan;nan;nan;nan;nan;nan;nan;nan;nan;nan;nan;nan
2020-08-30;2.0;nan;nan;nan;nan;nan;nan;nan;nan;nan;nan;nan;nan
2020-08-31;2.0;0.007469;5.4713;nan;nan;nan;nan;nan;nan;nan;nan;nan;nan
2020-09-01;2.0;0.007469;5.3732;0.64;4.34;1.16;95.63929;2.43;3.14;1.54;79.3;252.69;273.79
2020-09-02;2.0;0.007469;5.3741;nan;nan;nan;nan;nan;nan;nan;nan;nan;nan
2020-09-03;2.0;0.007469;5.3079;nan;nan;nan;nan;nan;nan;nan;nan;nan;nan
2020-09-04;2.0;0.007469;5.2848;nan;nan;nan;nan;nan;nan;nan;nan;nan;nan
2020-09-05;2.0;nan;nan;nan;nan;nan;nan;nan;nan;nan;nan;nan;nan
2020-09-06;2.0;nan;nan;nan;nan;nan;nan;nan;nan;nan;nan;nan;nan
2020-09-07;2.0;nan;nan;nan;nan;nan;nan;nan;nan;nan;nan;nan;nan
2020-09-08;2.0;0.007469;5.3698;nan;nan;nan;nan;nan;nan;nan;nan;nan;nan
2020-09-09;2.0;0.007469;5.3024;nan;nan;nan;nan;nan;nan;nan;nan;nan;nan
2020-09-10;2.0;0.007469;5.2936;nan;nan;nan;nan;nan;nan;nan;nan;nan;nan
2020-09-11;2.0;0.007469;5.2854;nan;nan;nan;nan;nan;nan;nan;nan;nan;nan
2020-09-12;2.0;nan;nan;nan;nan;nan;nan;nan;nan;nan;nan;nan;nan
2020-09-13;2.0;nan;nan;nan;nan;nan;nan;nan;nan;nan;nan;nan;nan
2020-09-14;2.0;0.007469;5.2984;nan;nan;nan;nan;nan;nan;nan;nan;nan;nan
2020-09-15;2.0;0.007469;5.2728;nan;nan;nan;nan;nan;nan;nan;nan;nan;nan
2020-09-16;2.0;0.007469;5.2532;nan;nan;nan;nan;nan;nan;nan;nan;nan;nan
2020-09-17;2.0;0.007469;5.2593;nan;nan;nan;nan;nan;nan;nan;nan;nan;nan
2020-09-18;2.0;0.007469;5.2889;nan;nan;nan;nan;nan;nan;nan;nan;nan;nan
2020-09-19;2.0;nan;nan;nan;nan;nan;nan;nan;nan;nan;nan;nan;nan
2020-09-20;2.0;nan;nan;nan;nan;nan;nan;nan;nan;nan;nan;nan;nan
2020-09-21;2.0;0.007469;5.444;nan;nan;nan;nan;nan;nan;nan;nan;nan;nan
2020-09-22;2.0;0.007469;5.4329;nan;nan;nan;nan;nan;nan;nan;nan;nan;nan
2020-09-23;2.0;0.007469;5.5311;nan;nan;nan;nan;nan;nan;nan;nan;nan;nan
2020-09-24;2.0;0.007469;5.5714;nan;nan;nan;nan;nan;nan;nan;nan;nan;nan
2020-09-25;2.0;0.007469;5.5667;nan;nan;nan;nan;nan;nan;nan;nan;nan;nan
2020-09-26;2.0;nan;nan;nan;nan;nan;nan;nan;nan;nan;nan;nan;nan
2020-09-27;2.0;nan;nan;nan;nan;nan;nan;nan;nan;nan;nan;nan;nan
2020-09-28;2.0;0.007469;5.5858;nan;nan;nan;nan;nan;nan;nan;nan;nan;nan
2020-09-29;2.0;0.007469;5.6528;nan;nan;nan;nan;nan;nan;nan;nan;nan;nan
2020-09-30;2.0;0.007469;5.6407;nan;nan;nan;nan;nan;nan;nan;nan;nan;nan
2020-10-01;2.0;0.007469;5.6441;0.86;3.23;1.73;97.51876;2.35;3.06;1.47;81.7;266.69;289.01
2020-10-02;2.0;0.007469;5.6464;nan;nan;nan;nan;nan;nan;nan;nan;nan;nan
2020-10-03;2.0;nan;nan;nan;nan;nan;nan;nan;nan;nan;nan;nan;nan
2020-10-04;2.0;nan;nan;nan;nan;nan;nan;nan;nan;nan;nan;nan;nan
2020-10-05;2.0;0.007469;5.6299;nan;nan;nan;nan;nan;nan;nan;nan;nan;nan
2020-10-06;2.0;0.007469;5.5205;nan;nan;nan;nan;nan;nan;nan;nan;nan;nan
2020-10-07;2.0;0.007469;5.6018;nan;nan;nan;nan;nan;nan;nan;nan;nan;nan
2020-10-08;2.0;0.007469;5.62;nan;nan;nan;nan;nan;nan;nan;nan;nan;nan
2020-10-09;2.0;0.007469;5.5393;nan;nan;nan;nan;nan;nan;nan;nan;nan;nan
2020-10-10;2.0;nan;nan;nan;nan;nan;nan;nan;nan;nan;nan;nan;nan
2020-10-11;2.0;nan;nan;nan;nan;nan;nan;nan;nan;nan;nan;nan;nan
2020-10-12;2.0;nan;nan;nan;nan;nan;nan;nan;nan;nan;nan;nan;nan
2020-10-13;2.0;0.007469;5.5859;nan;nan;nan;nan;nan;nan;nan;nan;nan;nan
2020-10-14;2.0;0.007469;5.5675;nan;nan;nan;nan;nan;nan;nan;nan;nan;nan
2020-10-15;2.0;0.007469;5.6172;nan;nan;nan;nan;nan;nan;nan;nan;nan;nan
2020-10-16;2.0;0.007469;5.6226;nan;nan;nan;nan;nan;nan;nan;nan;nan;nan
2020-10-17;2.0;nan;nan;nan;nan;nan;nan;nan;nan;nan;nan;nan;nan
2020-10-18;2.0;nan;nan;nan;nan;nan;nan;nan;nan;nan;nan;nan;nan
2020-10-19;2.0;0.007469;5.6023;nan;nan;nan;nan;nan;nan;nan;nan;nan;nan
2020-10-20;2.0;0.007469;5.583;nan;nan;nan;nan;nan;nan;nan;nan;nan;nan
2020-10-21;2.0;0.007469;5.6006;nan;nan;nan;nan;nan;nan;nan;nan;nan;nan
2020-10-22;2.0;0.007469;5.582;nan;nan;nan;nan;nan;nan;nan;nan;nan;nan
2020-10-23;2.0;0.007469;5.612;nan;nan;nan;nan;nan;nan;nan;nan;nan;nan
2020-10-24;2.0;nan;nan;nan;nan;nan;nan;nan;nan;nan;nan;nan;nan
2020-10-25;2.0;nan;nan;nan;nan;nan;nan;nan;nan;nan;nan;nan;nan
2020-10-26;2.0;0.007469;5.6328;nan;nan;nan;nan;nan;nan;nan;nan;nan;nan
2020-10-27;2.0;0.007469;5.6491;nan;nan;nan;nan;nan;nan;nan;nan;nan;nan
2020-10-28;2.0;0.007469;5.7325;nan;nan;nan;nan;nan;nan;nan;nan;nan;nan
2020-10-29;2.0;0.007469;5.7803;nan;nan;nan;nan;nan;nan;nan;nan;nan;nan
2020-10-30;2.0;0.007469;5.7718;nan;nan;nan;nan;nan;nan;nan;nan;nan;nan
2020-10-31;2.0;nan;nan;nan;nan;nan;nan;nan;nan;nan;nan;nan;nan
2020-11-01;2.0;nan;nan;0.89;3.28;1.28;97.5019;2.23;2.97;1.29;81.8;267.0;290.4
2020-11-02;2.0;nan;nan;nan;nan;nan;nan;nan;nan;nan;nan;nan;nan
2020-11-03;2.0;0.007469;5.6895;nan;nan;nan;nan;nan;nan;nan;nan;nan;nan
2020-11-04;2.0;0.007469;5.6932;nan;nan;nan;nan;nan;nan;nan;nan;nan;nan
2020-11-05;2.0;0.007469;5.5624;nan;nan;nan;nan;nan;nan;nan;nan;nan;nan
2020-11-06;2.0;0.007469;5.5313;nan;nan;nan;nan;nan;nan;nan;nan;nan;nan
2020-11-07;2.0;nan;nan;nan;nan;nan;nan;nan;nan;nan;nan;nan;nan
2020-11-08;2.0;nan;nan;nan;nan;nan;nan;nan;nan;nan;nan;nan;nan
2020-11-09;2.0;0.007469;5.2821;nan;nan;nan;nan;nan;nan;nan;nan;nan;nan
2020-11-10;2.0;0.007469;5.3696;nan;nan;nan;nan;nan;nan;nan;nan;nan;nan
2020-11-11;2.0;0.007469;5.402;nan;nan;nan;nan;nan;nan;nan;nan;nan;nan
2020-11-12;2.0;0.007469;5.4094;nan;nan;nan;nan;nan;nan;nan;nan;nan;nan
2020-11-13;2.0;0.007469;5.4854;nan;nan;nan;nan;nan;nan;nan;nan;nan;nan
2020-11-14;2.0;nan;nan;nan;nan;nan;nan;nan;nan;nan;nan;nan;nan
2020-11-15;2.0;nan;nan;nan;nan;nan;nan;nan;nan;nan;nan;nan;nan
2020-11-16;2.0;0.007469;5.4198;nan;nan;nan;nan;nan;nan;nan;nan;nan;nan
2020-11-17;2.0;0.007469;5.3968;nan;nan;nan;nan;nan;nan;nan;nan;nan;nan
2020-11-18;2.0;0.007469;5.2932;nan;nan;nan;nan;nan;nan;nan;nan;nan;nan
2020-11-19;2.0;0.007469;5.333;nan;nan;nan;nan;nan;nan;nan;nan;nan;nan
2020-11-20;2.0;0.007469;5.3505;nan;nan;nan;nan;nan;nan;nan;nan;nan;nan
2020-11-21;2.0;nan;nan;nan;nan;nan;nan;nan;nan;nan;nan;nan;nan
2020-11-22;2.0;nan;nan;nan;nan;nan;nan;nan;nan;nan;nan;nan;nan
2020-11-23;2.0;0.007469;5.3828;nan;nan;nan;nan;nan;nan;nan;nan;nan;nan
2020-11-24;2.0;0.007469;5.4037;nan;nan;nan;nan;nan;nan;nan;nan;nan;nan
2020-11-25;2.0;0.007469;5.3508;nan;nan;nan;nan;nan;nan;nan;nan;nan;nan
2020-11-26;2.0;0.007469;5.3201;nan;nan;nan;nan;nan;nan;nan;nan;nan;nan
2020-11-27;2.0;0.007469;5.3494;nan;nan;nan;nan;nan;nan;nan;nan;nan;nan
2020-11-28;2.0;nan;nan;nan;nan;nan;nan;nan;nan;nan;nan;nan;nan
2020-11-29;2.0;nan;nan;nan;nan;nan;nan;nan;nan;nan;nan;nan;nan
2020-11-30;2.0;0.007469;5.3317;nan;nan;nan;nan;nan;nan;nan;nan;nan;nan
2020-12-01;2.0;0.007469;5.2789;1.35;0.96;0.7;97.68183;2.11;2.84;1.2;80.2;263.38;282.23
2020-12-02;2.0;0.007469;5.2267;nan;nan;nan;nan;nan;nan;nan;nan;nan;nan
2020-12-03;2.0;0.007469;5.1625;nan;nan;nan;nan;nan;nan;nan;nan;nan;nan
2020-12-04;2.0;0.007469;5.1706;nan;nan;nan;nan;nan;nan;nan;nan;nan;nan
2020-12-05;2.0;nan;nan;nan;nan;nan;nan;nan;nan;nan;nan;nan;nan
2020-12-06;2.0;nan;nan;nan;nan;nan;nan;nan;nan;nan;nan;nan;nan
2020-12-07;2.0;0.007469;5.1018;nan;nan;nan;nan;nan;nan;nan;nan;nan;nan
2020-12-08;2.0;0.007469;5.092;nan;nan;nan;nan;nan;nan;nan;nan;nan;nan
2020-12-09;2.0;0.007469;5.1109;nan;nan;nan;nan;nan;nan;nan;nan;nan;nan
2020-12-10;2.0;0.007469;5.0852;nan;nan;nan;nan;nan;nan;nan;nan;nan;nan
2020-12-11;2.0;0.007469;5.0691;nan;nan;nan;nan;nan;nan;nan;nan;nan;nan
2020-12-12;2.0;nan;nan;nan;nan;nan;nan;nan;nan;nan;nan;nan;nan
2020-12-13;2.0;nan;nan;nan;nan;nan;nan;nan;nan;nan;nan;nan;nan
2020-12-14;2.0;0.007469;5.0578;nan;nan;nan;nan;nan;nan;nan;nan;nan;nan
2020-12-15;2.0;0.007469;5.0968;nan;nan;nan;nan;nan;nan;nan;nan;nan;nan
2020-12-16;2.0;0.007469;5.1057;nan;nan;nan;nan;nan;nan;nan;nan;nan;nan
2020-12-17;2.0;0.007469;5.0612;nan;nan;nan;nan;nan;nan;nan;nan;nan;nan
2020-12-18;2.0;0.007469;5.0986;nan;nan;nan;nan;nan;nan;nan;nan;nan;nan
2020-12-19;2.0;nan;nan;nan;nan;nan;nan;nan;nan;nan;nan;nan;nan
2020-12-20;2.0;nan;nan;nan;nan;nan;nan;nan;nan;nan;nan;nan;nan
2020-12-21;2.0;0.007469;5.1572;nan;nan;nan;nan;nan;nan;nan;nan;nan;nan
2020-12-22;2.0;0.007469;5.1473;nan;nan;nan;nan;nan;nan;nan;nan;nan;nan
2020-12-23;2.0;0.007469;5.174;nan;nan;nan;nan;nan;nan;nan;nan;nan;nan
2020-12-24;2.0;0.007469;5.18;nan;nan;nan;nan;nan;nan;nan;nan;nan;nan
2020-12-25;2.0;nan;nan;nan;nan;nan;nan;nan;nan;nan;nan;nan;nan
2020-12-26;2.0;nan;nan;nan;nan;nan;nan;nan;nan;nan;nan;nan;nan
2020-12-27;2.0;nan;nan;nan;nan;nan;nan;nan;nan;nan;nan;nan;nan
2020-12-28;2.0;0.007469;5.239;nan;nan;nan;nan;nan;nan;nan;nan;nan;nan
2020-12-29;2.0;0.007469;5.1942;nan;nan;nan;nan;nan;nan;nan;nan;nan;nan
2020-12-30;2.0;0.007469;5.1967;nan;nan;nan;nan;nan;nan;nan;nan;nan;nan
2020-12-31;2.0;0.007469;5.1967;nan;nan;nan;nan;nan;nan;nan;nan;nan;nan
2021-01-01;2.0;nan;nan;0.25;2.58;0.89;97.94531;2.14;2.88;1.2;78.1;291.18;314.23
2021-01-02;2.0;nan;nan;nan;nan;nan;nan;nan;nan;nan;nan;nan;nan
2021-01-03;2.0;nan;nan;nan;nan;nan;nan;nan;nan;nan;nan;nan;nan
2021-01-04;2.0;0.007469;5.1626;nan;nan;nan;nan;nan;nan;nan;nan;nan;nan
2021-01-05;2.0;0.007469;5.3269;nan;nan;nan;nan;nan;nan;nan;nan;nan;nan
2021-01-06;2.0;0.007469;5.3182;nan;nan;nan;nan;nan;nan;nan;nan;nan;nan
2021-01-07;2.0;0.007469;5.3433;nan;nan;nan;nan;nan;nan;nan;nan;nan;nan
2021-01-08;2.0;0.007469;5.3683;nan;nan;nan;nan;nan;nan;nan;nan;nan;nan
2021-01-09;2.0;nan;nan;nan;nan;nan;nan;nan;nan;nan;nan;nan;nan
2021-01-10;2.0;nan;nan;nan;nan;nan;nan;nan;nan;nan;nan;nan;nan
2021-01-11;2.0;0.007469;5.4966;nan;nan;nan;nan;nan;nan;nan;nan;nan;nan
2021-01-12;2.0;0.007469;5.4637;nan;nan;nan;nan;nan;nan;nan;nan;nan;nan
2021-01-13;2.0;0.007469;5.307;nan;nan;nan;nan;nan;nan;nan;nan;nan;nan
2021-01-14;2.0;0.007469;5.2617;nan;nan;nan;nan;nan;nan;nan;nan;nan;nan
2021-01-15;2.0;0.007469;5.2714;nan;nan;nan;nan;nan;nan;nan;nan;nan;nan
2021-01-16;2.0;nan;nan;nan;nan;nan;nan;nan;nan;nan;nan;nan;nan
2021-01-17;2.0;nan;nan;nan;nan;nan;nan;nan;nan;nan;nan;nan;nan
2021-01-18;2.0;0.007469;5.2788;nan;nan;nan;nan;nan;nan;nan;nan;nan;nan
2021-01-19;2.0;0.007469;5.2945;nan;nan;nan;nan;nan;nan;nan;nan;nan;nan
2021-01-20;2.0;0.007469;5.3033;nan;nan;nan;nan;nan;nan;nan;nan;nan;nan
2021-01-21;2.0;0.007469;5.3166;nan;nan;nan;nan;nan;nan;nan;nan;nan;nan
2021-01-22;2.0;0.007469;5.4301;nan;nan;nan;nan;nan;nan;nan;nan;nan;nan
2021-01-23;2.0;nan;nan;nan;nan;nan;nan;nan;nan;nan;nan;nan;nan
2021-01-24;2.0;nan;nan;nan;nan;nan;nan;nan;nan;nan;nan;nan;nan
2021-01-25;2.0;0.007469;5.5089;nan;nan;nan;nan;nan;nan;nan;nan;nan;nan
2021-01-26;2.0;0.007469;5.3865;nan;nan;nan;nan;nan;nan;nan;nan;nan;nan
2021-01-27;2.0;0.007469;5.3824;nan;nan;nan;nan;nan;nan;nan;nan;nan;nan
2021-01-28;2.0;0.007469;5.4282;nan;nan;nan;nan;nan;nan;nan;nan;nan;nan
2021-01-29;2.0;0.007469;5.4759;nan;nan;nan;nan;nan;nan;nan;nan;nan;nan
2021-01-30;2.0;nan;nan;nan;nan;nan;nan;nan;nan;nan;nan;nan;nan
2021-01-31;2.0;nan;nan;nan;nan;nan;nan;nan;nan;nan;nan;nan;nan
2021-02-01;2.0;0.007469;5.4608;0.86;2.53;1.89;98.85581;2.23;2.92;1.35;78.5;311.65;331.74
2021-02-02;2.0;0.007469;5.3875;nan;nan;nan;nan;nan;nan;nan;nan;nan;nan
2021-02-03;2.0;0.007469;5.3423;nan;nan;nan;nan;nan;nan;nan;nan;nan;nan
2021-02-04;2.0;0.007469;5.391;nan;nan;nan;nan;nan;nan;nan;nan;nan;nan
2021-02-05;2.0;0.007469;5.3884;nan;nan;nan;nan;nan;nan;nan;nan;nan;nan
2021-02-06;2.0;nan;nan;nan;nan;nan;nan;nan;nan;nan;nan;nan;nan
2021-02-07;2.0;nan;nan;nan;nan;nan;nan;nan;nan;nan;nan;nan;nan
2021-02-08;2.0;0.007469;5.367;nan;nan;nan;nan;nan;nan;nan;nan;nan;nan
2021-02-09;2.0;0.007469;5.4216;nan;nan;nan;nan;nan;nan;nan;nan;nan;nan
2021-02-10;2.0;0.007469;5.4024;nan;nan;nan;nan;nan;nan;nan;nan;nan;nan
2021-02-11;2.0;0.007469;5.3626;nan;nan;nan;nan;nan;nan;nan;nan;nan;nan
2021-02-12;2.0;0.007469;5.3815;nan;nan;nan;nan;nan;nan;nan;nan;nan;nan
2021-02-13;2.0;nan;nan;nan;nan;nan;nan;nan;nan;nan;nan;nan;nan
2021-02-14;2.0;nan;nan;nan;nan;nan;nan;nan;nan;nan;nan;nan;nan
2021-02-15;2.0;nan;nan;nan;nan;nan;nan;nan;nan;nan;nan;nan;nan
2021-02-16;2.0;nan;nan;nan;nan;nan;nan;nan;nan;nan;nan;nan;nan
2021-02-17;2.0;0.007469;5.4138;nan;nan;nan;nan;nan;nan;nan;nan;nan;nan
2021-02-18;2.0;0.007469;5.4238;nan;nan;nan;nan;nan;nan;nan;nan;nan;nan
2021-02-19;2.0;0.007469;5.3924;nan;nan;nan;nan;nan;nan;nan;nan;nan;nan
2021-02-20;2.0;nan;nan;nan;nan;nan;nan;nan;nan;nan;nan;nan;nan
2021-02-21;2.0;nan;nan;nan;nan;nan;nan;nan;nan;nan;nan;nan;nan
2021-02-22;2.0;0.007469;5.5044;nan;nan;nan;nan;nan;nan;nan;nan;nan;nan
2021-02-23;2.0;0.007469;5.449;nan;nan;nan;nan;nan;nan;nan;nan;nan;nan
2021-02-24;2.0;0.007469;5.4182;nan;nan;nan;nan;nan;nan;nan;nan;nan;nan
2021-02-25;2.0;0.007469;5.46;nan;nan;nan;nan;nan;nan;nan;nan;nan;nan
2021-02-26;2.0;0.007469;5.5302;nan;nan;nan;nan;nan;nan;nan;nan;nan;nan
2021-02-27;2.0;nan;nan;nan;nan;nan;nan;nan;nan;nan;nan;nan;nan
2021-02-28;2.0;nan;nan;nan;nan;nan;nan;nan;nan;nan;nan;nan;nan
2021-03-01;2.0;0.007469;5.5832;0.93;2.94;1.3;95.30372;2.13;2.87;1.2;77.2;328.22;346.53
2021-03-02;2.0;0.007469;5.6844;nan;nan;nan;nan;nan;nan;nan;nan;nan;nan
2021-03-03;2.0;0.007469;5.7342;nan;nan;nan;nan;nan;nan;nan;nan;nan;nan
2021-03-04;2.0;0.007469;5.6008;nan;nan;nan;nan;nan;nan;nan;nan;nan;nan
2021-03-05;2.0;0.007469;5.687;nan;nan;nan;nan;nan;nan;nan;nan;nan;nan
2021-03-06;2.0;nan;nan;nan;nan;nan;nan;nan;nan;nan;nan;nan;nan
2021-03-07;2.0;nan;nan;nan;nan;nan;nan;nan;nan;nan;nan;nan;nan
2021-03-08;2.0;0.007469;5.7343;nan;nan;nan;nan;nan;nan;nan;nan;nan;nan
2021-03-09;2.0;0.007469;5.8397;nan;nan;nan;nan;nan;nan;nan;nan;nan;nan
2021-03-10;2.0;0.007469;5.7449;nan;nan;nan;nan;nan;nan;nan;nan;nan;nan
2021-03-11;2.0;0.007469;5.589;nan;nan;nan;nan;nan;nan;nan;nan;nan;nan
2021-03-12;2.0;0.007469;5.564;nan;nan;nan;nan;nan;nan;nan;nan;nan;nan
2021-03-13;2.0;nan;nan;nan;nan;nan;nan;nan;nan;nan;nan;nan;nan
2021-03-14;2.0;nan;nan;nan;nan;nan;nan;nan;nan;nan;nan;nan;nan
2021-03-15;2.0;0.007469;5.6296;nan;nan;nan;nan;nan;nan;nan;nan;nan;nan
2021-03-16;2.0;0.007469;5.5851;nan;nan;nan;nan;nan;nan;nan;nan;nan;nan
2021-03-17;2.0;0.007469;5.6579;nan;nan;nan;nan;nan;nan;nan;nan;nan;nan
2021-03-18;2.75;0.010379;5.5474;nan;nan;nan;nan;nan;nan;nan;nan;nan;nan
2021-03-19;2.75;0.010379;5.5082;nan;nan;nan;nan;nan;nan;nan;nan;nan;nan
2021-03-20;2.75;nan;nan;nan;nan;nan;nan;nan;nan;nan;nan;nan;nan
2021-03-21;2.75;nan;nan;nan;nan;nan;nan;nan;nan;nan;nan;nan;nan
2021-03-22;2.75;0.010379;5.5269;nan;nan;nan;nan;nan;nan;nan;nan;nan;nan
2021-03-23;2.75;0.010379;5.4951;nan;nan;nan;nan;nan;nan;nan;nan;nan;nan
2021-03-24;2.75;0.010379;5.533;nan;nan;nan;nan;nan;nan;nan;nan;nan;nan
2021-03-25;2.75;0.010379;5.6585;nan;nan;nan;nan;nan;nan;nan;nan;nan;nan
2021-03-26;2.75;0.010379;5.7042;nan;nan;nan;nan;nan;nan;nan;nan;nan;nan
2021-03-27;2.75;nan;nan;nan;nan;nan;nan;nan;nan;nan;nan;nan;nan
2021-03-28;2.75;nan;nan;nan;nan;nan;nan;nan;nan;nan;nan;nan;nan
2021-03-29;2.75;0.010379;5.7925;nan;nan;nan;nan;nan;nan;nan;nan;nan;nan
2021-03-30;2.75;0.010379;5.7642;nan;nan;nan;nan;nan;nan;nan;nan;nan;nan
2021-03-31;2.75;0.010379;5.6973;nan;nan;nan;nan;nan;nan;nan;nan;nan;nan
2021-04-01;2.75;0.010379;5.6849;0.31;1.51;0.9;96.45102;2.19;2.91;1.27;75.6;332.2;350.9
2021-04-02;2.75;nan;nan;nan;nan;nan;nan;nan;nan;nan;nan;nan;nan
2021-04-03;2.75;nan;nan;nan;nan;nan;nan;nan;nan;nan;nan;nan;nan
2021-04-04;2.75;nan;nan;nan;nan;nan;nan;nan;nan;nan;nan;nan;nan
2021-04-05;2.75;0.010379;5.6579;nan;nan;nan;nan;nan;nan;nan;nan;nan;nan
2021-04-06;2.75;0.010379;5.6263;nan;nan;nan;nan;nan;nan;nan;nan;nan;nan
2021-04-07;2.75;0.010379;5.5864;nan;nan;nan;nan;nan;nan;nan;nan;nan;nan
2021-04-08;2.75;0.010379;5.5817;nan;nan;nan;nan;nan;nan;nan;nan;nan;nan
2021-04-09;2.75;0.010379;5.6445;nan;nan;nan;nan;nan;nan;nan;nan;nan;nan
2021-04-10;2.75;nan;nan;nan;nan;nan;nan;nan;nan;nan;nan;nan;nan
2021-04-11;2.75;nan;nan;nan;nan;nan;nan;nan;nan;nan;nan;nan;nan
2021-04-12;2.75;0.010379;5.6582;nan;nan;nan;nan;nan;nan;nan;nan;nan;nan
2021-04-13;2.75;0.010379;5.7064;nan;nan;nan;nan;nan;nan;nan;nan;nan;nan
2021-04-14;2.75;0.010379;5.6936;nan;nan;nan;nan;nan;nan;nan;nan;nan;nan
2021-04-15;2.75;0.010379;5.6234;nan;nan;nan;nan;nan;nan;nan;nan;nan;nan
2021-04-16;2.75;0.010379;5.6328;nan;nan;nan;nan;nan;nan;nan;nan;nan;nan
2021-04-17;2.75;nan;nan;nan;nan;nan;nan;nan;nan;nan;nan;nan;nan
2021-04-18;2.75;nan;nan;nan;nan;nan;nan;nan;nan;nan;nan;nan;nan
2021-04-19;2.75;0.010379;5.575;nan;nan;nan;nan;nan;nan;nan;nan;nan;nan
2021-04-20;2.75;0.010379;5.5266;nan;nan;nan;nan;nan;nan;nan;nan;nan;nan
2021-04-21;2.75;nan;nan;nan;nan;nan;nan;nan;nan;nan;nan;nan;nan
2021-04-22;2.75;0.010379;5.497;nan;nan;nan;nan;nan;nan;nan;nan;nan;nan
2021-04-23;2.75;0.010379;5.4787;nan;nan;nan;nan;nan;nan;nan;nan;nan;nan
2021-04-24;2.75;nan;nan;nan;nan;nan;nan;nan;nan;nan;nan;nan;nan
2021-04-25;2.75;nan;nan;nan;nan;nan;nan;nan;nan;nan;nan;nan;nan
2021-04-26;2.75;0.010379;5.4566;nan;nan;nan;nan;nan;nan;nan;nan;nan;nan
2021-04-27;2.75;0.010379;5.4424;nan;nan;nan;nan;nan;nan;nan;nan;nan;nan
2021-04-28;2.75;0.010379;5.4005;nan;nan;nan;nan;nan;nan;nan;nan;nan;nan
2021-04-29;2.75;0.010379;5.3662;nan;nan;nan;nan;nan;nan;nan;nan;nan;nan
2021-04-30;2.75;0.010379;5.4036;nan;nan;nan;nan;nan;nan;nan;nan;nan;nan
2021-05-01;2.75;nan;nan;0.83;4.1;2.22;97.26936;2.33;2.97;1.51;77.3;335.87;350.52
2021-05-02;2.75;nan;nan;nan;nan;nan;nan;nan;nan;nan;nan;nan;nan
2021-05-03;2.75;0.010379;5.4087;nan;nan;nan;nan;nan;nan;nan;nan;nan;nan
2021-05-04;2.75;0.010379;5.4505;nan;nan;nan;nan;nan;nan;nan;nan;nan;nan
2021-05-05;2.75;0.010379;5.3872;nan;nan;nan;nan;nan;nan;nan;nan;nan;nan
2021-05-06;3.5;0.013269;5.2897;nan;nan;nan;nan;nan;nan;nan;nan;nan;nan
2021-05-07;3.5;0.013269;5.2217;nan;nan;nan;nan;nan;nan;nan;nan;nan;nan
2021-05-08;3.5;nan;nan;nan;nan;nan;nan;nan;nan;nan;nan;nan;nan
2021-05-09;3.5;nan;nan;nan;nan;nan;nan;nan;nan;nan;nan;nan;nan
2021-05-10;3.5;0.013269;5.2227;nan;nan;nan;nan;nan;nan;nan;nan;nan;nan
2021-05-11;3.5;0.013269;5.2403;nan;nan;nan;nan;nan;nan;nan;nan;nan;nan
2021-05-12;3.5;0.013269;5.2353;nan;nan;nan;nan;nan;nan;nan;nan;nan;nan
2021-05-13;3.5;0.013269;5.2815;nan;nan;nan;nan;nan;nan;nan;nan;nan;nan
2021-05-14;3.5;0.013269;5.2701;nan;nan;nan;nan;nan;nan;nan;nan;nan;nan
2021-05-15;3.5;nan;nan;nan;nan;nan;nan;nan;nan;nan;nan;nan;nan
2021-05-16;3.5;nan;nan;nan;nan;nan;nan;nan;nan;nan;nan;nan;nan
2021-05-17;3.5;0.013269;5.2755;nan;nan;nan;nan;nan;nan;nan;nan;nan;nan
2021-05-18;3.5;0.013269;5.2588;nan;nan;nan;nan;nan;nan;nan;nan;nan;nan
2021-05-19;3.5;0.013269;5.2822;nan;nan;nan;nan;nan;nan;nan;nan;nan;nan
2021-05-20;3.5;0.013269;5.2905;nan;nan;nan;nan;nan;nan;nan;nan;nan;nan
2021-05-21;3.5;0.013269;5.3027;nan;nan;nan;nan;nan;nan;nan;nan;nan;nan
2021-05-22;3.5;nan;nan;nan;nan;nan;nan;nan;nan;nan;nan;nan;nan
2021-05-23;3.5;nan;nan;nan;nan;nan;nan;nan;nan;nan;nan;nan;nan
2021-05-24;3.5;0.013269;5.3198;nan;nan;nan;nan;nan;nan;nan;nan;nan;nan
2021-05-25;3.5;0.013269;5.3143;nan;nan;nan;nan;nan;nan;nan;nan;nan;nan
2021-05-26;3.5;0.013269;5.3164;nan;nan;nan;nan;nan;nan;nan;nan;nan;nan
2021-05-27;3.5;0.013269;5.284;nan;nan;nan;nan;nan;nan;nan;nan;nan;nan
2021-05-28;3.5;0.013269;5.2281;nan;nan;nan;nan;nan;nan;nan;nan;nan;nan
2021-05-29;3.5;nan;nan;nan;nan;nan;nan;nan;nan;nan;nan;nan;nan
2021-05-30;3.5;nan;nan;nan;nan;nan;nan;nan;nan;nan;nan;nan;nan
2021-05-31;3.5;0.013269;5.2322;nan;nan;nan;nan;nan;nan;nan;nan;nan;nan
2021-06-01;3.5;0.013269;5.1636;0.53;0.6;2.16;96.80863;2.27;2.87;1.48;78.8;323.94;332.49
2021-06-02;3.5;0.013269;5.1147;nan;nan;nan;nan;nan;nan;nan;nan;nan;nan
2021-06-03;3.5;nan;nan;nan;nan;nan;nan;nan;nan;nan;nan;nan;nan
2021-06-04;3.5;0.013269;5.0666;nan;nan;nan;nan;nan;nan;nan;nan;nan;nan
2021-06-05;3.5;nan;nan;nan;nan;nan;nan;nan;nan;nan;nan;nan;nan
2021-06-06;3.5;nan;nan;nan;nan;nan;nan;nan;nan;nan;nan;nan;nan
2021-06-07;3.5;0.013269;5.0498;nan;nan;nan;nan;nan;nan;nan;nan;nan;nan
2021-06-08;3.5;0.013269;5.0489;nan;nan;nan;nan;nan;nan;nan;nan;nan;nan
2021-06-09;3.5;0.013269;5.0533;nan;nan;nan;nan;nan;nan;nan;nan;nan;nan
2021-06-10;3.5;0.013269;5.0635;nan;nan;nan;nan;nan;nan;nan;nan;nan;nan
2021-06-11;3.5;0.013269;5.119;nan;nan;nan;nan;nan;nan;nan;nan;nan;nan
2021-06-12;3.5;nan;nan;nan;nan;nan;nan;nan;nan;nan;nan;nan;nan
2021-06-13;3.5;nan;nan;nan;nan;nan;nan;nan;nan;nan;nan;nan;nan
2021-06-14;3.5;0.013269;5.0707;nan;nan;nan;nan;nan;nan;nan;nan;nan;nan
2021-06-15;3.5;0.013269;5.0874;nan;nan;nan;nan;nan;nan;nan;nan;nan;nan
2021-06-16;3.5;0.013269;5.0207;nan;nan;nan;nan;nan;nan;nan;nan;nan;nan
2021-06-17;4.25;0.016137;5.0359;nan;nan;nan;nan;nan;nan;nan;nan;nan;nan
2021-06-18;4.25;0.016137;5.0314;nan;nan;nan;nan;nan;nan;nan;nan;nan;nan
2021-06-19;4.25;nan;nan;nan;nan;nan;nan;nan;nan;nan;nan;nan;nan
2021-06-20;4.25;nan;nan;nan;nan;nan;nan;nan;nan;nan;nan;nan;nan
2021-06-21;4.25;0.016137;5.0373;nan;nan;nan;nan;nan;nan;nan;nan;nan;nan
2021-06-22;4.25;0.016137;5.0178;nan;nan;nan;nan;nan;nan;nan;nan;nan;nan
2021-06-23;4.25;0.016137;4.9519;nan;nan;nan;nan;nan;nan;nan;nan;nan;nan
2021-06-24;4.25;0.016137;4.9277;nan;nan;nan;nan;nan;nan;nan;nan;nan;nan
2021-06-25;4.25;0.016137;4.9206;nan;nan;nan;nan;nan;nan;nan;nan;nan;nan
2021-06-26;4.25;nan;nan;nan;nan;nan;nan;nan;nan;nan;nan;nan;nan
2021-06-27;4.25;nan;nan;nan;nan;nan;nan;nan;nan;nan;nan;nan;nan
2021-06-28;4.25;0.016137;4.942;nan;nan;nan;nan;nan;nan;nan;nan;nan;nan
2021-06-29;4.25;0.016137;4.945;nan;nan;nan;nan;nan;nan;nan;nan;nan;nan
2021-06-30;4.25;0.016137;5.0022;nan;nan;nan;nan;nan;nan;nan;nan;nan;nan
2021-07-01;4.25;0.016137;5.0055;0.96;0.78;0.85;96.47886;2.31;2.9;1.52;79.5;340.69;347.42
2021-07-02;4.25;0.016137;5.0293;nan;nan;nan;nan;nan;nan;nan;nan;nan;nan
2021-07-03;4.25;nan;nan;nan;nan;nan;nan;nan;nan;nan;nan;nan;nan
2021-07-04;4.25;nan;nan;nan;nan;nan;nan;nan;nan;nan;nan;nan;nan
2021-07-05;4.25;0.016137;5.0749;nan;nan;nan;nan;nan;nan;nan;nan;nan;nan
2021-07-06;4.25;0.016137;5.1645;nan;nan;nan;nan;nan;nan;nan;nan;nan;nan
2021-07-07;4.25;0.016137;5.2328;nan;nan;nan;nan;nan;nan;nan;nan;nan;nan
2021-07-08;4.25;0.016137;5.2587;nan;nan;nan;nan;nan;nan;nan;nan;nan;nan
2021-07-09;4.25;0.016137;5.2393;nan;nan;nan;nan;nan;nan;nan;nan;nan;nan
2021-07-10;4.25;nan;nan;nan;nan;nan;nan;nan;nan;nan;nan;nan;nan
2021-07-11;4.25;nan;nan;nan;nan;nan;nan;nan;nan;nan;nan;nan;nan
2021-07-12;4.25;0.016137;5.2239;nan;nan;nan;nan;nan;nan;nan;nan;nan;nan
2021-07-13;4.25;0.016137;5.177;nan;nan;nan;nan;nan;nan;nan;nan;nan;nan
2021-07-14;4.25;0.016137;5.088;nan;nan;nan;nan;nan;nan;nan;nan;nan;nan
2021-07-15;4.25;0.016137;5.1;nan;nan;nan;nan;nan;nan;nan;nan;nan;nan
2021-07-16;4.25;0.016137;5.0941;nan;nan;nan;nan;nan;nan;nan;nan;nan;nan
2021-07-17;4.25;nan;nan;nan;nan;nan;nan;nan;nan;nan;nan;nan;nan
2021-07-18;4.25;nan;nan;nan;nan;nan;nan;nan;nan;nan;nan;nan;nan
2021-07-19;4.25;0.016137;5.1978;nan;nan;nan;nan;nan;nan;nan;nan;nan;nan
2021-07-20;4.25;0.016137;5.2465;nan;nan;nan;nan;nan;nan;nan;nan;nan;nan
2021-07-21;4.25;0.016137;5.2516;nan;nan;nan;nan;nan;nan;nan;nan;nan;nan
2021-07-22;4.25;0.016137;5.1978;nan;nan;nan;nan;nan;nan;nan;nan;nan;nan
2021-07-23;4.25;0.016137;5.1701;nan;nan;nan;nan;nan;nan;nan;nan;nan;nan
2021-07-24;4.25;nan;nan;nan;nan;nan;nan;nan;nan;nan;nan;nan;nan
2021-07-25;4.25;nan;nan;nan;nan;nan;nan;nan;nan;nan;nan;nan;nan
2021-07-26;4.25;0.016137;5.1863;nan;nan;nan;nan;nan;nan;nan;nan;nan;nan
2021-07-27;4.25;0.016137;5.1669;nan;nan;nan;nan;nan;nan;nan;nan;nan;nan
2021-07-28;4.25;0.016137;5.1527;nan;nan;nan;nan;nan;nan;nan;nan;nan;nan
2021-07-29;4.25;0.016137;5.0682;nan;nan;nan;nan;nan;nan;nan;nan;nan;nan
2021-07-30;4.25;0.016137;5.1216;nan;nan;nan;nan;nan;nan;nan;nan;nan;nan
2021-07-31;4.25;nan;nan;nan;nan;nan;nan;nan;nan;nan;nan;nan;nan
2021-08-01;4.25;nan;nan;0.87;0.66;0.46;97.0809;2.31;2.92;1.5;79.9;352.27;362.39
2021-08-02;4.25;0.016137;5.1379;nan;nan;nan;nan;nan;nan;nan;nan;nan;nan
2021-08-03;4.25;0.016137;5.2464;nan;nan;nan;nan;nan;nan;nan;nan;nan;nan
2021-08-04;4.25;0.016137;5.2091;nan;nan;nan;nan;nan;nan;nan;nan;nan;nan
2021-08-05;5.25;0.01993;5.1464;nan;nan;nan;nan;nan;nan;nan;nan;nan;nan
2021-08-06;5.25;0.01993;5.241;nan;nan;nan;nan;nan;nan;nan;nan;nan;nan
2021-08-07;5.25;nan;nan;nan;nan;nan;nan;nan;nan;nan;nan;nan;nan
2021-08-08;5.25;nan;nan;nan;nan;nan;nan;nan;nan;nan;nan;nan;nan
2021-08-09;5.25;0.01993;5.2774;nan;nan;nan;nan;nan;nan;nan;nan;nan;nan
2021-08-10;5.25;0.01993;5.2217;nan;nan;nan;nan;nan;nan;nan;nan;nan;nan
2021-08-11;5.25;0.01993;5.2013;nan;nan;nan;nan;nan;nan;nan;nan;nan;nan
2021-08-12;5.25;0.01993;5.2351;nan;nan;nan;nan;nan;nan;nan;nan;nan;nan
2021-08-13;5.25;0.01993;5.2474;nan;nan;nan;nan;nan;nan;nan;nan;nan;nan
2021-08-14;5.25;nan;nan;nan;nan;nan;nan;nan;nan;nan;nan;nan;nan
2021-08-15;5.25;nan;nan;nan;nan;nan;nan;nan;nan;nan;nan;nan;nan
2021-08-16;5.25;0.01993;5.2495;nan;nan;nan;nan;nan;nan;nan;nan;nan;nan
2021-08-17;5.25;0.01993;5.2585;nan;nan;nan;nan;nan;nan;nan;nan;nan;nan
2021-08-18;5.25;0.01993;5.3025;nan;nan;nan;nan;nan;nan;nan;nan;nan;nan
2021-08-19;5.25;0.01993;5.418;nan;nan;nan;nan;nan;nan;nan;nan;nan;nan
2021-08-20;5.25;0.01993;5.4274;nan;nan;nan;nan;nan;nan;nan;nan;nan;nan
2021-08-21;5.25;nan;nan;nan;nan;nan;nan;nan;nan;nan;nan;nan;nan
2021-08-22;5.25;nan;nan;nan;nan;nan;nan;nan;nan;nan;nan;nan;nan
2021-08-23;5.25;0.01993;5.3686;nan;nan;nan;nan;nan;nan;nan;nan;nan;nan
2021-08-24;5.25;0.01993;5.3017;nan;nan;nan;nan;nan;nan;nan;nan;nan;nan
2021-08-25;5.25;0.01993;5.2465;nan;nan;nan;nan;nan;nan;nan;nan;nan;nan
2021-08-26;5.25;0.01993;5.2429;nan;nan;nan;nan;nan;nan;nan;nan;nan;nan
2021-08-27;5.25;0.01993;5.22;nan;nan;nan;nan;nan;nan;nan;nan;nan;nan
2021-08-28;5.25;nan;nan;nan;nan;nan;nan;nan;nan;nan;nan;nan;nan
2021-08-29;5.25;nan;nan;nan;nan;nan;nan;nan;nan;nan;nan;nan;nan
2021-08-30;5.25;0.01993;5.1952;nan;nan;nan;nan;nan;nan;nan;nan;nan;nan
2021-08-31;5.25;0.01993;5.1433;nan;nan;nan;nan;nan;nan;nan;nan;nan;nan
2021-09-01;5.25;0.01993;5.1576;1.16;-0.64;0.51;97.00203;2.28;2.97;1.36;81.3;360.47;360.43
2021-09-02;5.25;0.01993;5.1735;nan;nan;nan;nan;nan;nan;nan;nan;nan;nan
2021-09-03;5.25;0.01993;5.1685;nan;nan;nan;nan;nan;nan;nan;nan;nan;nan
2021-09-04;5.25;nan;nan;nan;nan;nan;nan;nan;nan;nan;nan;nan;nan
2021-09-05;5.25;nan;nan;nan;nan;nan;nan;nan;nan;nan;nan;nan;nan
2021-09-06;5.25;0.01993;5.1773;nan;nan;nan;nan;nan;nan;nan;nan;nan;nan
2021-09-07;5.25;nan;nan;nan;nan;nan;nan;nan;nan;nan;nan;nan;nan
2021-09-08;5.25;0.01993;5.2524;nan;nan;nan;nan;nan;nan;nan;nan;nan;nan
2021-09-09;5.25;0.01993;5.2825;nan;nan;nan;nan;nan;nan;nan;nan;nan;nan
2021-09-10;5.25;0.01993;5.2158;nan;nan;nan;nan;nan;nan;nan;nan;nan;nan
2021-09-11;5.25;nan;nan;nan;nan;nan;nan;nan;nan;nan;nan;nan;nan
2021-09-12;5.25;nan;nan;nan;nan;nan;nan;nan;nan;nan;nan;nan;nan
2021-09-13;5.25;0.01993;5.219;nan;nan;nan;nan;nan;nan;nan;nan;nan;nan
2021-09-14;5.25;0.01993;5.226;nan;nan;nan;nan;nan;nan;nan;nan;nan;nan
2021-09-15;5.25;0.01993;5.2576;nan;nan;nan;nan;nan;nan;nan;nan;nan;nan
2021-09-16;5.25;0.01993;5.2594;nan;nan;nan;nan;nan;nan;nan;nan;nan;nan
2021-09-17;5.25;0.01993;5.3103;nan;nan;nan;nan;nan;nan;nan;nan;nan;nan
2021-09-18;5.25;nan;nan;nan;nan;nan;nan;nan;nan;nan;nan;nan;nan
2021-09-19;5.25;nan;nan;nan;nan;nan;nan;nan;nan;nan;nan;nan;nan
2021-09-20;5.25;0.01993;5.3332;nan;nan;nan;nan;nan;nan;nan;nan;nan;nan
2021-09-21;5.25;0.01993;5.3044;nan;nan;nan;nan;nan;nan;nan;nan;nan;nan
2021-09-22;5.25;0.01993;5.2783;nan;nan;nan;nan;nan;nan;nan;nan;nan;nan
2021-09-23;6.25;0.023687;5.2891;nan;nan;nan;nan;nan;nan;nan;nan;nan;nan
2021-09-24;6.25;0.023687;5.3435;nan;nan;nan;nan;nan;nan;nan;nan;nan;nan
2021-09-25;6.25;nan;nan;nan;nan;nan;nan;nan;nan;nan;nan;nan;nan
2021-09-26;6.25;nan;nan;nan;nan;nan;nan;nan;nan;nan;nan;nan;nan
2021-09-27;6.25;0.023687;5.3478;nan;nan;nan;nan;nan;nan;nan;nan;nan;nan
2021-09-28;6.25;0.023687;5.4206;nan;nan;nan;nan;nan;nan;nan;nan;nan;nan
2021-09-29;6.25;0.023687;5.4173;nan;nan;nan;nan;nan;nan;nan;nan;nan;nan
2021-09-30;6.25;0.023687;5.4394;nan;nan;nan;nan;nan;nan;nan;nan;nan;nan
2021-10-01;6.25;0.023687;5.3911;1.25;0.64;0.86;97.48535;2.28;2.95;1.36;83.2;401.15;390.44
2021-10-02;6.25;nan;nan;nan;nan;nan;nan;nan;nan;nan;nan;nan;nan
2021-10-03;6.25;nan;nan;nan;nan;nan;nan;nan;nan;nan;nan;nan;nan
2021-10-04;6.25;0.023687;5.4204;nan;nan;nan;nan;nan;nan;nan;nan;nan;nan
2021-10-05;6.25;0.023687;5.4611;nan;nan;nan;nan;nan;nan;nan;nan;nan;nan
2021-10-06;6.25;0.023687;5.5097;nan;nan;nan;nan;nan;nan;nan;nan;nan;nan
2021-10-07;6.25;0.023687;5.514;nan;nan;nan;nan;nan;nan;nan;nan;nan;nan
2021-10-08;6.25;0.023687;5.5084;nan;nan;nan;nan;nan;nan;nan;nan;nan;nan
2021-10-09;6.25;nan;nan;nan;nan;nan;nan;nan;nan;nan;nan;nan;nan
2021-10-10;6.25;nan;nan;nan;nan;nan;nan;nan;nan;nan;nan;nan;nan
2021-10-11;6.25;0.023687;5.5161;nan;nan;nan;nan;nan;nan;nan;nan;nan;nan
2021-10-12;6.25;nan;nan;nan;nan;nan;nan;nan;nan;nan;nan;nan;nan
2021-10-13;6.25;0.023687;5.5471;nan;nan;nan;nan;nan;nan;nan;nan;nan;nan
2021-10-14;6.25;0.023687;5.4988;nan;nan;nan;nan;nan;nan;nan;nan;nan;nan
2021-10-15;6.25;0.023687;5.451;nan;nan;nan;nan;nan;nan;nan;nan;nan;nan
2021-10-16;6.25;nan;nan;nan;nan;nan;nan;nan;nan;nan;nan;nan;nan
2021-10-17;6.25;nan;nan;nan;nan;nan;nan;nan;nan;nan;nan;nan;nan
2021-10-18;6.25;0.023687;5.5193;nan;nan;nan;nan;nan;nan;nan;nan;nan;nan
2021-10-19;6.25;0.023687;5.5521;nan;nan;nan;nan;nan;nan;nan;nan;nan;nan
2021-10-20;6.25;0.023687;5.5571;nan;nan;nan;nan;nan;nan;nan;nan;nan;nan
2021-10-21;6.25;0.023687;5.6423;nan;nan;nan;nan;nan;nan;nan;nan;nan;nan
2021-10-22;6.25;0.023687;5.7117;nan;nan;nan;nan;nan;nan;nan;nan;nan;nan
2021-10-23;6.25;nan;nan;nan;nan;nan;nan;nan;nan;nan;nan;nan;nan
2021-10-24;6.25;nan;nan;nan;nan;nan;nan;nan;nan;nan;nan;nan;nan
2021-10-25;6.25;0.023687;5.5973;nan;nan;nan;nan;nan;nan;nan;nan;nan;nan
2021-10-26;6.25;0.023687;5.58;nan;nan;nan;nan;nan;nan;nan;nan;nan;nan
2021-10-27;6.25;0.023687;5.5667;nan;nan;nan;nan;nan;nan;nan;nan;nan;nan
2021-10-28;7.75;0.029256;5.6124;nan;nan;nan;nan;nan;nan;nan;nan;nan;nan
2021-10-29;7.75;0.029256;5.643;nan;nan;nan;nan;nan;nan;nan;nan;nan;nan
2021-10-30;7.75;nan;nan;nan;nan;nan;nan;nan;nan;nan;nan;nan;nan
2021-10-31;7.75;nan;nan;nan;nan;nan;nan;nan;nan;nan;nan;nan;nan
2021-11-01;7.75;0.029256;5.6694;0.95;0.02;0.67;98.95894;2.31;2.97;1.4;82.8;399.81;407.22
2021-11-02;7.75;nan;nan;nan;nan;nan;nan;nan;nan;nan;nan;nan;nan
2021-11-03;7.75;0.029256;5.6672;nan;nan;nan;nan;nan;nan;nan;nan;nan;nan
2021-11-04;7.75;0.029256;5.5942;nan;nan;nan;nan;nan;nan;nan;nan;nan;nan
2021-11-05;7.75;0.029256;5.5455;nan;nan;nan;nan;nan;nan;nan;nan;nan;nan
2021-11-06;7.75;nan;nan;nan;nan;nan;nan;nan;nan;nan;nan;nan;nan
2021-11-07;7.75;nan;nan;nan;nan;nan;nan;nan;nan;nan;nan;nan;nan
2021-11-08;7.75;0.029256;5.5627;nan;nan;nan;nan;nan;nan;nan;nan;nan;nan
2021-11-09;7.75;0.029256;5.4957;nan;nan;nan;nan;nan;nan;nan;nan;nan;nan
2021-11-10;7.75;0.029256;5.459;nan;nan;nan;nan;nan;nan;nan;nan;nan;nan
2021-11-11;7.75;0.029256;5.4171;nan;nan;nan;nan;nan;nan;nan;nan;nan;nan
2021-11-12;7.75;0.029256;5.4199;nan;nan;nan;nan;nan;nan;nan;nan;nan;nan
2021-11-13;7.75;nan;nan;nan;nan;nan;nan;nan;nan;nan;nan;nan;nan
2021-11-14;7.75;nan;nan;nan;nan;nan;nan;nan;nan;nan;nan;nan;nan
2021-11-15;7.75;nan;nan;nan;nan;nan;nan;nan;nan;nan;nan;nan;nan
2021-11-16;7.75;0.029256;5.4772;nan;nan;nan;nan;nan;nan;nan;nan;nan;nan
2021-11-17;7.75;0.029256;5.4993;nan;nan;nan;nan;nan;nan;nan;nan;nan;nan
2021-11-18;7.75;0.029256;5.547;nan;nan;nan;nan;nan;nan;nan;nan;nan;nan
2021-11-19;7.75;0.029256;5.5584;nan;nan;nan;nan;nan;nan;nan;nan;nan;nan
2021-11-20;7.75;nan;nan;nan;nan;nan;nan;nan;nan;nan;nan;nan;nan
2021-11-21;7.75;nan;nan;nan;nan;nan;nan;nan;nan;nan;nan;nan;nan
2021-11-22;7.75;0.029256;5.5841;nan;nan;nan;nan;nan;nan;nan;nan;nan;nan
2021-11-23;7.75;0.029256;5.6456;nan;nan;nan;nan;nan;nan;nan;nan;nan;nan
2021-11-24;7.75;0.029256;5.6027;nan;nan;nan;nan;nan;nan;nan;nan;nan;nan
2021-11-25;7.75;0.029256;5.574;nan;nan;nan;nan;nan;nan;nan;nan;nan;nan
2021-11-26;7.75;0.029256;5.5865;nan;nan;nan;nan;nan;nan;nan;nan;nan;nan
2021-11-27;7.75;nan;nan;nan;nan;nan;nan;nan;nan;nan;nan;nan;nan
2021-11-28;7.75;nan;nan;nan;nan;nan;nan;nan;nan;nan;nan;nan;nan
2021-11-29;7.75;0.029256;5.6118;nan;nan;nan;nan;nan;nan;nan;nan;nan;nan
2021-11-30;7.75;0.029256;5.6199;nan;nan;nan;nan;nan;nan;nan;nan;nan;nan
2021-12-01;7.75;0.029256;5.6168;0.73;0.87;0.35;99.14341;2.3;3.0;1.33;80.6;396.96;409.88
2021-12-02;7.75;0.029256;5.6345;nan;nan;nan;nan;nan;nan;nan;nan;nan;nan
2021-12-03;7.75;0.029256;5.6432;nan;nan;nan;nan;nan;nan;nan;nan;nan;nan
2021-12-04;7.75;nan;nan;nan;nan;nan;nan;nan;nan;nan;nan;nan;nan
2021-12-05;7.75;nan;nan;nan;nan;nan;nan;nan;nan;nan;nan;nan;nan
2021-12-06;7.75;0.029256;5.6877;nan;nan;nan;nan;nan;nan;nan;nan;nan;nan
2021-12-07;7.75;0.029256;5.6411;nan;nan;nan;nan;nan;nan;nan;nan;nan;nan
2021-12-08;7.75;0.029256;5.5779;nan;nan;nan;nan;nan;nan;nan;nan;nan;nan
2021-12-09;9.25;0.034749;5.5564;nan;nan;nan;nan;nan;nan;nan;nan;nan;nan
2021-12-10;9.25;0.034749;5.5931;nan;nan;nan;nan;nan;nan;nan;nan;nan;nan
2021-12-11;9.25;nan;nan;nan;nan;nan;nan;nan;nan;nan;nan;nan;nan
2021-12-12;9.25;nan;nan;nan;nan;nan;nan;nan;nan;nan;nan;nan;nan
2021-12-13;9.25;0.034749;5.6357;nan;nan;nan;nan;nan;nan;nan;nan;nan;nan
2021-12-14;9.25;0.034749;5.6461;nan;nan;nan;nan;nan;nan;nan;nan;nan;nan
2021-12-15;9.25;0.034749;5.7127;nan;nan;nan;nan;nan;nan;nan;nan;nan;nan
2021-12-16;9.25;0.034749;5.6963;nan;nan;nan;nan;nan;nan;nan;nan;nan;nan
2021-12-17;9.25;0.034749;5.6959;nan;nan;nan;nan;nan;nan;nan;nan;nan;nan
2021-12-18;9.25;nan;nan;nan;nan;nan;nan;nan;nan;nan;nan;nan;nan
2021-12-19;9.25;nan;nan;nan;nan;nan;nan;nan;nan;nan;nan;nan;nan
2021-12-20;9.25;0.034749;5.7055;nan;nan;nan;nan;nan;nan;nan;nan;nan;nan
2021-12-21;9.25;0.034749;5.7372;nan;nan;nan;nan;nan;nan;nan;nan;nan;nan
2021-12-22;9.25;0.034749;5.7201;nan;nan;nan;nan;nan;nan;nan;nan;nan;nan
2021-12-23;9.25;0.034749;5.691;nan;nan;nan;nan;nan;nan;nan;nan;nan;nan
2021-12-24;9.25;0.034749;5.6591;nan;nan;nan;nan;nan;nan;nan;nan;nan;nan
2021-12-25;9.25;nan;nan;nan;nan;nan;nan;nan;nan;nan;nan;nan;nan
2021-12-26;9.25;nan;nan;nan;nan;nan;nan;nan;nan;nan;nan;nan;nan
2021-12-27;9.25;0.034749;5.665;nan;nan;nan;nan;nan;nan;nan;nan;nan;nan
2021-12-28;9.25;0.034749;5.6438;nan;nan;nan;nan;nan;nan;nan;nan;nan;nan
2021-12-29;9.25;0.034749;5.6619;nan;nan;nan;nan;nan;nan;nan;nan;nan;nan
2021-12-30;9.25;0.034749;5.5805;nan;nan;nan;nan;nan;nan;nan;nan;nan;nan
2021-12-31;9.25;0.034749;5.5805;nan;nan;nan;nan;nan;nan;nan;nan;nan;nan
2022-01-01;9.25;nan;nan;0.54;1.82;0.71;97.60686;2.45;3.21;1.38;78.9;408.84;415.9
2022-01-02;9.25;nan;nan;nan;nan;nan;nan;nan;nan;nan;nan;nan;nan
2022-01-03;9.25;0.034749;5.6309;nan;nan;nan;nan;nan;nan;nan;nan;nan;nan
2022-01-04;9.25;0.034749;5.6776;nan;nan;nan;nan;nan;nan;nan;nan;nan;nan
2022-01-05;9.25;0.034749;5.6628;nan;nan;nan;nan;nan;nan;nan;nan;nan;nan
2022-01-06;9.25;0.034749;5.7042;nan;nan;nan;nan;nan;nan;nan;nan;nan;nan
2022-01-07;9.25;0.034749;5.6753;nan;nan;nan;nan;nan;nan;nan;nan;nan;nan
2022-01-08;9.25;nan;nan;nan;nan;nan;nan;nan;nan;nan;nan;nan;nan
2022-01-09;9.25;nan;nan;nan;nan;nan;nan;nan;nan;nan;nan;nan;nan
2022-01-10;9.25;0.034749;5.6736;nan;nan;nan;nan;nan;nan;nan;nan;nan;nan
2022-01-11;9.25;0.034749;5.6351;nan;nan;nan;nan;nan;nan;nan;nan;nan;nan
2022-01-12;9.25;0.034749;5.5611;nan;nan;nan;nan;nan;nan;nan;nan;nan;nan
2022-01-13;9.25;0.034749;5.5246;nan;nan;nan;nan;nan;nan;nan;nan;nan;nan
2022-01-14;9.25;0.034749;5.5349;nan;nan;nan;nan;nan;nan;nan;nan;nan;nan
2022-01-15;9.25;nan;nan;nan;nan;nan;nan;nan;nan;nan;nan;nan;nan
2022-01-16;9.25;nan;nan;nan;nan;nan;nan;nan;nan;nan;nan;nan;nan
2022-01-17;9.25;0.034749;5.5058;nan;nan;nan;nan;nan;nan;nan;nan;nan;nan
2022-01-18;9.25;0.034749;5.5213;nan;nan;nan;nan;nan;nan;nan;nan;nan;nan
2022-01-19;9.25;0.034749;5.4978;nan;nan;nan;nan;nan;nan;nan;nan;nan;nan
2022-01-20;9.25;0.034749;5.4166;nan;nan;nan;nan;nan;nan;nan;nan;nan;nan
2022-01-21;9.25;0.034749;5.4401;nan;nan;nan;nan;nan;nan;nan;nan;nan;nan
2022-01-22;9.25;nan;nan;nan;nan;nan;nan;nan;nan;nan;nan;nan;nan
2022-01-23;9.25;nan;nan;nan;nan;nan;nan;nan;nan;nan;nan;nan;nan
2022-01-24;9.25;0.034749;5.491;nan;nan;nan;nan;nan;nan;nan;nan;nan;nan
2022-01-25;9.25;0.034749;5.4971;nan;nan;nan;nan;nan;nan;nan;nan;nan;nan
2022-01-26;9.25;0.034749;5.4324;nan;nan;nan;nan;nan;nan;nan;nan;nan;nan
2022-01-27;9.25;0.034749;5.3812;nan;nan;nan;nan;nan;nan;nan;nan;nan;nan
2022-01-28;9.25;0.034749;5.3954;nan;nan;nan;nan;nan;nan;nan;nan;nan;nan
2022-01-29;9.25;nan;nan;nan;nan;nan;nan;nan;nan;nan;nan;nan;nan
2022-01-30;9.25;nan;nan;nan;nan;nan;nan;nan;nan;nan;nan;nan;nan
2022-01-31;9.25;0.034749;5.3574;nan;nan;nan;nan;nan;nan;nan;nan;nan;nan
2022-02-01;9.25;0.034749;5.281;1.01;1.83;0.38;98.58021;2.51;3.33;1.36;79.3;405.63;406.76
2022-02-02;9.25;0.034749;5.2956;nan;nan;nan;nan;nan;nan;nan;nan;nan;nan
2022-02-03;10.75;0.040168;5.3025;nan;nan;nan;nan;nan;nan;nan;nan;nan;nan
2022-02-04;10.75;0.040168;5.3284;nan;nan;nan;nan;nan;nan;nan;nan;nan;nan
2022-02-05;10.75;nan;nan;nan;nan;nan;nan;nan;nan;nan;nan;nan;nan
2022-02-06;10.75;nan;nan;nan;nan;nan;nan;nan;nan;nan;nan;nan;nan
2022-02-07;10.75;0.040168;5.2913;nan;nan;nan;nan;nan;nan;nan;nan;nan;nan
2022-02-08;10.75;0.040168;5.2699;nan;nan;nan;nan;nan;nan;nan;nan;nan;nan
2022-02-09;10.75;0.040168;5.2735;nan;nan;nan;nan;nan;nan;nan;nan;nan;nan
2022-02-10;10.75;0.040168;5.2101;nan;nan;nan;nan;nan;nan;nan;nan;nan;nan
2022-02-11;10.75;0.040168;5.1987;nan;nan;nan;nan;nan;nan;nan;nan;nan;nan
2022-02-12;10.75;nan;nan;nan;nan;nan;nan;nan;nan;nan;nan;nan;nan
2022-02-13;10.75;nan;nan;nan;nan;nan;nan;nan;nan;nan;nan;nan;nan
2022-02-14;10.75;0.040168;5.2106;nan;nan;nan;nan;nan;nan;nan;nan;nan;nan
2022-02-15;10.75;0.040168;5.1881;nan;nan;nan;nan;nan;nan;nan;nan;nan;nan
2022-02-16;10.75;0.040168;5.163;nan;nan;nan;nan;nan;nan;nan;nan;nan;nan
2022-02-17;10.75;0.040168;5.1565;nan;nan;nan;nan;nan;nan;nan;nan;nan;nan
2022-02-18;10.75;0.040168;5.1339;nan;nan;nan;nan;nan;nan;nan;nan;nan;nan
2022-02-19;10.75;nan;nan;nan;nan;nan;nan;nan;nan;nan;nan;nan;nan
2022-02-20;10.75;nan;nan;nan;nan;nan;nan;nan;nan;nan;nan;nan;nan
2022-02-21;10.75;0.040168;5.0997;nan;nan;nan;nan;nan;nan;nan;nan;nan;nan
2022-02-22;10.75;0.040168;5.0611;nan;nan;nan;nan;nan;nan;nan;nan;nan;nan
2022-02-23;10.75;0.040168;5.0143;nan;nan;nan;nan;nan;nan;nan;nan;nan;nan
2022-02-24;10.75;0.040168;5.1174;nan;nan;nan;nan;nan;nan;nan;nan;nan;nan
2022-02-25;10.75;0.040168;5.1394;nan;nan;nan;nan;nan;nan;nan;nan;nan;nan
2022-02-26;10.75;nan;nan;nan;nan;nan;nan;nan;nan;nan;nan;nan;nan
2022-02-27;10.75;nan;nan;nan;nan;nan;nan;nan;nan;nan;nan;nan;nan
2022-02-28;10.75;nan;nan;nan;nan;nan;nan;nan;nan;nan;nan;nan;nan
2022-03-01;10.75;nan;nan;1.62;1.74;0.86;99.52945;2.59;3.39;1.46;79.0;423.39;398.94
2022-03-02;10.75;0.040168;5.1347;nan;nan;nan;nan;nan;nan;nan;nan;nan;nan
2022-03-03;10.75;0.040168;5.0479;nan;nan;nan;nan;nan;nan;nan;nan;nan;nan
2022-03-04;10.75;0.040168;5.0758;nan;nan;nan;nan;nan;nan;nan;nan;nan;nan
2022-03-05;10.75;nan;nan;nan;nan;nan;nan;nan;nan;nan;nan;nan;nan
2022-03-06;10.75;nan;nan;nan;nan;nan;nan;nan;nan;nan;nan;nan;nan
2022-03-07;10.75;0.040168;5.0579;nan;nan;nan;nan;nan;nan;nan;nan;nan;nan
2022-03-08;10.75;0.040168;5.0903;nan;nan;nan;nan;nan;nan;nan;nan;nan;nan
2022-03-09;10.75;0.040168;5.0094;nan;nan;nan;nan;nan;nan;nan;nan;nan;nan
2022-03-10;10.75;0.040168;5.0513;nan;nan;nan;nan;nan;nan;nan;nan;nan;nan
2022-03-11;10.75;0.040168;5.0255;nan;nan;nan;nan;nan;nan;nan;nan;nan;nan
2022-03-12;10.75;nan;nan;nan;nan;nan;nan;nan;nan;nan;nan;nan;nan
2022-03-13;10.75;nan;nan;nan;nan;nan;nan;nan;nan;nan;nan;nan;nan
2022-03-14;10.75;0.040168;5.0647;nan;nan;nan;nan;nan;nan;nan;nan;nan;nan
2022-03-15;10.75;0.040168;5.1314;nan;nan;nan;nan;nan;nan;nan;nan;nan;nan
2022-03-16;10.75;0.040168;5.1287;nan;nan;nan;nan;nan;nan;nan;nan;nan;nan
2022-03-17;11.75;0.043739;5.0764;nan;nan;nan;nan;nan;nan;nan;nan;nan;nan
2022-03-18;11.75;0.043739;5.0411;nan;nan;nan;nan;nan;nan;nan;nan;nan;nan
2022-03-19;11.75;nan;nan;nan;nan;nan;nan;nan;nan;nan;nan;nan;nan
2022-03-20;11.75;nan;nan;nan;nan;nan;nan;nan;nan;nan;nan;nan;nan
2022-03-21;11.75;0.043739;4.9666;nan;nan;nan;nan;nan;nan;nan;nan;nan;nan
2022-03-22;11.75;0.043739;4.9208;nan;nan;nan;nan;nan;nan;nan;nan;nan;nan
2022-03-23;11.75;0.043739;4.8704;nan;nan;nan;nan;nan;nan;nan;nan;nan;nan
2022-03-24;11.75;0.043739;4.8067;nan;nan;nan;nan;nan;nan;nan;nan;nan;nan
2022-03-25;11.75;0.043739;4.7782;nan;nan;nan;nan;nan;nan;nan;nan;nan;nan
2022-03-26;11.75;nan;nan;nan;nan;nan;nan;nan;nan;nan;nan;nan;nan
2022-03-27;11.75;nan;nan;nan;nan;nan;nan;nan;nan;nan;nan;nan;nan
2022-03-28;11.75;0.043739;4.7905;nan;nan;nan;nan;nan;nan;nan;nan;nan;nan
2022-03-29;11.75;0.043739;4.7486;nan;nan;nan;nan;nan;nan;nan;nan;nan;nan
2022-03-30;11.75;0.043739;4.7497;nan;nan;nan;nan;nan;nan;nan;nan;nan;nan
2022-03-31;11.75;0.043739;4.7378;nan;nan;nan;nan;nan;nan;nan;nan;nan;nan
2022-04-01;11.75;0.043739;4.6984;1.06;1.41;0.95;99.70952;2.66;3.48;1.48;78.7;418.63;398.0
2022-04-02;11.75;nan;nan;nan;nan;nan;nan;nan;nan;nan;nan;nan;nan
2022-04-03;11.75;nan;nan;nan;nan;nan;nan;nan;nan;nan;nan;nan;nan
2022-04-04;11.75;0.043739;4.6175;nan;nan;nan;nan;nan;nan;nan;nan;nan;nan
2022-04-05;11.75;0.043739;4.64;nan;nan;nan;nan;nan;nan;nan;nan;nan;nan
2022-04-06;11.75;0.043739;4.6967;nan;nan;nan;nan;nan;nan;nan;nan;nan;nan
2022-04-07;11.75;0.043739;4.7422;nan;nan;nan;nan;nan;nan;nan;nan;nan;nan
2022-04-08;11.75;0.043739;4.7513;nan;nan;nan;nan;nan;nan;nan;nan;nan;nan
2022-04-09;11.75;nan;nan;nan;nan;nan;nan;nan;nan;nan;nan;nan;nan
2022-04-10;11.75;nan;nan;nan;nan;nan;nan;nan;nan;nan;nan;nan;nan
2022-04-11;11.75;0.043739;4.7025;nan;nan;nan;nan;nan;nan;nan;nan;nan;nan
2022-04-12;11.75;0.043739;4.6483;nan;nan;nan;nan;nan;nan;nan;nan;nan;nan
2022-04-13;11.75;0.043739;4.6811;nan;nan;nan;nan;nan;nan;nan;nan;nan;nan
2022-04-14;11.75;0.043739;4.7158;nan;nan;nan;nan;nan;nan;nan;nan;nan;nan
2022-04-15;11.75;nan;nan;nan;nan;nan;nan;nan;nan;nan;nan;nan;nan
2022-04-16;11.75;nan;nan;nan;nan;nan;nan;nan;nan;nan;nan;nan;nan
2022-04-17;11.75;nan;nan;nan;nan;nan;nan;nan;nan;nan;nan;nan;nan
2022-04-18;11.75;0.043739;4.6746;nan;nan;nan;nan;nan;nan;nan;nan;nan;nan
2022-04-19;11.75;0.043739;4.6664;nan;nan;nan;nan;nan;nan;nan;nan;nan;nan
2022-04-20;11.75;0.043739;4.6397;nan;nan;nan;nan;nan;nan;nan;nan;nan;nan
2022-04-21;11.75;nan;nan;nan;nan;nan;nan;nan;nan;nan;nan;nan;nan
2022-04-22;11.75;0.043739;4.7326;nan;nan;nan;nan;nan;nan;nan;nan;nan;nan
2022-04-23;11.75;nan;nan;nan;nan;nan;nan;nan;nan;nan;nan;nan;nan
2022-04-24;11.75;nan;nan;nan;nan;nan;nan;nan;nan;nan;nan;nan;nan
2022-04-25;11.75;0.043739;4.8818;nan;nan;nan;nan;nan;nan;nan;nan;nan;nan
2022-04-26;11.75;0.043739;4.9666;nan;nan;nan;nan;nan;nan;nan;nan;nan;nan
2022-04-27;11.75;0.043739;5.0167;nan;nan;nan;nan;nan;nan;nan;nan;nan;nan
2022-04-28;11.75;0.043739;5.011;nan;nan;nan;nan;nan;nan;nan;nan;nan;nan
2022-04-29;11.75;0.043739;4.9191;nan;nan;nan;nan;nan;nan;nan;nan;nan;nan
2022-04-30;11.75;nan;nan;nan;nan;nan;nan;nan;nan;nan;nan;nan;nan
2022-05-01;11.75;nan;nan;0.47;0.52;2.28;99.71682;2.72;3.59;1.48;80.3;432.11;414.86
2022-05-02;11.75;0.043739;5.0266;nan;nan;nan;nan;nan;nan;nan;nan;nan;nan
2022-05-03;11.75;0.043739;5.0167;nan;nan;nan;nan;nan;nan;nan;nan;nan;nan
2022-05-04;11.75;0.043739;5.0093;nan;nan;nan;nan;nan;nan;nan;nan;nan;nan
2022-05-05;12.75;0.047279;5.0051;nan;nan;nan;nan;nan;nan;nan;nan;nan;nan
2022-05-06;12.75;0.047279;5.075;nan;nan;nan;nan;nan;nan;nan;nan;nan;nan
2022-05-07;12.75;nan;nan;nan;nan;nan;nan;nan;nan;nan;nan;nan;nan
2022-05-08;12.75;nan;nan;nan;nan;nan;nan;nan;nan;nan;nan;nan;nan
2022-05-09;12.75;0.047279;5.134;nan;nan;nan;nan;nan;nan;nan;nan;nan;nan
2022-05-10;12.75;0.047279;5.139;nan;nan;nan;nan;nan;nan;nan;nan;nan;nan
2022-05-11;12.75;0.047279;5.1244;nan;nan;nan;nan;nan;nan;nan;nan;nan;nan
2022-05-12;12.75;0.047279;5.1482;nan;nan;nan;nan;nan;nan;nan;nan;nan;nan
2022-05-13;12.75;0.047279;5.1075;nan;nan;nan;nan;nan;nan;nan;nan;nan;nan
2022-05-14;12.75;nan;nan;nan;nan;nan;nan;nan;nan;nan;nan;nan;nan
2022-05-15;12.75;nan;nan;nan;nan;nan;nan;nan;nan;nan;nan;nan;nan
2022-05-16;12.75;0.047279;5.0666;nan;nan;nan;nan;nan;nan;nan;nan;nan;nan
2022-05-17;12.75;0.047279;4.9676;nan;nan;nan;nan;nan;nan;nan;nan;nan;nan
2022-05-18;12.75;0.047279;4.9592;nan;nan;nan;nan;nan;nan;nan;nan;nan;nan
2022-05-19;12.75;0.047279;4.9198;nan;nan;nan;nan;nan;nan;nan;nan;nan;nan
2022-05-20;12.75;0.047279;4.8777;nan;nan;nan;nan;nan;nan;nan;nan;nan;nan
2022-05-21;12.75;nan;nan;nan;nan;nan;nan;nan;nan;nan;nan;nan;nan
2022-05-22;12.75;nan;nan;nan;nan;nan;nan;nan;nan;nan;nan;nan;nan
2022-05-23;12.75;0.047279;4.7973;nan;nan;nan;nan;nan;nan;nan;nan;nan;nan
2022-05-24;12.75;0.047279;4.8106;nan;nan;nan;nan;nan;nan;nan;nan;nan;nan
2022-05-25;12.75;0.047279;4.8359;nan;nan;nan;nan;nan;nan;nan;nan;nan;nan
2022-05-26;12.75;0.047279;4.7967;nan;nan;nan;nan;nan;nan;nan;nan;nan;nan
2022-05-27;12.75;0.047279;4.7434;nan;nan;nan;nan;nan;nan;nan;nan;nan;nan
2022-05-28;12.75;nan;nan;nan;nan;nan;nan;nan;nan;nan;nan;nan;nan
2022-05-29;12.75;nan;nan;nan;nan;nan;nan;nan;nan;nan;nan;nan;nan
2022-05-30;12.75;0.047279;4.7216;nan;nan;nan;nan;nan;nan;nan;nan;nan;nan
2022-05-31;12.75;0.047279;4.7289;nan;nan;nan;nan;nan;nan;nan;nan;nan;nan
2022-06-01;12.75;0.047279;4.7765;0.67;0.59;2.14;99.56457;2.66;3.52;1.44;80.8;428.02;405.45
2022-06-02;12.75;0.047279;4.7879;nan;nan;nan;nan;nan;nan;nan;nan;nan;nan
2022-06-03;12.75;0.047279;4.7956;nan;nan;nan;nan;nan;nan;nan;nan;nan;nan
2022-06-04;12.75;nan;nan;nan;nan;nan;nan;nan;nan;nan;nan;nan;nan
2022-06-05;12.75;nan;nan;nan;nan;nan;nan;nan;nan;nan;nan;nan;nan
2022-06-06;12.75;0.047279;4.7839;nan;nan;nan;nan;nan;nan;nan;nan;nan;nan
2022-06-07;12.75;0.047279;4.8909;nan;nan;nan;nan;nan;nan;nan;nan;nan;nan
2022-06-08;12.75;0.047279;4.8711;nan;nan;nan;nan;nan;nan;nan;nan;nan;nan
2022-06-09;12.75;0.047279;4.8951;nan;nan;nan;nan;nan;nan;nan;nan;nan;nan
2022-06-10;12.75;0.047279;4.9836;nan;nan;nan;nan;nan;nan;nan;nan;nan;nan
2022-06-11;12.75;nan;nan;nan;nan;nan;nan;nan;nan;nan;nan;nan;nan
2022-06-12;12.75;nan;nan;nan;nan;nan;nan;nan;nan;nan;nan;nan;nan
2022-06-13;12.75;0.047279;5.1033;nan;nan;nan;nan;nan;nan;nan;nan;nan;nan
2022-06-14;12.75;0.047279;5.1203;nan;nan;nan;nan;nan;nan;nan;nan;nan;nan
2022-06-15;12.75;0.047279;5.1119;nan;nan;nan;nan;nan;nan;nan;nan;nan;nan
2022-06-16;13.25;nan;nan;nan;nan;nan;nan;nan;nan;nan;nan;nan;nan
2022-06-17;13.25;0.049037;5.1313;nan;nan;nan;nan;nan;nan;nan;nan;nan;nan
2022-06-18;13.25;nan;nan;nan;nan;nan;nan;nan;nan;nan;nan;nan;nan
2022-06-19;13.25;nan;nan;nan;nan;nan;nan;nan;nan;nan;nan;nan;nan
2022-06-20;13.25;0.049037;5.1641;nan;nan;nan;nan;nan;nan;nan;nan;nan;nan
2022-06-21;13.25;0.049037;5.1462;nan;nan;nan;nan;nan;nan;nan;nan;nan;nan
2022-06-22;13.25;0.049037;5.1509;nan;nan;nan;nan;nan;nan;nan;nan;nan;nan
2022-06-23;13.25;0.049037;5.1833;nan;nan;nan;nan;nan;nan;nan;nan;nan;nan
2022-06-24;13.25;0.049037;5.2334;nan;nan;nan;nan;nan;nan;nan;nan;nan;nan
2022-06-25;13.25;nan;nan;nan;nan;nan;nan;nan;nan;nan;nan;nan;nan
2022-06-26;13.25;nan;nan;nan;nan;nan;nan;nan;nan;nan;nan;nan;nan
2022-06-27;13.25;0.049037;5.2214;nan;nan;nan;nan;nan;nan;nan;nan;nan;nan
2022-06-28;13.25;0.049037;5.2179;nan;nan;nan;nan;nan;nan;nan;nan;nan;nan
2022-06-29;13.25;0.049037;5.2268;nan;nan;nan;nan;nan;nan;nan;nan;nan;nan
2022-06-30;13.25;0.049037;5.238;nan;nan;nan;nan;nan;nan;nan;nan;nan;nan
2022-07-01;13.25;0.049037;5.3142;-0.68;0.21;0.86;101.4326;2.77;3.65;1.51;81.7;417.62;393.98
2022-07-02;13.25;nan;nan;nan;nan;nan;nan;nan;nan;nan;nan;nan;nan
2022-07-03;13.25;nan;nan;nan;nan;nan;nan;nan;nan;nan;nan;nan;nan
2022-07-04;13.25;0.049037;5.3038;nan;nan;nan;nan;nan;nan;nan;nan;nan;nan
2022-07-05;13.25;0.049037;5.3899;nan;nan;nan;nan;nan;nan;nan;nan;nan;nan
2022-07-06;13.25;0.049037;5.4321;nan;nan;nan;nan;nan;nan;nan;nan;nan;nan
2022-07-07;13.25;0.049037;5.364;nan;nan;nan;nan;nan;nan;nan;nan;nan;nan
2022-07-08;13.25;0.049037;5.3086;nan;nan;nan;nan;nan;nan;nan;nan;nan;nan
2022-07-09;13.25;nan;nan;nan;nan;nan;nan;nan;nan;nan;nan;nan;nan
2022-07-10;13.25;nan;nan;nan;nan;nan;nan;nan;nan;nan;nan;nan;nan
2022-07-11;13.25;0.049037;5.3477;nan;nan;nan;nan;nan;nan;nan;nan;nan;nan
2022-07-12;13.25;0.049037;5.412;nan;nan;nan;nan;nan;nan;nan;nan;nan;nan
2022-07-13;13.25;0.049037;5.3992;nan;nan;nan;nan;nan;nan;nan;nan;nan;nan
2022-07-14;13.25;0.049037;5.4568;nan;nan;nan;nan;nan;nan;nan;nan;nan;nan
2022-07-15;13.25;0.049037;5.4014;nan;nan;nan;nan;nan;nan;nan;nan;nan;nan
2022-07-16;13.25;nan;nan;nan;nan;nan;nan;nan;nan;nan;nan;nan;nan
2022-07-17;13.25;nan;nan;nan;nan;nan;nan;nan;nan;nan;nan;nan;nan
2022-07-18;13.25;0.049037;5.3675;nan;nan;nan;nan;nan;nan;nan;nan;nan;nan
2022-07-19;13.25;0.049037;5.3904;nan;nan;nan;nan;nan;nan;nan;nan;nan;nan
2022-07-20;13.25;0.049037;5.4288;nan;nan;nan;nan;nan;nan;nan;nan;nan;nan
2022-07-21;13.25;0.049037;5.475;nan;nan;nan;nan;nan;nan;nan;nan;nan;nan
2022-07-22;13.25;0.049037;5.4522;nan;nan;nan;nan;nan;nan;nan;nan;nan;nan
2022-07-23;13.25;nan;nan;nan;nan;nan;nan;nan;nan;nan;nan;nan;nan
2022-07-24;13.25;nan;nan;nan;nan;nan;nan;nan;nan;nan;nan;nan;nan
2022-07-25;13.25;0.049037;5.4144;nan;nan;nan;nan;nan;nan;nan;nan;nan;nan
2022-07-26;13.25;0.049037;5.3608;nan;nan;nan;nan;nan;nan;nan;nan;nan;nan
2022-07-27;13.25;0.049037;5.3074;nan;nan;nan;nan;nan;nan;nan;nan;nan;nan
2022-07-28;13.25;0.049037;5.2149;nan;nan;nan;nan;nan;nan;nan;nan;nan;nan
2022-07-29;13.25;0.049037;5.1884;nan;nan;nan;nan;nan;nan;nan;nan;nan;nan
2022-07-30;13.25;nan;nan;nan;nan;nan;nan;nan;nan;nan;nan;nan;nan
2022-07-31;13.25;nan;nan;nan;nan;nan;nan;nan;nan;nan;nan;nan;nan
2022-08-01;13.25;0.049037;5.1606;-0.36;-0.7;0.09;101.05392;2.83;3.72;1.52;82.4;414.63;393.51
2022-08-02;13.25;0.049037;5.2329;nan;nan;nan;nan;nan;nan;nan;nan;nan;nan
2022-08-03;13.25;0.049037;5.2846;nan;nan;nan;nan;nan;nan;nan;nan;nan;nan
2022-08-04;13.75;0.050788;5.2409;nan;nan;nan;nan;nan;nan;nan;nan;nan;nan
2022-08-05;13.75;0.050788;5.2165;nan;nan;nan;nan;nan;nan;nan;nan;nan;nan
2022-08-06;13.75;nan;nan;nan;nan;nan;nan;nan;nan;nan;nan;nan;nan
2022-08-07;13.75;nan;nan;nan;nan;nan;nan;nan;nan;nan;nan;nan;nan
2022-08-08;13.75;0.050788;5.1247;nan;nan;nan;nan;nan;nan;nan;nan;nan;nan
2022-08-09;13.75;0.050788;5.1224;nan;nan;nan;nan;nan;nan;nan;nan;nan;nan
2022-08-10;13.75;0.050788;5.0497;nan;nan;nan;nan;nan;nan;nan;nan;nan;nan
2022-08-11;13.75;0.050788;5.1127;nan;nan;nan;nan;nan;nan;nan;nan;nan;nan
2022-08-12;13.75;0.050788;5.1023;nan;nan;nan;nan;nan;nan;nan;nan;nan;nan
2022-08-13;13.75;nan;nan;nan;nan;nan;nan;nan;nan;nan;nan;nan;nan
2022-08-14;13.75;nan;nan;nan;nan;nan;nan;nan;nan;nan;nan;nan;nan
2022-08-15;13.75;0.050788;5.0925;nan;nan;nan;nan;nan;nan;nan;nan;nan;nan
2022-08-16;13.75;0.050788;5.134;nan;nan;nan;nan;nan;nan;nan;nan;nan;nan
2022-08-17;13.75;0.050788;5.1784;nan;nan;nan;nan;nan;nan;nan;nan;nan;nan
2022-08-18;13.75;0.050788;5.1773;nan;nan;nan;nan;nan;nan;nan;nan;nan;nan
2022-08-19;13.75;0.050788;5.1961;nan;nan;nan;nan;nan;nan;nan;nan;nan;nan
2022-08-20;13.75;nan;nan;nan;nan;nan;nan;nan;nan;nan;nan;nan;nan
2022-08-21;13.75;nan;nan;nan;nan;nan;nan;nan;nan;nan;nan;nan;nan
2022-08-22;13.75;0.050788;5.1709;nan;nan;nan;nan;nan;nan;nan;nan;nan;nan
2022-08-23;13.75;0.050788;5.103;nan;nan;nan;nan;nan;nan;nan;nan;nan;nan
2022-08-24;13.75;0.050788;5.105;nan;nan;nan;nan;nan;nan;nan;nan;nan;nan
2022-08-25;13.75;0.050788;5.1173;nan;nan;nan;nan;nan;nan;nan;nan;nan;nan
2022-08-26;13.75;0.050788;5.0903;nan;nan;nan;nan;nan;nan;nan;nan;nan;nan
2022-08-27;13.75;nan;nan;nan;nan;nan;nan;nan;nan;nan;nan;nan;nan
2022-08-28;13.75;nan;nan;nan;nan;nan;nan;nan;nan;nan;nan;nan;nan
2022-08-29;13.75;0.050788;5.0428;nan;nan;nan;nan;nan;nan;nan;nan;nan;nan
2022-08-30;13.75;0.050788;5.0617;nan;nan;nan;nan;nan;nan;nan;nan;nan;nan
2022-08-31;13.75;0.050788;5.179;nan;nan;nan;nan;nan;nan;nan;nan;nan;nan
2022-09-01;13.75;0.050788;5.2007;-0.29;-0.95;0.09;101.08482;2.85;3.74;1.55;81.9;408.91;404.05
2022-09-02;13.75;0.050788;5.1878;nan;nan;nan;nan;nan;nan;nan;nan;nan;nan
2022-09-03;13.75;nan;nan;nan;nan;nan;nan;nan;nan;nan;nan;nan;nan
2022-09-04;13.75;nan;nan;nan;nan;nan;nan;nan;nan;nan;nan;nan;nan
2022-09-05;13.75;0.050788;5.1686;nan;nan;nan;nan;nan;nan;nan;nan;nan;nan
2022-09-06;13.75;0.050788;5.2228;nan;nan;nan;nan;nan;nan;nan;nan;nan;nan
2022-09-07;13.75;nan;nan;nan;nan;nan;nan;nan;nan;nan;nan;nan;nan
2022-09-08;13.75;0.050788;5.2155;nan;nan;nan;nan;nan;nan;nan;nan;nan;nan
2022-09-09;13.75;0.050788;5.1633;nan;nan;nan;nan;nan;nan;nan;nan;nan;nan
2022-09-10;13.75;nan;nan;nan;nan;nan;nan;nan;nan;nan;nan;nan;nan
2022-09-11;13.75;nan;nan;nan;nan;nan;nan;nan;nan;nan;nan;nan;nan
2022-09-12;13.75;0.050788;5.1183;nan;nan;nan;nan;nan;nan;nan;nan;nan;nan
2022-09-13;13.75;0.050788;5.1794;nan;nan;nan;nan;nan;nan;nan;nan;nan;nan
2022-09-14;13.75;0.050788;5.1774;nan;nan;nan;nan;nan;nan;nan;nan;nan;nan
2022-09-15;13.75;0.050788;5.2211;nan;nan;nan;nan;nan;nan;nan;nan;nan;nan
2022-09-16;13.75;0.050788;5.2882;nan;nan;nan;nan;nan;nan;nan;nan;nan;nan
2022-09-17;13.75;nan;nan;nan;nan;nan;nan;nan;nan;nan;nan;nan;nan
2022-09-18;13.75;nan;nan;nan;nan;nan;nan;nan;nan;nan;nan;nan;nan
2022-09-19;13.75;0.050788;5.2367;nan;nan;nan;nan;nan;nan;nan;nan;nan;nan
2022-09-20;13.75;0.050788;5.1705;nan;nan;nan;nan;nan;nan;nan;nan;nan;nan
2022-09-21;13.75;0.050788;5.1692;nan;nan;nan;nan;nan;nan;nan;nan;nan;nan
2022-09-22;13.75;0.050788;5.1677;nan;nan;nan;nan;nan;nan;nan;nan;nan;nan
2022-09-23;13.75;0.050788;5.2257;nan;nan;nan;nan;nan;nan;nan;nan;nan;nan
2022-09-24;13.75;nan;nan;nan;nan;nan;nan;nan;nan;nan;nan;nan;nan
2022-09-25;13.75;nan;nan;nan;nan;nan;nan;nan;nan;nan;nan;nan;nan
2022-09-26;13.75;0.050788;5.3548;nan;nan;nan;nan;nan;nan;nan;nan;nan;nan
2022-09-27;13.75;0.050788;5.3508;nan;nan;nan;nan;nan;nan;nan;nan;nan;nan
2022-09-28;13.75;0.050788;5.3594;nan;nan;nan;nan;nan;nan;nan;nan;nan;nan
2022-09-29;13.75;0.050788;5.3916;nan;nan;nan;nan;nan;nan;nan;nan;nan;nan
2022-09-30;13.75;0.050788;5.4066;nan;nan;nan;nan;nan;nan;nan;nan;nan;nan
2022-10-01;13.75;nan;nan;0.59;-0.97;0.12;101.40217;2.96;3.83;1.67;82.6;394.52;395.65
2022-10-02;13.75;nan;nan;nan;nan;nan;nan;nan;nan;nan;nan;nan;nan
2022-10-03;13.75;0.050788;5.2002;nan;nan;nan;nan;nan;nan;nan;nan;nan;nan
2022-10-04;13.75;0.050788;5.1411;nan;nan;nan;nan;nan;nan;nan;nan;nan;nan
2022-10-05;13.75;0.050788;5.2144;nan;nan;nan;nan;nan;nan;nan;nan;nan;nan
2022-10-06;13.75;0.050788;5.2009;nan;nan;nan;nan;nan;nan;nan;nan;nan;nan
2022-10-07;13.75;0.050788;5.2221;nan;nan;nan;nan;nan;nan;nan;nan;nan;nan
2022-10-08;13.75;nan;nan;nan;nan;nan;nan;nan;nan;nan;nan;nan;nan
2022-10-09;13.75;nan;nan;nan;nan;nan;nan;nan;nan;nan;nan;nan;nan
2022-10-10;13.75;0.050788;5.1941;nan;nan;nan;nan;nan;nan;nan;nan;nan;nan
2022-10-11;13.75;0.050788;5.2068;nan;nan;nan;nan;nan;nan;nan;nan;nan;nan
2022-10-12;13.75;nan;nan;nan;nan;nan;nan;nan;nan;nan;nan;nan;nan
2022-10-13;13.75;0.050788;5.3017;nan;nan;nan;nan;nan;nan;nan;nan;nan;nan
2022-10-14;13.75;0.050788;5.2824;nan;nan;nan;nan;nan;nan;nan;nan;nan;nan
2022-10-15;13.75;nan;nan;nan;nan;nan;nan;nan;nan;nan;nan;nan;nan
2022-10-16;13.75;nan;nan;nan;nan;nan;nan;nan;nan;nan;nan;nan;nan
2022-10-17;13.75;0.050788;5.2713;nan;nan;nan;nan;nan;nan;nan;nan;nan;nan
2022-10-18;13.75;0.050788;5.2697;nan;nan;nan;nan;nan;nan;nan;nan;nan;nan
2022-10-19;13.75;0.050788;5.2808;nan;nan;nan;nan;nan;nan;nan;nan;nan;nan
2022-10-20;13.75;0.050788;5.2176;nan;nan;nan;nan;nan;nan;nan;nan;nan;nan
2022-10-21;13.75;0.050788;5.1919;nan;nan;nan;nan;nan;nan;nan;nan;nan;nan
2022-10-22;13.75;nan;nan;nan;nan;nan;nan;nan;nan;nan;nan;nan;nan
2022-10-23;13.75;nan;nan;nan;nan;nan;nan;nan;nan;nan;nan;nan;nan
2022-10-24;13.75;0.050788;5.2744;nan;nan;nan;nan;nan;nan;nan;nan;nan;nan
2022-10-25;13.75;0.050788;5.3091;nan;nan;nan;nan;nan;nan;nan;nan;nan;nan
2022-10-26;13.75;0.050788;5.3248;nan;nan;nan;nan;nan;nan;nan;nan;nan;nan
2022-10-27;13.75;0.050788;5.3003;nan;nan;nan;nan;nan;nan;nan;nan;nan;nan
2022-10-28;13.75;0.050788;5.3454;nan;nan;nan;nan;nan;nan;nan;nan;nan;nan
2022-10-29;13.75;nan;nan;nan;nan;nan;nan;nan;nan;nan;nan;nan;nan
2022-10-30;13.75;nan;nan;nan;nan;nan;nan;nan;nan;nan;nan;nan;nan
2022-10-31;13.75;0.050788;5.257;nan;nan;nan;nan;nan;nan;nan;nan;nan;nan
2022-11-01;13.75;0.050788;5.15;0.41;-0.56;0.36;100.49203;2.99;3.85;1.7;81.9;399.49;403.66
2022-11-02;13.75;nan;nan;nan;nan;nan;nan;nan;nan;nan;nan;nan;nan
2022-11-03;13.75;0.050788;5.1349;nan;nan;nan;nan;nan;nan;nan;nan;nan;nan
2022-11-04;13.75;0.050788;5.036;nan;nan;nan;nan;nan;nan;nan;nan;nan;nan
2022-11-05;13.75;nan;nan;nan;nan;nan;nan;nan;nan;nan;nan;nan;nan
2022-11-06;13.75;nan;nan;nan;nan;nan;nan;nan;nan;nan;nan;nan;nan
2022-11-07;13.75;0.050788;5.0886;nan;nan;nan;nan;nan;nan;nan;nan;nan;nan
2022-11-08;13.75;0.050788;5.1744;nan;nan;nan;nan;nan;nan;nan;nan;nan;nan
2022-11-09;13.75;0.050788;5.1629;nan;nan;nan;nan;nan;nan;nan;nan;nan;nan
2022-11-10;13.75;0.050788;5.3064;nan;nan;nan;nan;nan;nan;nan;nan;nan;nan
2022-11-11;13.75;0.050788;5.3051;nan;nan;nan;nan;nan;nan;nan;nan;nan;nan
2022-11-12;13.75;nan;nan;nan;nan;nan;nan;nan;nan;nan;nan;nan;nan
2022-11-13;13.75;nan;nan;nan;nan;nan;nan;nan;nan;nan;nan;nan;nan
2022-11-14;13.75;0.050788;5.3013;nan;nan;nan;nan;nan;nan;nan;nan;nan;nan
2022-11-15;13.75;nan;nan;nan;nan;nan;nan;nan;nan;nan;nan;nan;nan
2022-11-16;13.75;0.050788;5.3204;nan;nan;nan;nan;nan;nan;nan;nan;nan;nan
2022-11-17;13.75;0.050788;5.4655;nan;nan;nan;nan;nan;nan;nan;nan;nan;nan
2022-11-18;13.75;0.050788;5.3477;nan;nan;nan;nan;nan;nan;nan;nan;nan;nan
2022-11-19;13.75;nan;nan;nan;nan;nan;nan;nan;nan;nan;nan;nan;nan
2022-11-20;13.75;nan;nan;nan;nan;nan;nan;nan;nan;nan;nan;nan;nan
2022-11-21;13.75;0.050788;5.3259;nan;nan;nan;nan;nan;nan;nan;nan;nan;nan
2022-11-22;13.75;0.050788;5.3339;nan;nan;nan;nan;nan;nan;nan;nan;nan;nan
2022-11-23;13.75;0.050788;5.393;nan;nan;nan;nan;nan;nan;nan;nan;nan;nan
2022-11-24;13.75;0.050788;5.3149;nan;nan;nan;nan;nan;nan;nan;nan;nan;nan
2022-11-25;13.75;0.050788;5.3508;nan;nan;nan;nan;nan;nan;nan;nan;nan;nan
2022-11-26;13.75;nan;nan;nan;nan;nan;nan;nan;nan;nan;nan;nan;nan
2022-11-27;13.75;nan;nan;nan;nan;nan;nan;nan;nan;nan;nan;nan;nan
2022-11-28;13.75;0.050788;5.3796;nan;nan;nan;nan;nan;nan;nan;nan;nan;nan
2022-11-29;13.75;0.050788;5.3076;nan;nan;nan;nan;nan;nan;nan;nan;nan;nan
2022-11-30;13.75;0.050788;5.2941;nan;nan;nan;nan;nan;nan;nan;nan;nan;nan
2022-12-01;13.75;0.050788;5.1948;0.62;0.45;0.09;100.22898;2.99;3.88;1.69;80.5;390.76;395.23
2022-12-02;13.75;0.050788;5.1974;nan;nan;nan;nan;nan;nan;nan;nan;nan;nan
2022-12-03;13.75;nan;nan;nan;nan;nan;nan;nan;nan;nan;nan;nan;nan
2022-12-04;13.75;nan;nan;nan;nan;nan;nan;nan;nan;nan;nan;nan;nan
2022-12-05;13.75;0.050788;5.2464;nan;nan;nan;nan;nan;nan;nan;nan;nan;nan
2022-12-06;13.75;0.050788;5.2396;nan;nan;nan;nan;nan;nan;nan;nan;nan;nan
2022-12-07;13.75;0.050788;5.2208;nan;nan;nan;nan;nan;nan;nan;nan;nan;nan
2022-12-08;13.75;0.050788;5.2091;nan;nan;nan;nan;nan;nan;nan;nan;nan;nan
2022-12-09;13.75;0.050788;5.2396;nan;nan;nan;nan;nan;nan;nan;nan;nan;nan
2022-12-10;13.75;nan;nan;nan;nan;nan;nan;nan;nan;nan;nan;nan;nan
2022-12-11;13.75;nan;nan;nan;nan;nan;nan;nan;nan;nan;nan;nan;nan
2022-12-12;13.75;0.050788;5.3066;nan;nan;nan;nan;nan;nan;nan;nan;nan;nan
2022-12-13;13.75;0.050788;5.2669;nan;nan;nan;nan;nan;nan;nan;nan;nan;nan
2022-12-14;13.75;0.050788;5.3406;nan;nan;nan;nan;nan;nan;nan;nan;nan;nan
2022-12-15;13.75;0.050788;5.3183;nan;nan;nan;nan;nan;nan;nan;nan;nan;nan
2022-12-16;13.75;0.050788;5.2806;nan;nan;nan;nan;nan;nan;nan;nan;nan;nan
2022-12-17;13.75;nan;nan;nan;nan;nan;nan;nan;nan;nan;nan;nan;nan
2022-12-18;13.75;nan;nan;nan;nan;nan;nan;nan;nan;nan;nan;nan;nan
2022-12-19;13.75;0.050788;5.316;nan;nan;nan;nan;nan;nan;nan;nan;nan;nan
2022-12-20;13.75;0.050788;5.2427;nan;nan;nan;nan;nan;nan;nan;nan;nan;nan
2022-12-21;13.75;0.050788;5.2031;nan;nan;nan;nan;nan;nan;nan;nan;nan;nan
2022-12-22;13.75;0.050788;5.1871;nan;nan;nan;nan;nan;nan;nan;nan;nan;nan
2022-12-23;13.75;0.050788;5.1445;nan;nan;nan;nan;nan;nan;nan;nan;nan;nan
2022-12-24;13.75;nan;nan;nan;nan;nan;nan;nan;nan;nan;nan;nan;nan
2022-12-25;13.75;nan;nan;nan;nan;nan;nan;nan;nan;nan;nan;nan;nan
2022-12-26;13.75;0.050788;5.1872;nan;nan;nan;nan;nan;nan;nan;nan;nan;nan
2022-12-27;13.75;0.050788;5.2832;nan;nan;nan;nan;nan;nan;nan;nan;nan;nan
2022-12-28;13.75;0.050788;5.2736;nan;nan;nan;nan;nan;nan;nan;nan;nan;nan
2022-12-29;13.75;0.050788;5.2177;nan;nan;nan;nan;nan;nan;nan;nan;nan;nan
2022-12-30;13.75;0.050788;5.2177;nan;nan;nan;nan;nan;nan;nan;nan;nan;nan
2022-12-31;13.75;nan;nan;nan;nan;nan;nan;nan;nan;nan;nan;nan;nan
2023-01-01;13.75;nan;nan;0.53;0.21;0.46;100.29312;3.15;4.04;1.82;77.0;380.67;396.44
2023-01-02;13.75;0.050788;5.3436;nan;nan;nan;nan;nan;nan;nan;nan;nan;nan
2023-01-03;13.75;0.050788;5.3759;nan;nan;nan;nan;nan;nan;nan;nan;nan;nan
2023-01-04;13.75;0.050788;5.4459;nan;nan;nan;nan;nan;nan;nan;nan;nan;nan
2023-01-05;13.75;0.050788;5.4026;nan;nan;nan;nan;nan;nan;nan;nan;nan;nan
2023-01-06;13.75;0.050788;5.2855;nan;nan;nan;nan;nan;nan;nan;nan;nan;nan
2023-01-07;13.75;nan;nan;nan;nan;nan;nan;nan;nan;nan;nan;nan;nan
2023-01-08;13.75;nan;nan;nan;nan;nan;nan;nan;nan;nan;nan;nan;nan
2023-01-09;13.75;0.050788;5.2967;nan;nan;nan;nan;nan;nan;nan;nan;nan;nan
2023-01-10;13.75;0.050788;5.2395;nan;nan;nan;nan;nan;nan;nan;nan;nan;nan
2023-01-11;13.75;0.050788;5.202;nan;nan;nan;nan;nan;nan;nan;nan;nan;nan
2023-01-12;13.75;0.050788;5.14;nan;nan;nan;nan;nan;nan;nan;nan;nan;nan
2023-01-13;13.75;0.050788;5.1146;nan;nan;nan;nan;nan;nan;nan;nan;nan;nan
2023-01-14;13.75;nan;nan;nan;nan;nan;nan;nan;nan;nan;nan;nan;nan
2023-01-15;13.75;nan;nan;nan;nan;nan;nan;nan;nan;nan;nan;nan;nan
2023-01-16;13.75;0.050788;5.1115;nan;nan;nan;nan;nan;nan;nan;nan;nan;nan
2023-01-17;13.75;0.050788;5.1203;nan;nan;nan;nan;nan;nan;nan;nan;nan;nan
2023-01-18;13.75;0.050788;5.0909;nan;nan;nan;nan;nan;nan;nan;nan;nan;nan
2023-01-19;13.75;0.050788;5.2144;nan;nan;nan;nan;nan;nan;nan;nan;nan;nan
2023-01-20;13.75;0.050788;5.1986;nan;nan;nan;nan;nan;nan;nan;nan;nan;nan
2023-01-21;13.75;nan;nan;nan;nan;nan;nan;nan;nan;nan;nan;nan;nan
2023-01-22;13.75;nan;nan;nan;nan;nan;nan;nan;nan;nan;nan;nan;nan
2023-01-23;13.75;0.050788;5.1922;nan;nan;nan;nan;nan;nan;nan;nan;nan;nan
2023-01-24;13.75;0.050788;5.1696;nan;nan;nan;nan;nan;nan;nan;nan;nan;nan
2023-01-25;13.75;0.050788;5.1042;nan;nan;nan;nan;nan;nan;nan;nan;nan;nan
2023-01-26;13.75;0.050788;5.0951;nan;nan;nan;nan;nan;nan;nan;nan;nan;nan
2023-01-27;13.75;0.050788;5.0767;nan;nan;nan;nan;nan;nan;nan;nan;nan;nan
2023-01-28;13.75;nan;nan;nan;nan;nan;nan;nan;nan;nan;nan;nan;nan
2023-01-29;13.75;nan;nan;nan;nan;nan;nan;nan;nan;nan;nan;nan;nan
2023-01-30;13.75;0.050788;5.0959;nan;nan;nan;nan;nan;nan;nan;nan;nan;nan
2023-01-31;13.75;0.050788;5.0993;nan;nan;nan;nan;nan;nan;nan;nan;nan;nan
2023-02-01;13.75;0.050788;5.0721;0.84;-0.06;0.05;103.26268;3.27;4.08;2.04;78.1;374.72;404.27
2023-02-02;13.75;0.050788;4.9901;nan;nan;nan;nan;nan;nan;nan;nan;nan;nan
2023-02-03;13.75;0.050788;5.103;nan;nan;nan;nan;nan;nan;nan;nan;nan;nan
2023-02-04;13.75;nan;nan;nan;nan;nan;nan;nan;nan;nan;nan;nan;nan
2023-02-05;13.75;nan;nan;nan;nan;nan;nan;nan;nan;nan;nan;nan;nan
2023-02-06;13.75;0.050788;5.1763;nan;nan;nan;nan;nan;nan;nan;nan;nan;nan
2023-02-07;13.75;0.050788;5.1695;nan;nan;nan;nan;nan;nan;nan;nan;nan;nan
2023-02-08;13.75;0.050788;5.2036;nan;nan;nan;nan;nan;nan;nan;nan;nan;nan
2023-02-09;13.75;0.050788;5.2315;nan;nan;nan;nan;nan;nan;nan;nan;nan;nan
2023-02-10;13.75;0.050788;5.2526;nan;nan;nan;nan;nan;nan;nan;nan;nan;nan
2023-02-11;13.75;nan;nan;nan;nan;nan;nan;nan;nan;nan;nan;nan;nan
2023-02-12;13.75;nan;nan;nan;nan;nan;nan;nan;nan;nan;nan;nan;nan
2023-02-13;13.75;0.050788;5.1834;nan;nan;nan;nan;nan;nan;nan;nan;nan;nan
2023-02-14;13.75;0.050788;5.1507;nan;nan;nan;nan;nan;nan;nan;nan;nan;nan
2023-02-15;13.75;0.050788;5.2243;nan;nan;nan;nan;nan;nan;nan;nan;nan;nan
2023-02-16;13.75;0.050788;5.2432;nan;nan;nan;nan;nan;nan;nan;nan;nan;nan
2023-02-17;13.75;0.050788;5.2012;nan;nan;nan;nan;nan;nan;nan;nan;nan;nan
2023-02-18;13.75;nan;nan;nan;nan;nan;nan;nan;nan;nan;nan;nan;nan
2023-02-19;13.75;nan;nan;nan;nan;nan;nan;nan;nan;nan;nan;nan;nan
2023-02-20;13.75;nan;nan;nan;nan;nan;nan;nan;nan;nan;nan;nan;nan
2023-02-21;13.75;nan;nan;nan;nan;nan;nan;nan;nan;nan;nan;nan;nan
2023-02-22;13.75;0.050788;5.173;nan;nan;nan;nan;nan;nan;nan;nan;nan;nan
2023-02-23;13.75;0.050788;5.133;nan;nan;nan;nan;nan;nan;nan;nan;nan;nan
2023-02-24;13.75;0.050788;5.1791;nan;nan;nan;nan;nan;nan;nan;nan;nan;nan
2023-02-25;13.75;nan;nan;nan;nan;nan;nan;nan;nan;nan;nan;nan;nan
2023-02-26;13.75;nan;nan;nan;nan;nan;nan;nan;nan;nan;nan;nan;nan
2023-02-27;13.75;0.050788;5.196;nan;nan;nan;nan;nan;nan;nan;nan;nan;nan
2023-02-28;13.75;0.050788;5.2078;nan;nan;nan;nan;nan;nan;nan;nan;nan;nan
2023-03-01;13.75;0.050788;5.207;0.71;0.05;0.3;102.94342;3.26;4.03;2.08;77.9;364.06;393.72
2023-03-02;13.75;0.050788;5.208;nan;nan;nan;nan;nan;nan;nan;nan;nan;nan
2023-03-03;13.75;0.050788;5.2037;nan;nan;nan;nan;nan;nan;nan;nan;nan;nan
2023-03-04;13.75;nan;nan;nan;nan;nan;nan;nan;nan;nan;nan;nan;nan
2023-03-05;13.75;nan;nan;nan;nan;nan;nan;nan;nan;nan;nan;nan;nan
2023-03-06;13.75;0.050788;5.197;nan;nan;nan;nan;nan;nan;nan;nan;nan;nan
2023-03-07;13.75;0.050788;5.1901;nan;nan;nan;nan;nan;nan;nan;nan;nan;nan
2023-03-08;13.75;0.050788;5.1387;nan;nan;nan;nan;nan;nan;nan;nan;nan;nan
2023-03-09;13.75;0.050788;5.1353;nan;nan;nan;nan;nan;nan;nan;nan;nan;nan
2023-03-10;13.75;0.050788;5.1822;nan;nan;nan;nan;nan;nan;nan;nan;nan;nan
2023-03-11;13.75;nan;nan;nan;nan;nan;nan;nan;nan;nan;nan;nan;nan
2023-03-12;13.75;nan;nan;nan;nan;nan;nan;nan;nan;nan;nan;nan;nan
2023-03-13;13.75;0.050788;5.24;nan;nan;nan;nan;nan;nan;nan;nan;nan;nan
2023-03-14;13.75;0.050788;5.2362;nan;nan;nan;nan;nan;nan;nan;nan;nan;nan
2023-03-15;13.75;0.050788;5.2981;nan;nan;nan;nan;nan;nan;nan;nan;nan;nan
2023-03-16;13.75;0.050788;5.2892;nan;nan;nan;nan;nan;nan;nan;nan;nan;nan
2023-03-17;13.75;0.050788;5.2679;nan;nan;nan;nan;nan;nan;nan;nan;nan;nan
2023-03-18;13.75;nan;nan;nan;nan;nan;nan;nan;nan;nan;nan;nan;nan
2023-03-19;13.75;nan;nan;nan;nan;nan;nan;nan;nan;nan;nan;nan;nan
2023-03-20;13.75;0.050788;5.2467;nan;nan;nan;nan;nan;nan;nan;nan;nan;nan
2023-03-21;13.75;0.050788;5.2444;nan;nan;nan;nan;nan;nan;nan;nan;nan;nan
2023-03-22;13.75;0.050788;5.2648;nan;nan;nan;nan;nan;nan;nan;nan;nan;nan
2023-03-23;13.75;0.050788;5.2632;nan;nan;nan;nan;nan;nan;nan;nan;nan;nan
2023-03-24;13.75;0.050788;5.2921;nan;nan;nan;nan;nan;nan;nan;nan;nan;nan
2023-03-25;13.75;nan;nan;nan;nan;nan;nan;nan;nan;nan;nan;nan;nan
2023-03-26;13.75;nan;nan;nan;nan;nan;nan;nan;nan;nan;nan;nan;nan
2023-03-27;13.75;0.050788;5.2306;nan;nan;nan;nan;nan;nan;nan;nan;nan;nan
2023-03-28;13.75;0.050788;5.1733;nan;nan;nan;nan;nan;nan;nan;nan;nan;nan
2023-03-29;13.75;0.050788;5.1493;nan;nan;nan;nan;nan;nan;nan;nan;nan;nan
2023-03-30;13.75;0.050788;5.1254;nan;nan;nan;nan;nan;nan;nan;nan;nan;nan
2023-03-31;13.75;0.050788;5.0804;nan;nan;nan;nan;nan;nan;nan;nan;nan;nan
2023-04-01;13.75;nan;nan;0.61;-0.95;0.14;104.36222;3.45;4.18;2.32;79.6;362.44;391.43
2023-04-02;13.75;nan;nan;nan;nan;nan;nan;nan;nan;nan;nan;nan;nan
2023-04-03;13.75;0.050788;5.0637;nan;nan;nan;nan;nan;nan;nan;nan;nan;nan
2023-04-04;13.75;0.050788;5.0762;nan;nan;nan;nan;nan;nan;nan;nan;nan;nan
2023-04-05;13.75;0.050788;5.0447;nan;nan;nan;nan;nan;nan;nan;nan;nan;nan
2023-04-06;13.75;0.050788;5.0683;nan;nan;nan;nan;nan;nan;nan;nan;nan;nan
2023-04-07;13.75;nan;nan;nan;nan;nan;nan;nan;nan;nan;nan;nan;nan
2023-04-08;13.75;nan;nan;nan;nan;nan;nan;nan;nan;nan;nan;nan;nan
2023-04-09;13.75;nan;nan;nan;nan;nan;nan;nan;nan;nan;nan;nan;nan
2023-04-10;13.75;0.050788;5.0834;nan;nan;nan;nan;nan;nan;nan;nan;nan;nan
2023-04-11;13.75;0.050788;5.0128;nan;nan;nan;nan;nan;nan;nan;nan;nan;nan
2023-04-12;13.75;0.050788;4.9496;nan;nan;nan;nan;nan;nan;nan;nan;nan;nan
2023-04-13;13.75;0.050788;4.9097;nan;nan;nan;nan;nan;nan;nan;nan;nan;nan
2023-04-14;13.75;0.050788;4.9455;nan;nan;nan;nan;nan;nan;nan;nan;nan;nan
2023-04-15;13.75;nan;nan;nan;nan;nan;nan;nan;nan;nan;nan;nan;nan
2023-04-16;13.75;nan;nan;nan;nan;nan;nan;nan;nan;nan;nan;nan;nan
2023-04-17;13.75;0.050788;4.9421;nan;nan;nan;nan;nan;nan;nan;nan;nan;nan
2023-04-18;13.75;0.050788;4.9678;nan;nan;nan;nan;nan;nan;nan;nan;nan;nan
2023-04-19;13.75;0.050788;5.0467;nan;nan;nan;nan;nan;nan;nan;nan;nan;nan
2023-04-20;13.75;0.050788;5.0497;nan;nan;nan;nan;nan;nan;nan;nan;nan;nan
2023-04-21;13.75;nan;nan;nan;nan;nan;nan;nan;nan;nan;nan;nan;nan
2023-04-22;13.75;nan;nan;nan;nan;nan;nan;nan;nan;nan;nan;nan;nan
2023-04-23;13.75;nan;nan;nan;nan;nan;nan;nan;nan;nan;nan;nan;nan
2023-04-24;13.75;0.050788;5.0595;nan;nan;nan;nan;nan;nan;nan;nan;nan;nan
2023-04-25;13.75;0.050788;5.0613;nan;nan;nan;nan;nan;nan;nan;nan;nan;nan
2023-04-26;13.75;0.050788;5.0585;nan;nan;nan;nan;nan;nan;nan;nan;nan;nan
2023-04-27;13.75;0.050788;5.015;nan;nan;nan;nan;nan;nan;nan;nan;nan;nan
2023-04-28;13.75;0.050788;5.0007;nan;nan;nan;nan;nan;nan;nan;nan;nan;nan
2023-04-29;13.75;nan;nan;nan;nan;nan;nan;nan;nan;nan;nan;nan;nan
2023-04-30;13.75;nan;nan;nan;nan;nan;nan;nan;nan;nan;nan;nan;nan
2023-05-01;13.75;nan;nan;0.23;-1.84;0.59;102.53883;3.55;4.25;2.45;79.6;345.47;378.53
2023-05-02;13.75;0.050788;5.0334;nan;nan;nan;nan;nan;nan;nan;nan;nan;nan
2023-05-03;13.75;0.050788;5.0227;nan;nan;nan;nan;nan;nan;nan;nan;nan;nan
2023-05-04;13.75;0.050788;5.0106;nan;nan;nan;nan;nan;nan;nan;nan;nan;nan
2023-05-05;13.75;0.050788;4.9696;nan;nan;nan;nan;nan;nan;nan;nan;nan;nan
2023-05-06;13.75;nan;nan;nan;nan;nan;nan;nan;nan;nan;nan;nan;nan
2023-05-07;13.75;nan;nan;nan;nan;nan;nan;nan;nan;nan;nan;nan;nan
2023-05-08;13.75;0.050788;4.9696;nan;nan;nan;nan;nan;nan;nan;nan;nan;nan
2023-05-09;13.75;0.050788;5.0007;nan;nan;nan;nan;nan;nan;nan;nan;nan;nan
2023-05-10;13.75;0.050788;4.9547;nan;nan;nan;nan;nan;nan;nan;nan;nan;nan
2023-05-11;13.75;0.050788;4.9696;nan;nan;nan;nan;nan;nan;nan;nan;nan;nan
2023-05-12;13.75;0.050788;4.9234;nan;nan;nan;nan;nan;nan;nan;nan;nan;nan
2023-05-13;13.75;nan;nan;nan;nan;nan;nan;nan;nan;nan;nan;nan;nan
2023-05-14;13.75;nan;nan;nan;nan;nan;nan;nan;nan;nan;nan;nan;nan
2023-05-15;13.75;0.050788;4.9103;nan;nan;nan;nan;nan;nan;nan;nan;nan;nan
2023-05-16;13.75;0.050788;4.9122;nan;nan;nan;nan;nan;nan;nan;nan;nan;nan
2023-05-17;13.75;0.050788;4.9513;nan;nan;nan;nan;nan;nan;nan;nan;nan;nan
2023-05-18;13.75;0.050788;4.9647;nan;nan;nan;nan;nan;nan;nan;nan;nan;nan
2023-05-19;13.75;0.050788;4.9858;nan;nan;nan;nan;nan;nan;nan;nan;nan;nan
2023-05-20;13.75;nan;nan;nan;nan;nan;nan;nan;nan;nan;nan;nan;nan
2023-05-21;13.75;nan;nan;nan;nan;nan;nan;nan;nan;nan;nan;nan;nan
2023-05-22;13.75;0.050788;4.968;nan;nan;nan;nan;nan;nan;nan;nan;nan;nan
2023-05-23;13.75;0.050788;4.9674;nan;nan;nan;nan;nan;nan;nan;nan;nan;nan
2023-05-24;13.75;0.050788;4.9474;nan;nan;nan;nan;nan;nan;nan;nan;nan;nan
2023-05-25;13.75;0.050788;4.999;nan;nan;nan;nan;nan;nan;nan;nan;nan;nan
2023-05-26;13.75;0.050788;5.0114;nan;nan;nan;nan;nan;nan;nan;nan;nan;nan
2023-05-27;13.75;nan;nan;nan;nan;nan;nan;nan;nan;nan;nan;nan;nan
2023-05-28;13.75;nan;nan;nan;nan;nan;nan;nan;nan;nan;nan;nan;nan
2023-05-29;13.75;0.050788;4.9954;nan;nan;nan;nan;nan;nan;nan;nan;nan;nan
2023-05-30;13.75;0.050788;5.0593;nan;nan;nan;nan;nan;nan;nan;nan;nan;nan
2023-05-31;13.75;0.050788;5.0959;nan;nan;nan;nan;nan;nan;nan;nan;nan;nan
2023-06-01;13.75;0.050788;5.035;-0.08;-1.93;0.71;102.42859;3.51;4.18;2.5;79.8;342.8;378.28
2023-06-02;13.75;0.050788;4.9558;nan;nan;nan;nan;nan;nan;nan;nan;nan;nan
2023-06-03;13.75;nan;nan;nan;nan;nan;nan;nan;nan;nan;nan;nan;nan
2023-06-04;13.75;nan;nan;nan;nan;nan;nan;nan;nan;nan;nan;nan;nan
2023-06-05;13.75;0.050788;4.9236;nan;nan;nan;nan;nan;nan;nan;nan;nan;nan
2023-06-06;13.75;0.050788;4.9292;nan;nan;nan;nan;nan;nan;nan;nan;nan;nan
2023-06-07;13.75;0.050788;4.9119;nan;nan;nan;nan;nan;nan;nan;nan;nan;nan
2023-06-08;13.75;nan;nan;nan;nan;nan;nan;nan;nan;nan;nan;nan;nan
2023-06-09;13.75;0.050788;4.8922;nan;nan;nan;nan;nan;nan;nan;nan;nan;nan
2023-06-10;13.75;nan;nan;nan;nan;nan;nan;nan;nan;nan;nan;nan;nan
2023-06-11;13.75;nan;nan;nan;nan;nan;nan;nan;nan;nan;nan;nan;nan
2023-06-12;13.75;0.050788;4.8832;nan;nan;nan;nan;nan;nan;nan;nan;nan;nan
2023-06-13;13.75;0.050788;4.8533;nan;nan;nan;nan;nan;nan;nan;nan;nan;nan
2023-06-14;13.75;0.050788;4.8462;nan;nan;nan;nan;nan;nan;nan;nan;nan;nan
2023-06-15;13.75;0.050788;4.8222;nan;nan;nan;nan;nan;nan;nan;nan;nan;nan
2023-06-16;13.75;0.050788;4.8286;nan;nan;nan;nan;nan;nan;nan;nan;nan;nan
2023-06-17;13.75;nan;nan;nan;nan;nan;nan;nan;nan;nan;nan;nan;nan
2023-06-18;13.75;nan;nan;nan;nan;nan;nan;nan;nan;nan;nan;nan;nan
2023-06-19;13.75;0.050788;4.7803;nan;nan;nan;nan;nan;nan;nan;nan;nan;nan
2023-06-20;13.75;0.050788;4.793;nan;nan;nan;nan;nan;nan;nan;nan;nan;nan
2023-06-21;13.75;0.050788;4.7795;nan;nan;nan;nan;nan;nan;nan;nan;nan;nan
2023-06-22;13.75;0.050788;4.775;nan;nan;nan;nan;nan;nan;nan;nan;nan;nan
2023-06-23;13.75;0.050788;4.7799;nan;nan;nan;nan;nan;nan;nan;nan;nan;nan
2023-06-24;13.75;nan;nan;nan;nan;nan;nan;nan;nan;nan;nan;nan;nan
2023-06-25;13.75;nan;nan;nan;nan;nan;nan;nan;nan;nan;nan;nan;nan
2023-06-26;13.75;0.050788;4.7698;nan;nan;nan;nan;nan;nan;nan;nan;nan;nan
2023-06-27;13.75;0.050788;4.7903;nan;nan;nan;nan;nan;nan;nan;nan;nan;nan
2023-06-28;13.75;0.050788;4.8563;nan;nan;nan;nan;nan;nan;nan;nan;nan;nan
2023-06-29;13.75;0.050788;4.8584;nan;nan;nan;nan;nan;nan;nan;nan;nan;nan
2023-06-30;13.75;0.050788;4.8192;nan;nan;nan;nan;nan;nan;nan;nan;nan;nan
2023-07-01;13.75;nan;nan;0.12;-0.72;0.1;102.86202;3.54;4.14;2.6;80.4;349.1;384.11
2023-07-02;13.75;nan;nan;nan;nan;nan;nan;nan;nan;nan;nan;nan;nan
2023-07-03;13.75;0.050788;4.7876;nan;nan;nan;nan;nan;nan;nan;nan;nan;nan
2023-07-04;13.75;0.050788;4.8056;nan;nan;nan;nan;nan;nan;nan;nan;nan;nan
2023-07-05;13.75;0.050788;4.8577;nan;nan;nan;nan;nan;nan;nan;nan;nan;nan
2023-07-06;13.75;0.050788;4.8977;nan;nan;nan;nan;nan;nan;nan;nan;nan;nan
2023-07-07;13.75;0.050788;4.8799;nan;nan;nan;nan;nan;nan;nan;nan;nan;nan
2023-07-08;13.75;nan;nan;nan;nan;nan;nan;nan;nan;nan;nan;nan;nan
2023-07-09;13.75;nan;nan;nan;nan;nan;nan;nan;nan;nan;nan;nan;nan
2023-07-10;13.75;0.050788;4.8735;nan;nan;nan;nan;nan;nan;nan;nan;nan;nan
2023-07-11;13.75;0.050788;4.8949;nan;nan;nan;nan;nan;nan;nan;nan;nan;nan
2023-07-12;13.75;0.050788;4.8058;nan;nan;nan;nan;nan;nan;nan;nan;nan;nan
2023-07-13;13.75;0.050788;4.8038;nan;nan;nan;nan;nan;nan;nan;nan;nan;nan
2023-07-14;13.75;0.050788;4.7957;nan;nan;nan;nan;nan;nan;nan;nan;nan;nan
2023-07-15;13.75;nan;nan;nan;nan;nan;nan;nan;nan;nan;nan;nan;nan
2023-07-16;13.75;nan;nan;nan;nan;nan;nan;nan;nan;nan;nan;nan;nan
2023-07-17;13.75;0.050788;4.8302;nan;nan;nan;nan;nan;nan;nan;nan;nan;nan
2023-07-18;13.75;0.050788;4.804;nan;nan;nan;nan;nan;nan;nan;nan;nan;nan
2023-07-19;13.75;0.050788;4.8;nan;nan;nan;nan;nan;nan;nan;nan;nan;nan
2023-07-20;13.75;0.050788;4.7888;nan;nan;nan;nan;nan;nan;nan;nan;nan;nan
2023-07-21;13.75;0.050788;4.7732;nan;nan;nan;nan;nan;nan;nan;nan;nan;nan
2023-07-22;13.75;nan;nan;nan;nan;nan;nan;nan;nan;nan;nan;nan;nan
2023-07-23;13.75;nan;nan;nan;nan;nan;nan;nan;nan;nan;nan;nan;nan
2023-07-24;13.75;0.050788;4.7457;nan;nan;nan;nan;nan;nan;nan;nan;nan;nan
2023-07-25;13.75;0.050788;4.7496;nan;nan;nan;nan;nan;nan;nan;nan;nan;nan
2023-07-26;13.75;0.050788;4.7368;nan;nan;nan;nan;nan;nan;nan;nan;nan;nan
2023-07-27;13.75;0.050788;4.7202;nan;nan;nan;nan;nan;nan;nan;nan;nan;nan
2023-07-28;13.75;0.050788;4.7253;nan;nan;nan;nan;nan;nan;nan;nan;nan;nan
2023-07-29;13.75;nan;nan;nan;nan;nan;nan;nan;nan;nan;nan;nan;nan
2023-07-30;13.75;nan;nan;nan;nan;nan;nan;nan;nan;nan;nan;nan;nan
2023-07-31;13.75;0.050788;4.7415;nan;nan;nan;nan;nan;nan;nan;nan;nan;nan
2023-08-01;13.75;0.050788;4.7752;0.23;-0.14;0.17;102.43716;3.51;4.04;2.69;81.0;359.08;393.0
2023-08-02;13.75;0.050788;4.8083;nan;nan;nan;nan;nan;nan;nan;nan;nan;nan
2023-08-03;13.25;0.049037;4.8797;nan;nan;nan;nan;nan;nan;nan;nan;nan;nan
2023-08-04;13.25;0.049037;4.8609;nan;nan;nan;nan;nan;nan;nan;nan;nan;nan
2023-08-05;13.25;nan;nan;nan;nan;nan;nan;nan;nan;nan;nan;nan;nan
2023-08-06;13.25;nan;nan;nan;nan;nan;nan;nan;nan;nan;nan;nan;nan
2023-08-07;13.25;0.049037;4.901;nan;nan;nan;nan;nan;nan;nan;nan;nan;nan
2023-08-08;13.25;0.049037;4.9217;nan;nan;nan;nan;nan;nan;nan;nan;nan;nan
2023-08-09;13.25;0.049037;4.9015;nan;nan;nan;nan;nan;nan;nan;nan;nan;nan
2023-08-10;13.25;0.049037;4.8518;nan;nan;nan;nan;nan;nan;nan;nan;nan;nan
2023-08-11;13.25;0.049037;4.8918;nan;nan;nan;nan;nan;nan;nan;nan;nan;nan
2023-08-12;13.25;nan;nan;nan;nan;nan;nan;nan;nan;nan;nan;nan;nan
2023-08-13;13.25;nan;nan;nan;nan;nan;nan;nan;nan;nan;nan;nan;nan
2023-08-14;13.25;0.049037;4.9481;nan;nan;nan;nan;nan;nan;nan;nan;nan;nan
2023-08-15;13.25;0.049037;4.9812;nan;nan;nan;nan;nan;nan;nan;nan;nan;nan
2023-08-16;13.25;0.049037;4.9772;nan;nan;nan;nan;nan;nan;nan;nan;nan;nan
2023-08-17;13.25;0.049037;4.9816;nan;nan;nan;nan;nan;nan;nan;nan;nan;nan
2023-08-18;13.25;0.049037;4.9724;nan;nan;nan;nan;nan;nan;nan;nan;nan;nan
2023-08-19;13.25;nan;nan;nan;nan;nan;nan;nan;nan;nan;nan;nan;nan
2023-08-20;13.25;nan;nan;nan;nan;nan;nan;nan;nan;nan;nan;nan;nan
2023-08-21;13.25;0.049037;4.9847;nan;nan;nan;nan;nan;nan;nan;nan;nan;nan
2023-08-22;13.25;0.049037;4.9431;nan;nan;nan;nan;nan;nan;nan;nan;nan;nan
2023-08-23;13.25;0.049037;4.8977;nan;nan;nan;nan;nan;nan;nan;nan;nan;nan
2023-08-24;13.25;0.049037;4.8748;nan;nan;nan;nan;nan;nan;nan;nan;nan;nan
2023-08-25;13.25;0.049037;4.8772;nan;nan;nan;nan;nan;nan;nan;nan;nan;nan
2023-08-26;13.25;nan;nan;nan;nan;nan;nan;nan;nan;nan;nan;nan;nan
2023-08-27;13.25;nan;nan;nan;nan;nan;nan;nan;nan;nan;nan;nan;nan
2023-08-28;13.25;0.049037;4.8938;nan;nan;nan;nan;nan;nan;nan;nan;nan;nan
2023-08-29;13.25;0.049037;4.8706;nan;nan;nan;nan;nan;nan;nan;nan;nan;nan
2023-08-30;13.25;0.049037;4.8653;nan;nan;nan;nan;nan;nan;nan;nan;nan;nan
2023-08-31;13.25;0.049037;4.9219;nan;nan;nan;nan;nan;nan;nan;nan;nan;nan
2023-09-01;13.25;0.049037;4.9318;0.26;0.37;0.34;102.46379;3.44;3.92;2.69;82.8;372.47;405.16
2023-09-02;13.25;nan;nan;nan;nan;nan;nan;nan;nan;nan;nan;nan;nan
2023-09-03;13.25;nan;nan;nan;nan;nan;nan;nan;nan;nan;nan;nan;nan
2023-09-04;13.25;0.049037;4.9176;nan;nan;nan;nan;nan;nan;nan;nan;nan;nan
2023-09-05;13.25;0.049037;4.9705;nan;nan;nan;nan;nan;nan;nan;nan;nan;nan
2023-09-06;13.25;0.049037;4.9762;nan;nan;nan;nan;nan;nan;nan;nan;nan;nan
2023-09-07;13.25;nan;nan;nan;nan;nan;nan;nan;nan;nan;nan;nan;nan
2023-09-08;13.25;0.049037;4.9835;nan;nan;nan;nan;nan;nan;nan;nan;nan;nan
2023-09-09;13.25;nan;nan;nan;nan;nan;nan;nan;nan;nan;nan;nan;nan
2023-09-10;13.25;nan;nan;nan;nan;nan;nan;nan;nan;nan;nan;nan;nan
2023-09-11;13.25;0.049037;4.9366;nan;nan;nan;nan;nan;nan;nan;nan;nan;nan
2023-09-12;13.25;0.049037;4.9505;nan;nan;nan;nan;nan;nan;nan;nan;nan;nan
2023-09-13;13.25;0.049037;4.9171;nan;nan;nan;nan;nan;nan;nan;nan;nan;nan
2023-09-14;13.25;0.049037;4.8751;nan;nan;nan;nan;nan;nan;nan;nan;nan;nan
2023-09-15;13.25;0.049037;4.8689;nan;nan;nan;nan;nan;nan;nan;nan;nan;nan
2023-09-16;13.25;nan;nan;nan;nan;nan;nan;nan;nan;nan;nan;nan;nan
2023-09-17;13.25;nan;nan;nan;nan;nan;nan;nan;nan;nan;nan;nan;nan
2023-09-18;13.25;0.049037;4.8535;nan;nan;nan;nan;nan;nan;nan;nan;nan;nan
2023-09-19;13.25;0.049037;4.8575;nan;nan;nan;nan;nan;nan;nan;nan;nan;nan
2023-09-20;13.25;0.049037;4.8487;nan;nan;nan;nan;nan;nan;nan;nan;nan;nan
2023-09-21;12.75;0.047279;4.9229;nan;nan;nan;nan;nan;nan;nan;nan;nan;nan
2023-09-22;12.75;0.047279;4.9131;nan;nan;nan;nan;nan;nan;nan;nan;nan;nan
2023-09-23;12.75;nan;nan;nan;nan;nan;nan;nan;nan;nan;nan;nan;nan
2023-09-24;12.75;nan;nan;nan;nan;nan;nan;nan;nan;nan;nan;nan;nan
2023-09-25;12.75;0.047279;4.9606;nan;nan;nan;nan;nan;nan;nan;nan;nan;nan
2023-09-26;12.75;0.047279;4.9717;nan;nan;nan;nan;nan;nan;nan;nan;nan;nan
2023-09-27;12.75;0.047279;5.0289;nan;nan;nan;nan;nan;nan;nan;nan;nan;nan
2023-09-28;12.75;0.047279;5.0475;nan;nan;nan;nan;nan;nan;nan;nan;nan;nan
2023-09-29;12.75;0.047279;5.0076;nan;nan;nan;nan;nan;nan;nan;nan;nan;nan
2023-09-30;12.75;nan;nan;nan;nan;nan;nan;nan;nan;nan;nan;nan;nan
2023-10-01;12.75;nan;nan;0.24;0.5;0.2;102.81314;3.46;3.89;2.79;82.7;376.14;408.6
2023-10-02;12.75;0.047279;5.0679;nan;nan;nan;nan;nan;nan;nan;nan;nan;nan
2023-10-03;12.75;0.047279;5.11;nan;nan;nan;nan;nan;nan;nan;nan;nan;nan
2023-10-04;12.75;0.047279;5.1526;nan;nan;nan;nan;nan;nan;nan;nan;nan;nan
2023-10-05;12.75;0.047279;5.1713;nan;nan;nan;nan;nan;nan;nan;nan;nan;nan
2023-10-06;12.75;0.047279;5.1918;nan;nan;nan;nan;nan;nan;nan;nan;nan;nan
2023-10-07;12.75;nan;nan;nan;nan;nan;nan;nan;nan;nan;nan;nan;nan
2023-10-08;12.75;nan;nan;nan;nan;nan;nan;nan;nan;nan;nan;nan;nan
2023-10-09;12.75;0.047279;5.1666;nan;nan;nan;nan;nan;nan;nan;nan;nan;nan
2023-10-10;12.75;0.047279;5.0862;nan;nan;nan;nan;nan;nan;nan;nan;nan;nan
2023-10-11;12.75;0.047279;5.0496;nan;nan;nan;nan;nan;nan;nan;nan;nan;nan
2023-10-12;12.75;nan;nan;nan;nan;nan;nan;nan;nan;nan;nan;nan;nan
2023-10-13;12.75;0.047279;5.0625;nan;nan;nan;nan;nan;nan;nan;nan;nan;nan
2023-10-14;12.75;nan;nan;nan;nan;nan;nan;nan;nan;nan;nan;nan;nan
2023-10-15;12.75;nan;nan;nan;nan;nan;nan;nan;nan;nan;nan;nan;nan
2023-10-16;12.75;0.047279;5.0618;nan;nan;nan;nan;nan;nan;nan;nan;nan;nan
2023-10-17;12.75;0.047279;5.0384;nan;nan;nan;nan;nan;nan;nan;nan;nan;nan
2023-10-18;12.75;0.047279;5.0568;nan;nan;nan;nan;nan;nan;nan;nan;nan;nan
2023-10-19;12.75;0.047279;5.054;nan;nan;nan;nan;nan;nan;nan;nan;nan;nan
2023-10-20;12.75;0.047279;5.0528;nan;nan;nan;nan;nan;nan;nan;nan;nan;nan
2023-10-21;12.75;nan;nan;nan;nan;nan;nan;nan;nan;nan;nan;nan;nan
2023-10-22;12.75;nan;nan;nan;nan;nan;nan;nan;nan;nan;nan;nan;nan
2023-10-23;12.75;0.047279;5.0164;nan;nan;nan;nan;nan;nan;nan;nan;nan;nan
2023-10-24;12.75;0.047279;5.0065;nan;nan;nan;nan;nan;nan;nan;nan;nan;nan
2023-10-25;12.75;0.047279;4.9981;nan;nan;nan;nan;nan;nan;nan;nan;nan;nan
2023-10-26;12.75;0.047279;5.0055;nan;nan;nan;nan;nan;nan;nan;nan;nan;nan
2023-10-27;12.75;0.047279;4.948;nan;nan;nan;nan;nan;nan;nan;nan;nan;nan
2023-10-28;12.75;nan;nan;nan;nan;nan;nan;nan;nan;nan;nan;nan;nan
2023-10-29;12.75;nan;nan;nan;nan;nan;nan;nan;nan;nan;nan;nan;nan
2023-10-30;12.75;0.047279;5.0074;nan;nan;nan;nan;nan;nan;nan;nan;nan;nan
2023-10-31;12.75;0.047279;5.0575;nan;nan;nan;nan;nan;nan;nan;nan;nan;nan
2023-11-01;12.75;0.047279;5.0194;0.28;0.59;0.07;103.52419;3.43;3.79;2.85;83.0;356.99;390.71
2023-11-02;12.25;nan;nan;nan;nan;nan;nan;nan;nan;nan;nan;nan;nan
2023-11-03;12.25;0.045513;4.891;nan;nan;nan;nan;nan;nan;nan;nan;nan;nan
2023-11-04;12.25;nan;nan;nan;nan;nan;nan;nan;nan;nan;nan;nan;nan
2023-11-05;12.25;nan;nan;nan;nan;nan;nan;nan;nan;nan;nan;nan;nan
2023-11-06;12.25;0.045513;4.8999;nan;nan;nan;nan;nan;nan;nan;nan;nan;nan
2023-11-07;12.25;0.045513;4.867;nan;nan;nan;nan;nan;nan;nan;nan;nan;nan
2023-11-08;12.25;0.045513;4.8855;nan;nan;nan;nan;nan;nan;nan;nan;nan;nan
2023-11-09;12.25;0.045513;4.9007;nan;nan;nan;nan;nan;nan;nan;nan;nan;nan
2023-11-10;12.25;0.045513;4.9219;nan;nan;nan;nan;nan;nan;nan;nan;nan;nan
2023-11-11;12.25;nan;nan;nan;nan;nan;nan;nan;nan;nan;nan;nan;nan
2023-11-12;12.25;nan;nan;nan;nan;nan;nan;nan;nan;nan;nan;nan;nan
2023-11-13;12.25;0.045513;4.9247;nan;nan;nan;nan;nan;nan;nan;nan;nan;nan
2023-11-14;12.25;0.045513;4.8682;nan;nan;nan;nan;nan;nan;nan;nan;nan;nan
2023-11-15;12.25;nan;nan;nan;nan;nan;nan;nan;nan;nan;nan;nan;nan
2023-11-16;12.25;0.045513;4.8575;nan;nan;nan;nan;nan;nan;nan;nan;nan;nan
2023-11-17;12.25;0.045513;4.8849;nan;nan;nan;nan;nan;nan;nan;nan;nan;nan
2023-11-18;12.25;nan;nan;nan;nan;nan;nan;nan;nan;nan;nan;nan;nan
2023-11-19;12.25;nan;nan;nan;nan;nan;nan;nan;nan;nan;nan;nan;nan
2023-11-20;12.25;0.045513;4.8723;nan;nan;nan;nan;nan;nan;nan;nan;nan;nan
2023-11-21;12.25;0.045513;4.8806;nan;nan;nan;nan;nan;nan;nan;nan;nan;nan
2023-11-22;12.25;0.045513;4.8968;nan;nan;nan;nan;nan;nan;nan;nan;nan;nan
2023-11-23;12.25;0.045513;4.8931;nan;nan;nan;nan;nan;nan;nan;nan;nan;nan
2023-11-24;12.25;0.045513;4.8927;nan;nan;nan;nan;nan;nan;nan;nan;nan;nan
2023-11-25;12.25;nan;nan;nan;nan;nan;nan;nan;nan;nan;nan;nan;nan
2023-11-26;12.25;nan;nan;nan;nan;nan;nan;nan;nan;nan;nan;nan;nan
2023-11-27;12.25;0.045513;4.8951;nan;nan;nan;nan;nan;nan;nan;nan;nan;nan
2023-11-28;12.25;0.045513;4.8867;nan;nan;nan;nan;nan;nan;nan;nan;nan;nan
2023-11-29;12.25;0.045513;4.8933;nan;nan;nan;nan;nan;nan;nan;nan;nan;nan
2023-11-30;12.25;0.045513;4.9355;nan;nan;nan;nan;nan;nan;nan;nan;nan;nan
2023-12-01;12.25;0.045513;4.9191;0.56;0.74;0.31;104.5035;3.18;3.66;2.45;82.1;342.77;375.94
2023-12-02;12.25;nan;nan;nan;nan;nan;nan;nan;nan;nan;nan;nan;nan
2023-12-03;12.25;nan;nan;nan;nan;nan;nan;nan;nan;nan;nan;nan;nan
2023-12-04;12.25;0.045513;4.9091;nan;nan;nan;nan;nan;nan;nan;nan;nan;nan
2023-12-05;12.25;0.045513;4.9522;nan;nan;nan;nan;nan;nan;nan;nan;nan;nan
2023-12-06;12.25;0.045513;4.9031;nan;nan;nan;nan;nan;nan;nan;nan;nan;nan
2023-12-07;12.25;0.045513;4.8949;nan;nan;nan;nan;nan;nan;nan;nan;nan;nan
2023-12-08;12.25;0.045513;4.9158;nan;nan;nan;nan;nan;nan;nan;nan;nan;nan
2023-12-09;12.25;nan;nan;nan;nan;nan;nan;nan;nan;nan;nan;nan;nan
2023-12-10;12.25;nan;nan;nan;nan;nan;nan;nan;nan;nan;nan;nan;nan
2023-12-11;12.25;0.045513;4.944;nan;nan;nan;nan;nan;nan;nan;nan;nan;nan
2023-12-12;12.25;0.045513;4.9476;nan;nan;nan;nan;nan;nan;nan;nan;nan;nan
2023-12-13;12.25;0.045513;4.958;nan;nan;nan;nan;nan;nan;nan;nan;nan;nan
2023-12-14;11.75;0.043739;4.8912;nan;nan;nan;nan;nan;nan;nan;nan;nan;nan
2023-12-15;11.75;0.043739;4.9397;nan;nan;nan;nan;nan;nan;nan;nan;nan;nan
2023-12-16;11.75;nan;nan;nan;nan;nan;nan;nan;nan;nan;nan;nan;nan
2023-12-17;11.75;nan;nan;nan;nan;nan;nan;nan;nan;nan;nan;nan;nan
2023-12-18;11.75;0.043739;4.9399;nan;nan;nan;nan;nan;nan;nan;nan;nan;nan
2023-12-19;11.75;0.043739;4.8663;nan;nan;nan;nan;nan;nan;nan;nan;nan;nan
2023-12-20;11.75;0.043739;4.8766;nan;nan;nan;nan;nan;nan;nan;nan;nan;nan
2023-12-21;11.75;0.043739;4.8755;nan;nan;nan;nan;nan;nan;nan;nan;nan;nan
2023-12-22;11.75;0.043739;4.8619;nan;nan;nan;nan;nan;nan;nan;nan;nan;nan
2023-12-23;11.75;nan;nan;nan;nan;nan;nan;nan;nan;nan;nan;nan;nan
2023-12-24;11.75;nan;nan;nan;nan;nan;nan;nan;nan;nan;nan;nan;nan
2023-12-25;11.75;nan;nan;nan;nan;nan;nan;nan;nan;nan;nan;nan;nan
2023-12-26;11.75;0.043739;4.8368;nan;nan;nan;nan;nan;nan;nan;nan;nan;nan
2023-12-27;11.75;0.043739;4.8306;nan;nan;nan;nan;nan;nan;nan;nan;nan;nan
2023-12-28;11.75;0.043739;4.8413;nan;nan;nan;nan;nan;nan;nan;nan;nan;nan
2023-12-29;11.75;0.043739;4.8413;nan;nan;nan;nan;nan;nan;nan;nan;nan;nan
2023-12-30;11.75;nan;nan;nan;nan;nan;nan;nan;nan;nan;nan;nan;nan
2023-12-31;11.75;nan;nan;nan;nan;nan;nan;nan;nan;nan;nan;nan;nan
2024-01-01;11.75;nan;nan;0.42;0.07;0.27;104.47385;3.26;3.67;2.6;79.2;345.47;379.88
2024-01-02;11.75;0.043739;4.8916;nan;nan;nan;nan;nan;nan;nan;nan;nan;nan
2024-01-03;11.75;0.043739;4.9212;nan;nan;nan;nan;nan;nan;nan;nan;nan;nan
2024-01-04;11.75;0.043739;4.9188;nan;nan;nan;nan;nan;nan;nan;nan;nan;nan
2024-01-05;11.75;0.043739;4.8899;nan;nan;nan;nan;nan;nan;nan;nan;nan;nan
2024-01-06;11.75;nan;nan;nan;nan;nan;nan;nan;nan;nan;nan;nan;nan
2024-01-07;11.75;nan;nan;nan;nan;nan;nan;nan;nan;nan;nan;nan;nan
2024-01-08;11.75;0.043739;4.885;nan;nan;nan;nan;nan;nan;nan;nan;nan;nan
2024-01-09;11.75;0.043739;4.8937;nan;nan;nan;nan;nan;nan;nan;nan;nan;nan
2024-01-10;11.75;0.043739;4.8901;nan;nan;nan;nan;nan;nan;nan;nan;nan;nan
2024-01-11;11.75;0.043739;4.8794;nan;nan;nan;nan;nan;nan;nan;nan;nan;nan
2024-01-12;11.75;0.043739;4.8543;nan;nan;nan;nan;nan;nan;nan;nan;nan;nan
2024-01-13;11.75;nan;nan;nan;nan;nan;nan;nan;nan;nan;nan;nan;nan
2024-01-14;11.75;nan;nan;nan;nan;nan;nan;nan;nan;nan;nan;nan;nan
2024-01-15;11.75;0.043739;4.8765;nan;nan;nan;nan;nan;nan;nan;nan;nan;nan
2024-01-16;11.75;0.043739;4.9038;nan;nan;nan;nan;nan;nan;nan;nan;nan;nan
2024-01-17;11.75;0.043739;4.9346;nan;nan;nan;nan;nan;nan;nan;nan;nan;nan
2024-01-18;11.75;0.043739;4.9403;nan;nan;nan;nan;nan;nan;nan;nan;nan;nan
2024-01-19;11.75;0.043739;4.9223;nan;nan;nan;nan;nan;nan;nan;nan;nan;nan
2024-01-20;11.75;nan;nan;nan;nan;nan;nan;nan;nan;nan;nan;nan;nan
2024-01-21;11.75;nan;nan;nan;nan;nan;nan;nan;nan;nan;nan;nan;nan
2024-01-22;11.75;0.043739;4.949;nan;nan;nan;nan;nan;nan;nan;nan;nan;nan
2024-01-23;11.75;0.043739;4.9715;nan;nan;nan;nan;nan;nan;nan;nan;nan;nan
2024-01-24;11.75;0.043739;4.9192;nan;nan;nan;nan;nan;nan;nan;nan;nan;nan
2024-01-25;11.75;0.043739;4.9232;nan;nan;nan;nan;nan;nan;nan;nan;nan;nan
2024-01-26;11.75;0.043739;4.9125;nan;nan;nan;nan;nan;nan;nan;nan;nan;nan
2024-01-27;11.75;nan;nan;nan;nan;nan;nan;nan;nan;nan;nan;nan;nan
2024-01-28;11.75;nan;nan;nan;nan;nan;nan;nan;nan;nan;nan;nan;nan
2024-01-29;11.75;0.043739;4.9225;nan;nan;nan;nan;nan;nan;nan;nan;nan;nan
2024-01-30;11.75;0.043739;4.9638;nan;nan;nan;nan;nan;nan;nan;nan;nan;nan
2024-01-31;11.75;0.043739;4.9535;nan;nan;nan;nan;nan;nan;nan;nan;nan;nan
2024-02-01;11.25;0.041957;4.935;0.83;-0.52;0.13;104.88955;3.26;3.67;2.59;80.0;360.19;403.95
2024-02-02;11.25;0.041957;4.9471;nan;nan;nan;nan;nan;nan;nan;nan;nan;nan
2024-02-03;11.25;nan;nan;nan;nan;nan;nan;nan;nan;nan;nan;nan;nan
2024-02-04;11.25;nan;nan;nan;nan;nan;nan;nan;nan;nan;nan;nan;nan
2024-02-05;11.25;0.041957;5.0053;nan;nan;nan;nan;nan;nan;nan;nan;nan;nan
2024-02-06;11.25;0.041957;4.9687;nan;nan;nan;nan;nan;nan;nan;nan;nan;nan
2024-02-07;11.25;0.041957;4.9608;nan;nan;nan;nan;nan;nan;nan;nan;nan;nan
2024-02-08;11.25;0.041957;4.9804;nan;nan;nan;nan;nan;nan;nan;nan;nan;nan
2024-02-09;11.25;0.041957;4.9717;nan;nan;nan;nan;nan;nan;nan;nan;nan;nan
2024-02-10;11.25;nan;nan;nan;nan;nan;nan;nan;nan;nan;nan;nan;nan
2024-02-11;11.25;nan;nan;nan;nan;nan;nan;nan;nan;nan;nan;nan;nan
2024-02-12;11.25;nan;nan;nan;nan;nan;nan;nan;nan;nan;nan;nan;nan
2024-02-13;11.25;nan;nan;nan;nan;nan;nan;nan;nan;nan;nan;nan;nan
2024-02-14;11.25;0.041957;4.9723;nan;nan;nan;nan;nan;nan;nan;nan;nan;nan
2024-02-15;11.25;0.041957;4.971;nan;nan;nan;nan;nan;nan;nan;nan;nan;nan
2024-02-16;11.25;0.041957;4.9761;nan;nan;nan;nan;nan;nan;nan;nan;nan;nan
2024-02-17;11.25;nan;nan;nan;nan;nan;nan;nan;nan;nan;nan;nan;nan
2024-02-18;11.25;nan;nan;nan;nan;nan;nan;nan;nan;nan;nan;nan;nan
2024-02-19;11.25;0.041957;4.9585;nan;nan;nan;nan;nan;nan;nan;nan;nan;nan
2024-02-20;11.25;0.041957;4.9408;nan;nan;nan;nan;nan;nan;nan;nan;nan;nan
2024-02-21;11.25;0.041957;4.9303;nan;nan;nan;nan;nan;nan;nan;nan;nan;nan
2024-02-22;11.25;0.041957;4.9419;nan;nan;nan;nan;nan;nan;nan;nan;nan;nan
2024-02-23;11.25;0.041957;4.9851;nan;nan;nan;nan;nan;nan;nan;nan;nan;nan
2024-02-24;11.25;nan;nan;nan;nan;nan;nan;nan;nan;nan;nan;nan;nan
2024-02-25;11.25;nan;nan;nan;nan;nan;nan;nan;nan;nan;nan;nan;nan
2024-02-26;11.25;0.041957;4.9819;nan;nan;nan;nan;nan;nan;nan;nan;nan;nan
2024-02-27;11.25;0.041957;4.9575;nan;nan;nan;nan;nan;nan;nan;nan;nan;nan
2024-02-28;11.25;0.041957;4.9557;nan;nan;nan;nan;nan;nan;nan;nan;nan;nan
2024-02-29;11.25;0.041957;4.9833;nan;nan;nan;nan;nan;nan;nan;nan;nan;nan
2024-03-01;11.25;0.041957;4.9596;0.16;-0.47;0.28;104.51353;3.2;3.62;2.54;80.1;369.38;408.65
2024-03-02;11.25;nan;nan;nan;nan;nan;nan;nan;nan;nan;nan;nan;nan
2024-03-03;11.25;nan;nan;nan;nan;nan;nan;nan;nan;nan;nan;nan;nan
2024-03-04;11.25;0.041957;4.9475;nan;nan;nan;nan;nan;nan;nan;nan;nan;nan
2024-03-05;11.25;0.041957;4.9488;nan;nan;nan;nan;nan;nan;nan;nan;nan;nan
2024-03-06;11.25;0.041957;4.9398;nan;nan;nan;nan;nan;nan;nan;nan;nan;nan
2024-03-07;11.25;0.041957;4.9364;nan;nan;nan;nan;nan;nan;nan;nan;nan;nan
2024-03-08;11.25;0.041957;4.9751;nan;nan;nan;nan;nan;nan;nan;nan;nan;nan
2024-03-09;11.25;nan;nan;nan;nan;nan;nan;nan;nan;nan;nan;nan;nan
2024-03-10;11.25;nan;nan;nan;nan;nan;nan;nan;nan;nan;nan;nan;nan
2024-03-11;11.25;0.041957;4.9777;nan;nan;nan;nan;nan;nan;nan;nan;nan;nan
2024-03-12;11.25;0.041957;4.9813;nan;nan;nan;nan;nan;nan;nan;nan;nan;nan
2024-03-13;11.25;0.041957;4.9803;nan;nan;nan;nan;nan;nan;nan;nan;nan;nan
2024-03-14;11.25;0.041957;4.9768;nan;nan;nan;nan;nan;nan;nan;nan;nan;nan
2024-03-15;11.25;0.041957;4.9937;nan;nan;nan;nan;nan;nan;nan;nan;nan;nan
2024-03-16;11.25;nan;nan;nan;nan;nan;nan;nan;nan;nan;nan;nan;nan
2024-03-17;11.25;nan;nan;nan;nan;nan;nan;nan;nan;nan;nan;nan;nan
2024-03-18;11.25;0.041957;5.0124;nan;nan;nan;nan;nan;nan;nan;nan;nan;nan
2024-03-19;11.25;0.041957;5.0352;nan;nan;nan;nan;nan;nan;nan;nan;nan;nan
2024-03-20;11.25;0.041957;5.012;nan;nan;nan;nan;nan;nan;nan;nan;nan;nan
2024-03-21;10.75;0.040168;4.9807;nan;nan;nan;nan;nan;nan;nan;nan;nan;nan
2024-03-22;10.75;0.040168;4.9897;nan;nan;nan;nan;nan;nan;nan;nan;nan;nan
2024-03-23;10.75;nan;nan;nan;nan;nan;nan;nan;nan;nan;nan;nan;nan
2024-03-24;10.75;nan;nan;nan;nan;nan;nan;nan;nan;nan;nan;nan;nan
2024-03-25;10.75;0.040168;4.9869;nan;nan;nan;nan;nan;nan;nan;nan;nan;nan
2024-03-26;10.75;0.040168;4.987;nan;nan;nan;nan;nan;nan;nan;nan;nan;nan
2024-03-27;10.75;0.040168;4.9856;nan;nan;nan;nan;nan;nan;nan;nan;nan;nan
2024-03-28;10.75;0.040168;4.9962;nan;nan;nan;nan;nan;nan;nan;nan;nan;nan
2024-03-29;10.75;nan;nan;nan;nan;nan;nan;nan;nan;nan;nan;nan;nan
2024-03-30;10.75;nan;nan;nan;nan;nan;nan;nan;nan;nan;nan;nan;nan
2024-03-31;10.75;nan;nan;nan;nan;nan;nan;nan;nan;nan;nan;nan;nan
2024-04-01;10.75;0.040168;5.0532;0.38;0.31;0.52;105.31873;3.24;3.66;2.58;81.1;391.02;422.94
2024-04-02;10.75;0.040168;5.0476;nan;nan;nan;nan;nan;nan;nan;nan;nan;nan
2024-04-03;10.75;0.040168;5.0724;nan;nan;nan;nan;nan;nan;nan;nan;nan;nan
2024-04-04;10.75;0.040168;5.0237;nan;nan;nan;nan;nan;nan;nan;nan;nan;nan
2024-04-05;10.75;0.040168;5.052;nan;nan;nan;nan;nan;nan;nan;nan;nan;nan
2024-04-06;10.75;nan;nan;nan;nan;nan;nan;nan;nan;nan;nan;nan;nan
2024-04-07;10.75;nan;nan;nan;nan;nan;nan;nan;nan;nan;nan;nan;nan
2024-04-08;10.75;0.040168;5.0421;nan;nan;nan;nan;nan;nan;nan;nan;nan;nan
2024-04-09;10.75;0.040168;5.008;nan;nan;nan;nan;nan;nan;nan;nan;nan;nan
2024-04-10;10.75;0.040168;5.0654;nan;nan;nan;nan;nan;nan;nan;nan;nan;nan
2024-04-11;10.75;0.040168;5.0765;nan;nan;nan;nan;nan;nan;nan;nan;nan;nan
2024-04-12;10.75;0.040168;5.1364;nan;nan;nan;nan;nan;nan;nan;nan;nan;nan
2024-04-13;10.75;nan;nan;nan;nan;nan;nan;nan;nan;nan;nan;nan;nan
2024-04-14;10.75;nan;nan;nan;nan;nan;nan;nan;nan;nan;nan;nan;nan
2024-04-15;10.75;0.040168;5.1746;nan;nan;nan;nan;nan;nan;nan;nan;nan;nan
2024-04-16;10.75;0.040168;5.2635;nan;nan;nan;nan;nan;nan;nan;nan;nan;nan
2024-04-17;10.75;0.040168;5.2469;nan;nan;nan;nan;nan;nan;nan;nan;nan;nan
2024-04-18;10.75;0.040168;5.2512;nan;nan;nan;nan;nan;nan;nan;nan;nan;nan
2024-04-19;10.75;0.040168;5.2269;nan;nan;nan;nan;nan;nan;nan;nan;nan;nan
2024-04-20;10.75;nan;nan;nan;nan;nan;nan;nan;nan;nan;nan;nan;nan
2024-04-21;10.75;nan;nan;nan;nan;nan;nan;nan;nan;nan;nan;nan;nan
2024-04-22;10.75;0.040168;5.2043;nan;nan;nan;nan;nan;nan;nan;nan;nan;nan
2024-04-23;10.75;0.040168;5.1626;nan;nan;nan;nan;nan;nan;nan;nan;nan;nan
2024-04-24;10.75;0.040168;5.1592;nan;nan;nan;nan;nan;nan;nan;nan;nan;nan
2024-04-25;10.75;0.040168;5.1679;nan;nan;nan;nan;nan;nan;nan;nan;nan;nan
2024-04-26;10.75;0.040168;5.1184;nan;nan;nan;nan;nan;nan;nan;nan;nan;nan
2024-04-27;10.75;nan;nan;nan;nan;nan;nan;nan;nan;nan;nan;nan;nan
2024-04-28;10.75;nan;nan;nan;nan;nan;nan;nan;nan;nan;nan;nan;nan
2024-04-29;10.75;0.040168;5.1155;nan;nan;nan;nan;nan;nan;nan;nan;nan;nan
2024-04-30;10.75;0.040168;5.1718;nan;nan;nan;nan;nan;nan;nan;nan;nan;nan
2024-05-01;10.75;nan;nan;0.46;0.89;0.86;105.68026;3.26;3.69;2.56;81.3;387.71;414.36
2024-05-02;10.75;0.040168;5.1184;nan;nan;nan;nan;nan;nan;nan;nan;nan;nan
2024-05-03;10.75;0.040168;5.0668;nan;nan;nan;nan;nan;nan;nan;nan;nan;nan
2024-05-04;10.75;nan;nan;nan;nan;nan;nan;nan;nan;nan;nan;nan;nan
2024-05-05;10.75;nan;nan;nan;nan;nan;nan;nan;nan;nan;nan;nan;nan
2024-05-06;10.75;0.040168;5.0727;nan;nan;nan;nan;nan;nan;nan;nan;nan;nan
2024-05-07;10.75;0.040168;5.061;nan;nan;nan;nan;nan;nan;nan;nan;nan;nan
2024-05-08;10.75;0.040168;5.0887;nan;nan;nan;nan;nan;nan;nan;nan;nan;nan
2024-05-09;10.5;0.03927;5.1577;nan;nan;nan;nan;nan;nan;nan;nan;nan;nan
2024-05-10;10.5;0.03927;5.1464;nan;nan;nan;nan;nan;nan;nan;nan;nan;nan
2024-05-11;10.5;nan;nan;nan;nan;nan;nan;nan;nan;nan;nan;nan;nan
2024-05-12;10.5;nan;nan;nan;nan;nan;nan;nan;nan;nan;nan;nan;nan
2024-05-13;10.5;0.03927;5.1412;nan;nan;nan;nan;nan;nan;nan;nan;nan;nan
2024-05-14;10.5;0.03927;5.1356;nan;nan;nan;nan;nan;nan;nan;nan;nan;nan
2024-05-15;10.5;0.03927;5.1423;nan;nan;nan;nan;nan;nan;nan;nan;nan;nan
2024-05-16;10.5;0.03927;5.127;nan;nan;nan;nan;nan;nan;nan;nan;nan;nan
2024-05-17;10.5;0.03927;5.1157;nan;nan;nan;nan;nan;nan;nan;nan;nan;nan
2024-05-18;10.5;nan;nan;nan;nan;nan;nan;nan;nan;nan;nan;nan;nan
2024-05-19;10.5;nan;nan;nan;nan;nan;nan;nan;nan;nan;nan;nan;nan
2024-05-20;10.5;0.03927;5.1085;nan;nan;nan;nan;nan;nan;nan;nan;nan;nan
2024-05-21;10.5;0.03927;5.1037;nan;nan;nan;nan;nan;nan;nan;nan;nan;nan
2024-05-22;10.5;0.03927;5.1502;nan;nan;nan;nan;nan;nan;nan;nan;nan;nan
2024-05-23;10.5;0.03927;5.1443;nan;nan;nan;nan;nan;nan;nan;nan;nan;nan
2024-05-24;10.5;0.03927;5.1508;nan;nan;nan;nan;nan;nan;nan;nan;nan;nan
2024-05-25;10.5;nan;nan;nan;nan;nan;nan;nan;nan;nan;nan;nan;nan
2024-05-26;10.5;nan;nan;nan;nan;nan;nan;nan;nan;nan;nan;nan;nan
2024-05-27;10.5;0.03927;5.1704;nan;nan;nan;nan;nan;nan;nan;nan;nan;nan
2024-05-28;10.5;0.03927;5.1538;nan;nan;nan;nan;nan;nan;nan;nan;nan;nan
2024-05-29;10.5;0.03927;5.1972;nan;nan;nan;nan;nan;nan;nan;nan;nan;nan
2024-05-30;10.5;nan;nan;nan;nan;nan;nan;nan;nan;nan;nan;nan;nan
2024-05-31;10.5;0.03927;5.2416;nan;nan;nan;nan;nan;nan;nan;nan;nan;nan
2024-06-01;10.5;nan;nan;0.21;0.81;0.71;106.59884;3.17;3.62;2.45;82.1;409.07;440.44
2024-06-02;10.5;nan;nan;nan;nan;nan;nan;nan;nan;nan;nan;nan;nan
2024-06-03;10.5;0.03927;5.2373;nan;nan;nan;nan;nan;nan;nan;nan;nan;nan
2024-06-04;10.5;0.03927;5.2687;nan;nan;nan;nan;nan;nan;nan;nan;nan;nan
2024-06-05;10.5;0.03927;5.2841;nan;nan;nan;nan;nan;nan;nan;nan;nan;nan
2024-06-06;10.5;0.03927;5.2681;nan;nan;nan;nan;nan;nan;nan;nan;nan;nan
2024-06-07;10.5;0.03927;5.2802;nan;nan;nan;nan;nan;nan;nan;nan;nan;nan
2024-06-08;10.5;nan;nan;nan;nan;nan;nan;nan;nan;nan;nan;nan;nan
2024-06-09;10.5;nan;nan;nan;nan;nan;nan;nan;nan;nan;nan;nan;nan
2024-06-10;10.5;0.03927;5.3666;nan;nan;nan;nan;nan;nan;nan;nan;nan;nan
2024-06-11;10.5;0.03927;5.3524;nan;nan;nan;nan;nan;nan;nan;nan;nan;nan
2024-06-12;10.5;0.03927;5.3891;nan;nan;nan;nan;nan;nan;nan;nan;nan;nan
2024-06-13;10.5;0.03927;5.3974;nan;nan;nan;nan;nan;nan;nan;nan;nan;nan
2024-06-14;10.5;0.03927;5.363;nan;nan;nan;nan;nan;nan;nan;nan;nan;nan
2024-06-15;10.5;nan;nan;nan;nan;nan;nan;nan;nan;nan;nan;nan;nan
2024-06-16;10.5;nan;nan;nan;nan;nan;nan;nan;nan;nan;nan;nan;nan
2024-06-17;10.5;0.03927;5.413;nan;nan;nan;nan;nan;nan;nan;nan;nan;nan
2024-06-18;10.5;0.03927;5.4074;nan;nan;nan;nan;nan;nan;nan;nan;nan;nan
2024-06-19;10.5;0.03927;5.4647;nan;nan;nan;nan;nan;nan;nan;nan;nan;nan
2024-06-20;10.5;0.03927;5.4254;nan;nan;nan;nan;nan;nan;nan;nan;nan;nan
2024-06-21;10.5;0.03927;5.4416;nan;nan;nan;nan;nan;nan;nan;nan;nan;nan
2024-06-22;10.5;nan;nan;nan;nan;nan;nan;nan;nan;nan;nan;nan;nan
2024-06-23;10.5;nan;nan;nan;nan;nan;nan;nan;nan;nan;nan;nan;nan
2024-06-24;10.5;0.03927;5.4;nan;nan;nan;nan;nan;nan;nan;nan;nan;nan
2024-06-25;10.5;0.03927;5.429;nan;nan;nan;nan;nan;nan;nan;nan;nan;nan
2024-06-26;10.5;0.03927;5.5097;nan;nan;nan;nan;nan;nan;nan;nan;nan;nan
2024-06-27;10.5;0.03927;5.5229;nan;nan;nan;nan;nan;nan;nan;nan;nan;nan
2024-06-28;10.5;0.03927;5.5589;nan;nan;nan;nan;nan;nan;nan;nan;nan;nan
2024-06-29;10.5;nan;nan;nan;nan;nan;nan;nan;nan;nan;nan;nan;nan
2024-06-30;10.5;nan;nan;nan;nan;nan;nan;nan;nan;nan;nan;nan;nan
2024-07-01;10.5;0.03927;5.5893;0.38;0.61;0.72;106.94698;3.17;3.7;2.33;83.0;414.18;447.54
2024-07-02;10.5;0.03927;5.6677;nan;nan;nan;nan;nan;nan;nan;nan;nan;nan
2024-07-03;10.5;0.03927;5.5863;nan;nan;nan;nan;nan;nan;nan;nan;nan;nan
2024-07-04;10.5;0.03927;5.4839;nan;nan;nan;nan;nan;nan;nan;nan;nan;nan
2024-07-05;10.5;0.03927;5.497;nan;nan;nan;nan;nan;nan;nan;nan;nan;nan
2024-07-06;10.5;nan;nan;nan;nan;nan;nan;nan;nan;nan;nan;nan;nan
2024-07-07;10.5;nan;nan;nan;nan;nan;nan;nan;nan;nan;nan;nan;nan
2024-07-08;10.5;0.03927;5.472;nan;nan;nan;nan;nan;nan;nan;nan;nan;nan
2024-07-09;10.5;0.03927;5.4387;nan;nan;nan;nan;nan;nan;nan;nan;nan;nan
2024-07-10;10.5;0.03927;5.3967;nan;nan;nan;nan;nan;nan;nan;nan;nan;nan
2024-07-11;10.5;0.03927;5.41;nan;nan;nan;nan;nan;nan;nan;nan;nan;nan
2024-07-12;10.5;0.03927;5.4529;nan;nan;nan;nan;nan;nan;nan;nan;nan;nan
2024-07-13;10.5;nan;nan;nan;nan;nan;nan;nan;nan;nan;nan;nan;nan
2024-07-14;10.5;nan;nan;nan;nan;nan;nan;nan;nan;nan;nan;nan;nan
2024-07-15;10.5;0.03927;5.4563;nan;nan;nan;nan;nan;nan;nan;nan;nan;nan
2024-07-16;10.5;0.03927;5.4274;nan;nan;nan;nan;nan;nan;nan;nan;nan;nan
2024-07-17;10.5;0.03927;5.467;nan;nan;nan;nan;nan;nan;nan;nan;nan;nan
2024-07-18;10.5;0.03927;5.5426;nan;nan;nan;nan;nan;nan;nan;nan;nan;nan
2024-07-19;10.5;0.03927;5.5543;nan;nan;nan;nan;nan;nan;nan;nan;nan;nan
2024-07-20;10.5;nan;nan;nan;nan;nan;nan;nan;nan;nan;nan;nan;nan
2024-07-21;10.5;nan;nan;nan;nan;nan;nan;nan;nan;nan;nan;nan;nan
2024-07-22;10.5;0.03927;5.5598;nan;nan;nan;nan;nan;nan;nan;nan;nan;nan
2024-07-23;10.5;0.03927;5.5807;nan;nan;nan;nan;nan;nan;nan;nan;nan;nan
2024-07-24;10.5;0.03927;5.6346;nan;nan;nan;nan;nan;nan;nan;nan;nan;nan
2024-07-25;10.5;0.03927;5.6402;nan;nan;nan;nan;nan;nan;nan;nan;nan;nan
2024-07-26;10.5;0.03927;5.6465;nan;nan;nan;nan;nan;nan;nan;nan;nan;nan
2024-07-27;10.5;nan;nan;nan;nan;nan;nan;nan;nan;nan;nan;nan;nan
2024-07-28;10.5;nan;nan;nan;nan;nan;nan;nan;nan;nan;nan;nan;nan
2024-07-29;10.5;0.03927;5.6479;nan;nan;nan;nan;nan;nan;nan;nan;nan;nan
2024-07-30;10.5;0.03927;5.6532;nan;nan;nan;nan;nan;nan;nan;nan;nan;nan
2024-07-31;10.5;0.03927;5.6621;nan;nan;nan;nan;nan;nan;nan;nan;nan;nan
2024-08-01;10.5;0.03927;5.6681;-0.02;0.29;0.7;107.08816;3.21;3.74;2.36;83.7;404.63;435.97
2024-08-02;10.5;0.03927;5.7366;nan;nan;nan;nan;nan;nan;nan;nan;nan;nan
2024-08-03;10.5;nan;nan;nan;nan;nan;nan;nan;nan;nan;nan;nan;nan
2024-08-04;10.5;nan;nan;nan;nan;nan;nan;nan;nan;nan;nan;nan;nan
2024-08-05;10.5;0.03927;5.7646;nan;nan;nan;nan;nan;nan;nan;nan;nan;nan
2024-08-06;10.5;0.03927;5.6528;nan;nan;nan;nan;nan;nan;nan;nan;nan;nan
2024-08-07;10.5;0.03927;5.6093;nan;nan;nan;nan;nan;nan;nan;nan;nan;nan
2024-08-08;10.5;0.03927;5.6172;nan;nan;nan;nan;nan;nan;nan;nan;nan;nan
2024-08-09;10.5;0.03927;5.5115;nan;nan;nan;nan;nan;nan;nan;nan;nan;nan
2024-08-10;10.5;nan;nan;nan;nan;nan;nan;nan;nan;nan;nan;nan;nan
2024-08-11;10.5;nan;nan;nan;nan;nan;nan;nan;nan;nan;nan;nan;nan
2024-08-12;10.5;0.03927;5.4911;nan;nan;nan;nan;nan;nan;nan;nan;nan;nan
2024-08-13;10.5;0.03927;5.4875;nan;nan;nan;nan;nan;nan;nan;nan;nan;nan
2024-08-14;10.5;0.03927;5.4502;nan;nan;nan;nan;nan;nan;nan;nan;nan;nan
2024-08-15;10.5;0.03927;5.4651;nan;nan;nan;nan;nan;nan;nan;nan;nan;nan
2024-08-16;10.5;0.03927;5.4632;nan;nan;nan;nan;nan;nan;nan;nan;nan;nan
2024-08-17;10.5;nan;nan;nan;nan;nan;nan;nan;nan;nan;nan;nan;nan
2024-08-18;10.5;nan;nan;nan;nan;nan;nan;nan;nan;nan;nan;nan;nan
2024-08-19;10.5;0.03927;5.4237;nan;nan;nan;nan;nan;nan;nan;nan;nan;nan
2024-08-20;10.5;0.03927;5.4547;nan;nan;nan;nan;nan;nan;nan;nan;nan;nan
2024-08-21;10.5;0.03927;5.4707;nan;nan;nan;nan;nan;nan;nan;nan;nan;nan
2024-08-22;10.5;0.03927;5.5524;nan;nan;nan;nan;nan;nan;nan;nan;nan;nan
2024-08-23;10.5;0.03927;5.5263;nan;nan;nan;nan;nan;nan;nan;nan;nan;nan
2024-08-24;10.5;nan;nan;nan;nan;nan;nan;nan;nan;nan;nan;nan;nan
2024-08-25;10.5;nan;nan;nan;nan;nan;nan;nan;nan;nan;nan;nan;nan
2024-08-26;10.5;0.03927;5.4921;nan;nan;nan;nan;nan;nan;nan;nan;nan;nan
2024-08-27;10.5;0.03927;5.4969;nan;nan;nan;nan;nan;nan;nan;nan;nan;nan
2024-08-28;10.5;0.03927;5.5315;nan;nan;nan;nan;nan;nan;nan;nan;nan;nan
2024-08-29;10.5;0.03927;5.6358;nan;nan;nan;nan;nan;nan;nan;nan;nan;nan
2024-08-30;10.5;0.03927;5.6562;nan;nan;nan;nan;nan;nan;nan;nan;nan;nan
2024-08-31;10.5;nan;nan;nan;nan;nan;nan;nan;nan;nan;nan;nan;nan
2024-09-01;10.5;nan;nan;0.44;0.62;0.58;107.96409;3.22;3.75;2.37;84.6;411.26;448.98
2024-09-02;10.5;0.03927;5.623;nan;nan;nan;nan;nan;nan;nan;nan;nan;nan
2024-09-03;10.5;0.03927;5.6224;nan;nan;nan;nan;nan;nan;nan;nan;nan;nan
2024-09-04;10.5;0.03927;5.6359;nan;nan;nan;nan;nan;nan;nan;nan;nan;nan
2024-09-05;10.5;0.03927;5.6049;nan;nan;nan;nan;nan;nan;nan;nan;nan;nan
2024-09-06;10.5;0.03927;5.5702;nan;nan;nan;nan;nan;nan;nan;nan;nan;nan
2024-09-07;10.5;nan;nan;nan;nan;nan;nan;nan;nan;nan;nan;nan;nan
2024-09-08;10.5;nan;nan;nan;nan;nan;nan;nan;nan;nan;nan;nan;nan
2024-09-09;10.5;0.03927;5.6097;nan;nan;nan;nan;nan;nan;nan;nan;nan;nan
2024-09-10;10.5;0.03927;5.6254;nan;nan;nan;nan;nan;nan;nan;nan;nan;nan
2024-09-11;10.5;0.03927;5.6387;nan;nan;nan;nan;nan;nan;nan;nan;nan;nan
2024-09-12;10.5;0.03927;5.6554;nan;nan;nan;nan;nan;nan;nan;nan;nan;nan
2024-09-13;10.5;0.03927;5.5717;nan;nan;nan;nan;nan;nan;nan;nan;nan;nan
2024-09-14;10.5;nan;nan;nan;nan;nan;nan;nan;nan;nan;nan;nan;nan
2024-09-15;10.5;nan;nan;nan;nan;nan;nan;nan;nan;nan;nan;nan;nan
2024-09-16;10.5;0.03927;5.5207;nan;nan;nan;nan;nan;nan;nan;nan;nan;nan
2024-09-17;10.5;0.03927;5.501;nan;nan;nan;nan;nan;nan;nan;nan;nan;nan
2024-09-18;10.5;0.03927;5.4767;nan;nan;nan;nan;nan;nan;nan;nan;nan;nan
2024-09-19;10.75;0.040168;5.4189;nan;nan;nan;nan;nan;nan;nan;nan;nan;nan
2024-09-20;10.75;0.040168;5.4775;nan;nan;nan;nan;nan;nan;nan;nan;nan;nan
2024-09-21;10.75;nan;nan;nan;nan;nan;nan;nan;nan;nan;nan;nan;nan
2024-09-22;10.75;nan;nan;nan;nan;nan;nan;nan;nan;nan;nan;nan;nan
2024-09-23;10.75;0.040168;5.5446;nan;nan;nan;nan;nan;nan;nan;nan;nan;nan
2024-09-24;10.75;0.040168;5.4702;nan;nan;nan;nan;nan;nan;nan;nan;nan;nan
2024-09-25;10.75;0.040168;5.4736;nan;nan;nan;nan;nan;nan;nan;nan;nan;nan
2024-09-26;10.75;0.040168;5.4412;nan;nan;nan;nan;nan;nan;nan;nan;nan;nan
2024-09-27;10.75;0.040168;5.4431;nan;nan;nan;nan;nan;nan;nan;nan;nan;nan
2024-09-28;10.75;nan;nan;nan;nan;nan;nan;nan;nan;nan;nan;nan;nan
2024-09-29;10.75;nan;nan;nan;nan;nan;nan;nan;nan;nan;nan;nan;nan
2024-09-30;10.75;0.040168;5.4481;nan;nan;nan;nan;nan;nan;nan;nan;nan;nan
2024-10-01;10.75;0.040168;5.4521;0.56;1.52;0.68;108.21737;3.17;3.7;2.33;84.5;430.22;465.39
2024-10-02;10.75;0.040168;5.4305;nan;nan;nan;nan;nan;nan;nan;nan;nan;nan
2024-10-03;10.75;0.040168;5.485;nan;nan;nan;nan;nan;nan;nan;nan;nan;nan
2024-10-04;10.75;0.040168;5.4686;nan;nan;nan;nan;nan;nan;nan;nan;nan;nan
2024-10-05;10.75;nan;nan;nan;nan;nan;nan;nan;nan;nan;nan;nan;nan
2024-10-06;10.75;nan;nan;nan;nan;nan;nan;nan;nan;nan;nan;nan;nan
2024-10-07;10.75;0.040168;5.4626;nan;nan;nan;nan;nan;nan;nan;nan;nan;nan
2024-10-08;10.75;0.040168;5.5197;nan;nan;nan;nan;nan;nan;nan;nan;nan;nan
2024-10-09;10.75;0.040168;5.5737;nan;nan;nan;nan;nan;nan;nan;nan;nan;nan
2024-10-10;10.75;0.040168;5.5819;nan;nan;nan;nan;nan;nan;nan;nan;nan;nan
2024-10-11;10.75;0.040168;5.6263;nan;nan;nan;nan;nan;nan;nan;nan;nan;nan
2024-10-12;10.75;nan;nan;nan;nan;nan;nan;nan;nan;nan;nan;nan;nan
2024-10-13;10.75;nan;nan;nan;nan;nan;nan;nan;nan;nan;nan;nan;nan
2024-10-14;10.75;0.040168;5.6045;nan;nan;nan;nan;nan;nan;nan;nan;nan;nan
2024-10-15;10.75;0.040168;5.6378;nan;nan;nan;nan;nan;nan;nan;nan;nan;nan
2024-10-16;10.75;0.040168;5.6749;nan;nan;nan;nan;nan;nan;nan;nan;nan;nan
2024-10-17;10.75;0.040168;5.6758;nan;nan;nan;nan;nan;nan;nan;nan;nan;nan
2024-10-18;10.75;0.040168;5.6672;nan;nan;nan;nan;nan;nan;nan;nan;nan;nan
2024-10-19;10.75;nan;nan;nan;nan;nan;nan;nan;nan;nan;nan;nan;nan
2024-10-20;10.75;nan;nan;nan;nan;nan;nan;nan;nan;nan;nan;nan;nan
2024-10-21;10.75;0.040168;5.7068;nan;nan;nan;nan;nan;nan;nan;nan;nan;nan
2024-10-22;10.75;0.040168;5.6958;nan;nan;nan;nan;nan;nan;nan;nan;nan;nan
2024-10-23;10.75;0.040168;5.7149;nan;nan;nan;nan;nan;nan;nan;nan;nan;nan
2024-10-24;10.75;0.040168;5.7087;nan;nan;nan;nan;nan;nan;nan;nan;nan;nan
2024-10-25;10.75;0.040168;5.6969;nan;nan;nan;nan;nan;nan;nan;nan;nan;nan
2024-10-26;10.75;nan;nan;nan;nan;nan;nan;nan;nan;nan;nan;nan;nan
2024-10-27;10.75;nan;nan;nan;nan;nan;nan;nan;nan;nan;nan;nan;nan
2024-10-28;10.75;0.040168;5.6988;nan;nan;nan;nan;nan;nan;nan;nan;nan;nan
2024-10-29;10.75;0.040168;5.714;nan;nan;nan;nan;nan;nan;nan;nan;nan;nan
2024-10-30;10.75;0.040168;5.7801;nan;nan;nan;nan;nan;nan;nan;nan;nan;nan
2024-10-31;10.75;0.040168;5.7779;nan;nan;nan;nan;nan;nan;nan;nan;nan;nan
2024-11-01;10.75;0.040168;5.8073;0.39;1.3;0.4;107.85508;3.14;3.66;2.31;83.7;447.0;490.78
2024-11-02;10.75;nan;nan;nan;nan;nan;nan;nan;nan;nan;nan;nan;nan
2024-11-03;10.75;nan;nan;nan;nan;nan;nan;nan;nan;nan;nan;nan;nan
2024-11-04;10.75;0.040168;5.7898;nan;nan;nan;nan;nan;nan;nan;nan;nan;nan
2024-11-05;10.75;0.040168;5.7846;nan;nan;nan;nan;nan;nan;nan;nan;nan;nan
2024-11-06;10.75;0.040168;5.7648;nan;nan;nan;nan;nan;nan;nan;nan;nan;nan
2024-11-07;11.25;0.041957;5.6624;nan;nan;nan;nan;nan;nan;nan;nan;nan;nan
2024-11-08;11.25;0.041957;5.7648;nan;nan;nan;nan;nan;nan;nan;nan;nan;nan
2024-11-09;11.25;nan;nan;nan;nan;nan;nan;nan;nan;nan;nan;nan;nan
2024-11-10;11.25;nan;nan;nan;nan;nan;nan;nan;nan;nan;nan;nan;nan
2024-11-11;11.25;0.041957;5.798;nan;nan;nan;nan;nan;nan;nan;nan;nan;nan
2024-11-12;11.25;0.041957;5.7694;nan;nan;nan;nan;nan;nan;nan;nan;nan;nan
2024-11-13;11.25;0.041957;5.7713;nan;nan;nan;nan;nan;nan;nan;nan;nan;nan
2024-11-14;11.25;0.041957;5.7885;nan;nan;nan;nan;nan;nan;nan;nan;nan;nan
2024-11-15;11.25;nan;nan;nan;nan;nan;nan;nan;nan;nan;nan;nan;nan
2024-11-16;11.25;nan;nan;nan;nan;nan;nan;nan;nan;nan;nan;nan;nan
2024-11-17;11.25;nan;nan;nan;nan;nan;nan;nan;nan;nan;nan;nan;nan
2024-11-18;11.25;0.041957;5.7603;nan;nan;nan;nan;nan;nan;nan;nan;nan;nan
2024-11-19;11.25;0.041957;5.7743;nan;nan;nan;nan;nan;nan;nan;nan;nan;nan
2024-11-20;11.25;nan;nan;nan;nan;nan;nan;nan;nan;nan;nan;nan;nan
2024-11-21;11.25;0.041957;5.8173;nan;nan;nan;nan;nan;nan;nan;nan;nan;nan
2024-11-22;11.25;0.041957;5.8124;nan;nan;nan;nan;nan;nan;nan;nan;nan;nan
2024-11-23;11.25;nan;nan;nan;nan;nan;nan;nan;nan;nan;nan;nan;nan
2024-11-24;11.25;nan;nan;nan;nan;nan;nan;nan;nan;nan;nan;nan;nan
2024-11-25;11.25;0.041957;5.8002;nan;nan;nan;nan;nan;nan;nan;nan;nan;nan
2024-11-26;11.25;0.041957;5.799;nan;nan;nan;nan;nan;nan;nan;nan;nan;nan
2024-11-27;11.25;0.041957;5.8291;nan;nan;nan;nan;nan;nan;nan;nan;nan;nan
2024-11-28;11.25;0.041957;5.9871;nan;nan;nan;nan;nan;nan;nan;nan;nan;nan
2024-11-29;11.25;0.041957;6.0535;nan;nan;nan;nan;nan;nan;nan;nan;nan;nan
2024-11-30;11.25;nan;nan;nan;nan;nan;nan;nan;nan;nan;nan;nan;nan
2024-12-01;11.25;nan;nan;0.52;0.94;0.5;106.91325;2.95;3.54;2.03;82.1;477.11;531.59
2024-12-02;11.25;0.041957;6.0634;nan;nan;nan;nan;nan;nan;nan;nan;nan;nan
2024-12-03;11.25;0.041957;6.0707;nan;nan;nan;nan;nan;nan;nan;nan;nan;nan
2024-12-04;11.25;0.041957;6.0581;nan;nan;nan;nan;nan;nan;nan;nan;nan;nan
2024-12-05;11.25;0.041957;5.9849;nan;nan;nan;nan;nan;nan;nan;nan;nan;nan
2024-12-06;11.25;0.041957;6.0293;nan;nan;nan;nan;nan;nan;nan;nan;nan;nan
2024-12-07;11.25;nan;nan;nan;nan;nan;nan;nan;nan;nan;nan;nan;nan
2024-12-08;11.25;nan;nan;nan;nan;nan;nan;nan;nan;nan;nan;nan;nan
2024-12-09;11.25;0.041957;6.057;nan;nan;nan;nan;nan;nan;nan;nan;nan;nan
2024-12-10;11.25;0.041957;6.0529;nan;nan;nan;nan;nan;nan;nan;nan;nan;nan
2024-12-11;11.25;0.041957;6.032;nan;nan;nan;nan;nan;nan;nan;nan;nan;nan
2024-12-12;12.25;0.045513;5.9408;nan;nan;nan;nan;nan;nan;nan;nan;nan;nan
2024-12-13;12.25;0.045513;6.04;nan;nan;nan;nan;nan;nan;nan;nan;nan;nan
2024-12-14;12.25;nan;nan;nan;nan;nan;nan;nan;nan;nan;nan;nan;nan
2024-12-15;12.25;nan;nan;nan;nan;nan;nan;nan;nan;nan;nan;nan;nan
2024-12-16;12.25;0.045513;6.0509;nan;nan;nan;nan;nan;nan;nan;nan;nan;nan
2024-12-17;12.25;0.045513;6.1685;nan;nan;nan;nan;nan;nan;nan;nan;nan;nan
2024-12-18;12.25;0.045513;6.1624;nan;nan;nan;nan;nan;nan;nan;nan;nan;nan
2024-12-19;12.25;0.045513;6.1841;nan;nan;nan;nan;nan;nan;nan;nan;nan;nan
2024-12-20;12.25;0.045513;6.078;nan;nan;nan;nan;nan;nan;nan;nan;nan;nan
2024-12-21;12.25;nan;nan;nan;nan;nan;nan;nan;nan;nan;nan;nan;nan
2024-12-22;12.25;nan;nan;nan;nan;nan;nan;nan;nan;nan;nan;nan;nan
2024-12-23;12.25;0.045513;6.1612;nan;nan;nan;nan;nan;nan;nan;nan;nan;nan
2024-12-24;12.25;0.045513;6.1541;nan;nan;nan;nan;nan;nan;nan;nan;nan;nan
2024-12-25;12.25;nan;nan;nan;nan;nan;nan;nan;nan;nan;nan;nan;nan
2024-12-26;12.25;0.045513;6.1656;nan;nan;nan;nan;nan;nan;nan;nan;nan;nan
2024-12-27;12.25;0.045513;6.1991;nan;nan;nan;nan;nan;nan;nan;nan;nan;nan
2024-12-28;12.25;nan;nan;nan;nan;nan;nan;nan;nan;nan;nan;nan;nan
2024-12-29;12.25;nan;nan;nan;nan;nan;nan;nan;nan;nan;nan;nan;nan
2024-12-30;12.25;0.045513;6.1923;nan;nan;nan;nan;nan;nan;nan;nan;nan;nan
2024-12-31;12.25;0.045513;6.1923;nan;nan;nan;nan;nan;nan;nan;nan;nan;nan
2025-01-01;nan;nan;nan;0.16;0.27;0.83;108.35448;3.19;3.78;2.23;79.7;482.57;537.72
2025-01-02;12.25;0.045513;6.2086;nan;nan;nan;nan;nan;nan;nan;nan;nan;nan
2025-01-03;12.25;0.045513;6.1563;nan;nan;nan;nan;nan;nan;nan;nan;nan;nan
2025-01-04;12.25;nan;nan;nan;nan;nan;nan;nan;nan;nan;nan;nan;nan
2025-01-05;12.25;nan;nan;nan;nan;nan;nan;nan;nan;nan;nan;nan;nan
2025-01-06;12.25;0.045513;6.1119;nan;nan;nan;nan;nan;nan;nan;nan;nan;nan
2025-01-07;12.25;0.045513;6.0741;nan;nan;nan;nan;nan;nan;nan;nan;nan;nan
2025-01-08;12.25;0.045513;6.1321;nan;nan;nan;nan;nan;nan;nan;nan;nan;nan
2025-01-09;12.25;0.045513;6.0896;nan;nan;nan;nan;nan;nan;nan;nan;nan;nan
2025-01-10;12.25;0.045513;6.0965;nan;nan;nan;nan;nan;nan;nan;nan;nan;nan
2025-01-11;12.25;nan;nan;nan;nan;nan;nan;nan;nan;nan;nan;nan;nan
2025-01-12;12.25;nan;nan;nan;nan;nan;nan;nan;nan;nan;nan;nan;nan
2025-01-13;12.25;0.045513;6.1079;nan;nan;nan;nan;nan;nan;nan;nan;nan;nan
2025-01-14;12.25;0.045513;6.0671;nan;nan;nan;nan;nan;nan;nan;nan;nan;nan
2025-01-15;12.25;0.045513;6.0377;nan;nan;nan;nan;nan;nan;nan;nan;nan;nan
2025-01-16;12.25;0.045513;6.0322;nan;nan;nan;nan;nan;nan;nan;nan;nan;nan
2025-01-17;12.25;0.045513;6.0609;nan;nan;nan;nan;nan;nan;nan;nan;nan;nan
2025-01-18;12.25;nan;nan;nan;nan;nan;nan;nan;nan;nan;nan;nan;nan
2025-01-19;12.25;nan;nan;nan;nan;nan;nan;nan;nan;nan;nan;nan;nan
2025-01-20;12.25;0.045513;6.0498;nan;nan;nan;nan;nan;nan;nan;nan;nan;nan
2025-01-21;12.25;0.045513;6.044;nan;nan;nan;nan;nan;nan;nan;nan;nan;nan
2025-01-22;12.25;0.045513;5.9674;nan;nan;nan;nan;nan;nan;nan;nan;nan;nan
2025-01-23;12.25;0.045513;5.9399;nan;nan;nan;nan;nan;nan;nan;nan;nan;nan
2025-01-24;12.25;0.045513;5.8925;nan;nan;nan;nan;nan;nan;nan;nan;nan;nan
2025-01-25;12.25;nan;nan;nan;nan;nan;nan;nan;nan;nan;nan;nan;nan
2025-01-26;12.25;nan;nan;nan;nan;nan;nan;nan;nan;nan;nan;nan;nan
2025-01-27;12.25;0.045513;5.9272;nan;nan;nan;nan;nan;nan;nan;nan;nan;nan
2025-01-28;12.25;0.045513;5.893;nan;nan;nan;nan;nan;nan;nan;nan;nan;nan
2025-01-29;12.25;0.045513;5.8596;nan;nan;nan;nan;nan;nan;nan;nan;nan;nan
2025-01-30;13.25;0.049037;5.9006;nan;nan;nan;nan;nan;nan;nan;nan;nan;nan
2025-01-31;13.25;0.049037;5.8301;nan;nan;nan;nan;nan;nan;nan;nan;nan;nan
2025-02-01;13.25;nan;nan;1.31;1.06;0.4;109.08823;3.26;3.85;2.3;80.0;461.1;510.22
2025-02-02;13.25;nan;nan;nan;nan;nan;nan;nan;nan;nan;nan;nan;nan
2025-02-03;13.25;0.049037;5.8687;nan;nan;nan;nan;nan;nan;nan;nan;nan;nan
2025-02-04;13.25;0.049037;5.7927;nan;nan;nan;nan;nan;nan;nan;nan;nan;nan
2025-02-05;13.25;0.049037;5.7997;nan;nan;nan;nan;nan;nan;nan;nan;nan;nan
2025-02-06;13.25;0.049037;5.7856;nan;nan;nan;nan;nan;nan;nan;nan;nan;nan
2025-02-07;13.25;0.049037;5.7557;nan;nan;nan;nan;nan;nan;nan;nan;nan;nan
2025-02-08;13.25;nan;nan;nan;nan;nan;nan;nan;nan;nan;nan;nan;nan
2025-02-09;13.25;nan;nan;nan;nan;nan;nan;nan;nan;nan;nan;nan;nan
2025-02-10;13.25;0.049037;5.7808;nan;nan;nan;nan;nan;nan;nan;nan;nan;nan
2025-02-11;13.25;0.049037;5.7788;nan;nan;nan;nan;nan;nan;nan;nan;nan;nan
2025-02-12;13.25;0.049037;5.7711;nan;nan;nan;nan;nan;nan;nan;nan;nan;nan
2025-02-13;13.25;0.049037;5.7788;nan;nan;nan;nan;nan;nan;nan;nan;nan;nan
2025-02-14;13.25;0.049037;5.7283;nan;nan;nan;nan;nan;nan;nan;nan;nan;nan
2025-02-15;13.25;nan;nan;nan;nan;nan;nan;nan;nan;nan;nan;nan;nan
2025-02-16;13.25;nan;nan;nan;nan;nan;nan;nan;nan;nan;nan;nan;nan
2025-02-17;13.25;0.049037;5.7105;nan;nan;nan;nan;nan;nan;nan;nan;nan;nan
2025-02-18;13.25;0.049037;5.6979;nan;nan;nan;nan;nan;nan;nan;nan;nan;nan
2025-02-19;13.25;0.049037;5.7087;nan;nan;nan;nan;nan;nan;nan;nan;nan;nan
2025-02-20;13.25;0.049037;5.7019;nan;nan;nan;nan;nan;nan;nan;nan;nan;nan
2025-02-21;13.25;0.049037;5.7027;nan;nan;nan;nan;nan;nan;nan;nan;nan;nan
2025-02-22;13.25;nan;nan;nan;nan;nan;nan;nan;nan;nan;nan;nan;nan
2025-02-23;13.25;nan;nan;nan;nan;nan;nan;nan;nan;nan;nan;nan;nan
2025-02-24;13.25;0.049037;5.7258;nan;nan;nan;nan;nan;nan;nan;nan;nan;nan
2025-02-25;13.25;0.049037;5.7779;nan;nan;nan;nan;nan;nan;nan;nan;nan;nan
2025-02-26;13.25;0.049037;5.7757;nan;nan;nan;nan;nan;nan;nan;nan;nan;nan
2025-02-27;13.25;0.049037;5.8228;nan;nan;nan;nan;nan;nan;nan;nan;nan;nan
2025-02-28;13.25;0.049037;5.8488;nan;nan;nan;nan;nan;nan;nan;nan;nan;nan
2025-03-01;13.25;nan;nan;0.56;-0.34;0.39;109.89954;3.28;3.91;2.25;80.2;447.04;484.87
2025-03-02;13.25;nan;nan;nan;nan;nan;nan;nan;nan;nan;nan;nan;nan
2025-03-03;13.25;nan;nan;nan;nan;nan;nan;nan;nan;nan;nan;nan;nan
2025-03-04;13.25;nan;nan;nan;nan;nan;nan;nan;nan;nan;nan;nan;nan
2025-03-05;13.25;0.049037;5.7914;nan;nan;nan;nan;nan;nan;nan;nan;nan;nan
2025-03-06;13.25;0.049037;5.7489;nan;nan;nan;nan;nan;nan;nan;nan;nan;nan
2025-03-07;13.25;0.049037;5.7688;nan;nan;nan;nan;nan;nan;nan;nan;nan;nan
2025-03-08;13.25;nan;nan;nan;nan;nan;nan;nan;nan;nan;nan;nan;nan
2025-03-09;13.25;nan;nan;nan;nan;nan;nan;nan;nan;nan;nan;nan;nan
2025-03-10;13.25;0.049037;5.793;nan;nan;nan;nan;nan;nan;nan;nan;nan;nan
2025-03-11;13.25;0.049037;5.8346;nan;nan;nan;nan;nan;nan;nan;nan;nan;nan
2025-03-12;13.25;0.049037;5.8268;nan;nan;nan;nan;nan;nan;nan;nan;nan;nan
2025-03-13;13.25;0.049037;5.8131;nan;nan;nan;nan;nan;nan;nan;nan;nan;nan
2025-03-14;13.25;0.049037;5.7419;nan;nan;nan;nan;nan;nan;nan;nan;nan;nan
2025-03-15;13.25;nan;nan;nan;nan;nan;nan;nan;nan;nan;nan;nan;nan
2025-03-16;13.25;nan;nan;nan;nan;nan;nan;nan;nan;nan;nan;nan;nan
2025-03-17;13.25;0.049037;5.7082;nan;nan;nan;nan;nan;nan;nan;nan;nan;nan
2025-03-18;13.25;0.049037;5.6852;nan;nan;nan;nan;nan;nan;nan;nan;nan;nan
2025-03-19;13.25;0.049037;5.6657;nan;nan;nan;nan;nan;nan;nan;nan;nan;nan
2025-03-20;14.25;0.052531;5.6628;nan;nan;nan;nan;nan;nan;nan;nan;nan;nan
2025-03-21;14.25;0.052531;5.7241;nan;nan;nan;nan;nan;nan;nan;nan;nan;nan
2025-03-22;14.25;nan;nan;nan;nan;nan;nan;nan;nan;nan;nan;nan;nan
2025-03-23;14.25;nan;nan;nan;nan;nan;nan;nan;nan;nan;nan;nan;nan
2025-03-24;14.25;0.052531;5.7403;nan;nan;nan;nan;nan;nan;nan;nan;nan;nan
2025-03-25;14.25;0.052531;5.6992;nan;nan;nan;nan;nan;nan;nan;nan;nan;nan
2025-03-26;14.25;0.052531;5.7298;nan;nan;nan;nan;nan;nan;nan;nan;nan;nan
2025-03-27;14.25;0.052531;5.7474;nan;nan;nan;nan;nan;nan;nan;nan;nan;nan
2025-03-28;14.25;0.052531;5.766;nan;nan;nan;nan;nan;nan;nan;nan;nan;nan
2025-03-29;14.25;nan;nan;nan;nan;nan;nan;nan;nan;nan;nan;nan;nan
2025-03-30;14.25;nan;nan;nan;nan;nan;nan;nan;nan;nan;nan;nan;nan
2025-03-31;14.25;0.052531;5.7422;nan;nan;nan;nan;nan;nan;nan;nan;nan;nan
2025-04-01;14.25;0.052531;5.7051;0.43;0.24;0.52;110.42272;3.5;4.13;2.46;81.8;443.31;494.59
2025-04-02;14.25;0.052531;5.6923;nan;nan;nan;nan;nan;nan;nan;nan;nan;nan
2025-04-03;14.25;0.052531;5.6067;nan;nan;nan;nan;nan;nan;nan;nan;nan;nan
2025-04-04;14.25;0.052531;5.7777;nan;nan;nan;nan;nan;nan;nan;nan;nan;nan
2025-04-05;14.25;nan;nan;nan;nan;nan;nan;nan;nan;nan;nan;nan;nan
2025-04-06;14.25;nan;nan;nan;nan;nan;nan;nan;nan;nan;nan;nan;nan
2025-04-07;14.25;0.052531;5.8877;nan;nan;nan;nan;nan;nan;nan;nan;nan;nan
2025-04-08;14.25;0.052531;5.9368;nan;nan;nan;nan;nan;nan;nan;nan;nan;nan
2025-04-09;14.25;0.052531;6.0605;nan;nan;nan;nan;nan;nan;nan;nan;nan;nan
2025-04-10;14.25;0.052531;5.9115;nan;nan;nan;nan;nan;nan;nan;nan;nan;nan
2025-04-11;14.25;0.052531;5.8737;nan;nan;nan;nan;nan;nan;nan;nan;nan;nan
2025-04-12;14.25;nan;nan;nan;nan;nan;nan;nan;nan;nan;nan;nan;nan
2025-04-13;14.25;nan;nan;nan;nan;nan;nan;nan;nan;nan;nan;nan;nan
2025-04-14;14.25;0.052531;5.8425;nan;nan;nan;nan;nan;nan;nan;nan;nan;nan
2025-04-15;14.25;0.052531;5.8707;nan;nan;nan;nan;nan;nan;nan;nan;nan;nan
2025-04-16;14.25;0.052531;5.8808;nan;nan;nan;nan;nan;nan;nan;nan;nan;nan
2025-04-17;14.25;0.052531;5.8559;nan;nan;nan;nan;nan;nan;nan;nan;nan;nan
2025-04-18;14.25;nan;nan;nan;nan;nan;nan;nan;nan;nan;nan;nan;nan
2025-04-19;14.25;nan;nan;nan;nan;nan;nan;nan;nan;nan;nan;nan;nan
2025-04-20;14.25;nan;nan;nan;nan;nan;nan;nan;nan;nan;nan;nan;nan
2025-04-21;14.25;nan;nan;nan;nan;nan;nan;nan;nan;nan;nan;nan;nan
2025-04-22;14.25;0.052531;5.7496;nan;nan;nan;nan;nan;nan;nan;nan;nan;nan
2025-04-23;14.25;0.052531;5.688;nan;nan;nan;nan;nan;nan;nan;nan;nan;nan
2025-04-24;14.25;0.052531;5.6738;nan;nan;nan;nan;nan;nan;nan;nan;nan;nan
2025-04-25;14.25;0.052531;5.6846;nan;nan;nan;nan;nan;nan;nan;nan;nan;nan
2025-04-26;14.25;nan;nan;nan;nan;nan;nan;nan;nan;nan;nan;nan;nan
2025-04-27;14.25;nan;nan;nan;nan;nan;nan;nan;nan;nan;nan;nan;nan
2025-04-28;14.25;0.052531;5.6681;nan;nan;nan;nan;nan;nan;nan;nan;nan;nan
2025-04-29;14.25;0.052531;5.6467;nan;nan;nan;nan;nan;nan;nan;nan;nan;nan
2025-04-30;14.25;0.052531;5.6608;nan;nan;nan;nan;nan;nan;nan;nan;nan;nan
2025-05-01;14.25;nan;nan;0.26;-0.49;0.58;109.03507;3.54;4.24;2.4;83.1;438.76;491.25
2025-05-02;14.25;0.052531;5.6394;nan;nan;nan;nan;nan;nan;nan;nan;nan;nan
2025-05-03;14.25;nan;nan;nan;nan;nan;nan;nan;nan;nan;nan;nan;nan
2025-05-04;14.25;nan;nan;nan;nan;nan;nan;nan;nan;nan;nan;nan;nan
2025-05-05;14.25;0.052531;5.652;nan;nan;nan;nan;nan;nan;nan;nan;nan;nan
2025-05-06;14.25;0.052531;5.721;nan;nan;nan;nan;nan;nan;nan;nan;nan;nan
2025-05-07;14.25;0.052531;5.7375;nan;nan;nan;nan;nan;nan;nan;nan;nan;nan
2025-05-08;14.75;0.054266;5.686;nan;nan;nan;nan;nan;nan;nan;nan;nan;nan
2025-05-09;14.75;0.054266;5.6511;nan;nan;nan;nan;nan;nan;nan;nan;nan;nan
2025-05-10;14.75;nan;nan;nan;nan;nan;nan;nan;nan;nan;nan;nan;nan
2025-05-11;14.75;nan;nan;nan;nan;nan;nan;nan;nan;nan;nan;nan;nan
2025-05-12;14.75;0.054266;5.6822;nan;nan;nan;nan;nan;nan;nan;nan;nan;nan
2025-05-13;14.75;0.054266;5.6262;nan;nan;nan;nan;nan;nan;nan;nan;nan;nan
2025-05-14;14.75;0.054266;5.61;nan;nan;nan;nan;nan;nan;nan;nan;nan;nan
2025-05-15;14.75;0.054266;5.6328;nan;nan;nan;nan;nan;nan;nan;nan;nan;nan
2025-05-16;14.75;0.054266;5.6925;nan;nan;nan;nan;nan;nan;nan;nan;nan;nan
2025-05-17;14.75;nan;nan;nan;nan;nan;nan;nan;nan;nan;nan;nan;nan
2025-05-18;14.75;nan;nan;nan;nan;nan;nan;nan;nan;nan;nan;nan;nan
2025-05-19;14.75;0.054266;5.6591;nan;nan;nan;nan;nan;nan;nan;nan;nan;nan
2025-05-20;14.75;0.054266;5.662;nan;nan;nan;nan;nan;nan;nan;nan;nan;nan
2025-05-21;14.75;0.054266;5.6571;nan;nan;nan;nan;nan;nan;nan;nan;nan;nan
2025-05-22;14.75;0.054266;5.639;nan;nan;nan;nan;nan;nan;nan;nan;nan;nan
2025-05-23;14.75;0.054266;5.6932;nan;nan;nan;nan;nan;nan;nan;nan;nan;nan
2025-05-24;14.75;nan;nan;nan;nan;nan;nan;nan;nan;nan;nan;nan;nan
2025-05-25;14.75;nan;nan;nan;nan;nan;nan;nan;nan;nan;nan;nan;nan
2025-05-26;14.75;0.054266;5.6619;nan;nan;nan;nan;nan;nan;nan;nan;nan;nan
2025-05-27;14.75;0.054266;5.6539;nan;nan;nan;nan;nan;nan;nan;nan;nan;nan
2025-05-28;14.75;0.054266;5.6936;nan;nan;nan;nan;nan;nan;nan;nan;nan;nan
2025-05-29;14.75;0.054266;5.6559;nan;nan;nan;nan;nan;nan;nan;nan;nan;nan
2025-05-30;14.75;0.054266;5.7087;nan;nan;nan;nan;nan;nan;nan;nan;nan;nan
2025-05-31;14.75;nan;nan;nan;nan;nan;nan;nan;nan;nan;nan;nan;nan
2025-06-01;14.75;nan;nan;0.24;-1.67;0.69;108.78349;3.57;4.29;2.4;83.5;432.85;476.21
2025-06-02;14.75;0.054266;5.6937;nan;nan;nan;nan;nan;nan;nan;nan;nan;nan
2025-06-03;14.75;0.054266;5.6694;nan;nan;nan;nan;nan;nan;nan;nan;nan;nan
2025-06-04;14.75;0.054266;5.6332;nan;nan;nan;nan;nan;nan;nan;nan;nan;nan
2025-06-05;14.75;0.054266;5.5969;nan;nan;nan;nan;nan;nan;nan;nan;nan;nan
2025-06-06;14.75;0.054266;5.5947;nan;nan;nan;nan;nan;nan;nan;nan;nan;nan
2025-06-07;14.75;nan;nan;nan;nan;nan;nan;nan;nan;nan;nan;nan;nan
2025-06-08;14.75;nan;nan;nan;nan;nan;nan;nan;nan;nan;nan;nan;nan
2025-06-09;14.75;0.054266;5.576;nan;nan;nan;nan;nan;nan;nan;nan;nan;nan
2025-06-10;14.75;0.054266;5.5557;nan;nan;nan;nan;nan;nan;nan;nan;nan;nan
2025-06-11;14.75;0.054266;5.539;nan;nan;nan;nan;nan;nan;nan;nan;nan;nan
2025-06-12;14.75;0.054266;5.5388;nan;nan;nan;nan;nan;nan;nan;nan;nan;nan
2025-06-13;14.75;0.054266;5.5652;nan;nan;nan;nan;nan;nan;nan;nan;nan;nan
2025-06-14;14.75;nan;nan;nan;nan;nan;nan;nan;nan;nan;nan;nan;nan
2025-06-15;14.75;nan;nan;nan;nan;nan;nan;nan;nan;nan;nan;nan;nan
2025-06-16;14.75;0.054266;5.5123;nan;nan;nan;nan;nan;nan;nan;nan;nan;nan
2025-06-17;14.75;0.054266;5.4773;nan;nan;nan;nan;nan;nan;nan;nan;nan;nan
2025-06-18;14.75;0.054266;5.4879;nan;nan;nan;nan;nan;nan;nan;nan;nan;nan
2025-06-19;15.0;nan;nan;nan;nan;nan;nan;nan;nan;nan;nan;nan;nan
2025-06-20;15.0;0.055131;5.4957;nan;nan;nan;nan;nan;nan;nan;nan;nan;nan
2025-06-21;15.0;nan;nan;nan;nan;nan;nan;nan;nan;nan;nan;nan;nan
2025-06-22;15.0;nan;nan;nan;nan;nan;nan;nan;nan;nan;nan;nan;nan
2025-06-23;15.0;0.055131;5.5213;nan;nan;nan;nan;nan;nan;nan;nan;nan;nan
2025-06-24;15.0;0.055131;5.4938;nan;nan;nan;nan;nan;nan;nan;nan;nan;nan
2025-06-25;15.0;0.055131;5.5427;nan;nan;nan;nan;nan;nan;nan;nan;nan;nan
2025-06-26;15.0;0.055131;5.5145;nan;nan;nan;nan;nan;nan;nan;nan;nan;nan
2025-06-27;15.0;0.055131;5.4759;nan;nan;nan;nan;nan;nan;nan;nan;nan;nan
2025-06-28;15.0;nan;nan;nan;nan;nan;nan;nan;nan;nan;nan;nan;nan
2025-06-29;15.0;nan;nan;nan;nan;nan;nan;nan;nan;nan;nan;nan;nan
2025-06-30;15.0;0.055131;5.4571;nan;nan;nan;nan;nan;nan;nan;nan;nan;nan
2025-07-01;15.0;0.055131;5.4511;0.26;-0.77;0.91;108.34416;3.77;4.54;2.51;82.2;430.53;470.99
2025-07-02;15.0;0.055131;5.4512;nan;nan;nan;nan;nan;nan;nan;nan;nan;nan
2025-07-03;15.0;0.055131;5.4208;nan;nan;nan;nan;nan;nan;nan;nan;nan;nan
2025-07-04;15.0;0.055131;5.409;nan;nan;nan;nan;nan;nan;nan;nan;nan;nan
2025-07-05;15.0;nan;nan;nan;nan;nan;nan;nan;nan;nan;nan;nan;nan
2025-07-06;15.0;nan;nan;nan;nan;nan;nan;nan;nan;nan;nan;nan;nan
2025-07-07;15.0;0.055131;5.4552;nan;nan;nan;nan;nan;nan;nan;nan;nan;nan
2025-07-08;15.0;0.055131;5.4571;nan;nan;nan;nan;nan;nan;nan;nan;nan;nan
2025-07-09;15.0;0.055131;5.4626;nan;nan;nan;nan;nan;nan;nan;nan;nan;nan
2025-07-10;15.0;0.055131;5.5433;nan;nan;nan;nan;nan;nan;nan;nan;nan;nan
2025-07-11;15.0;0.055131;5.5722;nan;nan;nan;nan;nan;nan;nan;nan;nan;nan
2025-07-12;15.0;nan;nan;nan;nan;nan;nan;nan;nan;nan;nan;nan;nan
2025-07-13;15.0;nan;nan;nan;nan;nan;nan;nan;nan;nan;nan;nan;nan
2025-07-14;15.0;0.055131;5.5595;nan;nan;nan;nan;nan;nan;nan;nan;nan;nan
2025-07-15;15.0;0.055131;5.5576;nan;nan;nan;nan;nan;nan;nan;nan;nan;nan
2025-07-16;15.0;0.055131;5.5722;nan;nan;nan;nan;nan;nan;nan;nan;nan;nan
2025-07-17;15.0;0.055131;5.5737;nan;nan;nan;nan;nan;nan;nan;nan;nan;nan
2025-07-18;15.0;0.055131;5.5466;nan;nan;nan;nan;nan;nan;nan;nan;nan;nan
2025-07-19;15.0;nan;nan;nan;nan;nan;nan;nan;nan;nan;nan;nan;nan
2025-07-20;15.0;nan;nan;nan;nan;nan;nan;nan;nan;nan;nan;nan;nan
2025-07-21;15.0;0.055131;5.5625;nan;nan;nan;nan;nan;nan;nan;nan;nan;nan
2025-07-22;15.0;0.055131;5.5709;nan;nan;nan;nan;nan;nan;nan;nan;nan;nan
2025-07-23;15.0;0.055131;5.5537;nan;nan;nan;nan;nan;nan;nan;nan;nan;nan
2025-07-24;15.0;0.055131;5.5239;nan;nan;nan;nan;nan;nan;nan;nan;nan;nan
2025-07-25;15.0;0.055131;5.5426;nan;nan;nan;nan;nan;nan;nan;nan;nan;nan
2025-07-26;15.0;nan;nan;nan;nan;nan;nan;nan;nan;nan;nan;nan;nan
2025-07-27;15.0;nan;nan;nan;nan;nan;nan;nan;nan;nan;nan;nan;nan
2025-07-28;15.0;0.055131;5.5877;nan;nan;nan;nan;nan;nan;nan;nan;nan;nan
2025-07-29;15.0;0.055131;5.5764;nan;nan;nan;nan;nan;nan;nan;nan;nan;nan
2025-07-30;15.0;0.055131;5.6034;nan;nan;nan;nan;nan;nan;nan;nan;nan;nan
2025-07-31;15.0;0.055131;5.6021;nan;nan;nan;nan;nan;nan;nan;nan;nan;nan
2025-08-01;15.0;0.055131;5.5436;-0.11;0.36;0.52;108.75658;3.95;4.79;2.56;83.1;428.28;474.36
2025-08-02;15.0;nan;nan;nan;nan;nan;nan;nan;nan;nan;nan;nan;nan
2025-08-03;15.0;nan;nan;nan;nan;nan;nan;nan;nan;nan;nan;nan;nan
2025-08-04;15.0;0.055131;5.5113;nan;nan;nan;nan;nan;nan;nan;nan;nan;nan
2025-08-05;15.0;0.055131;5.5119;nan;nan;nan;nan;nan;nan;nan;nan;nan;nan
2025-08-06;15.0;0.055131;5.4802;nan;nan;nan;nan;nan;nan;nan;nan;nan;nan
2025-08-07;15.0;0.055131;5.4638;nan;nan;nan;nan;nan;nan;nan;nan;nan;nan
2025-08-08;15.0;0.055131;5.4254;nan;nan;nan;nan;nan;nan;nan;nan;nan;nan
2025-08-09;15.0;nan;nan;nan;nan;nan;nan;nan;nan;nan;nan;nan;nan
2025-08-10;15.0;nan;nan;nan;nan;nan;nan;nan;nan;nan;nan;nan;nan
2025-08-11;15.0;0.055131;5.4473;nan;nan;nan;nan;nan;nan;nan;nan;nan;nan
2025-08-12;15.0;0.055131;5.4052;nan;nan;nan;nan;nan;nan;nan;nan;nan;nan
2025-08-13;15.0;0.055131;5.3928;nan;nan;nan;nan;nan;nan;nan;nan;nan;nan
2025-08-14;15.0;0.055131;5.4095;nan;nan;nan;nan;nan;nan;nan;nan;nan;nan
2025-08-15;15.0;0.055131;5.3928;nan;nan;nan;nan;nan;nan;nan;nan;nan;nan
2025-08-16;15.0;nan;nan;nan;nan;nan;nan;nan;nan;nan;nan;nan;nan
2025-08-17;15.0;nan;nan;nan;nan;nan;nan;nan;nan;nan;nan;nan;nan
2025-08-18;15.0;0.055131;5.4155;nan;nan;nan;nan;nan;nan;nan;nan;nan;nan
2025-08-19;15.0;0.055131;5.4716;nan;nan;nan;nan;nan;nan;nan;nan;nan;nan
2025-08-20;15.0;0.055131;5.4726;nan;nan;nan;nan;nan;nan;nan;nan;nan;nan
2025-08-21;15.0;0.055131;5.4828;nan;nan;nan;nan;nan;nan;nan;nan;nan;nan
2025-08-22;15.0;0.055131;5.4392;nan;nan;nan;nan;nan;nan;nan;nan;nan;nan
2025-08-23;15.0;nan;nan;nan;nan;nan;nan;nan;nan;nan;nan;nan;nan
2025-08-24;15.0;nan;nan;nan;nan;nan;nan;nan;nan;nan;nan;nan;nan
2025-08-25;15.0;0.055131;5.4174;nan;nan;nan;nan;nan;nan;nan;nan;nan;nan
2025-08-26;15.0;0.055131;5.4218;nan;nan;nan;nan;nan;nan;nan;nan;nan;nan
2025-08-27;15.0;0.055131;5.4428;nan;nan;nan;nan;nan;nan;nan;nan;nan;nan
2025-08-28;15.0;0.055131;5.4115;nan;nan;nan;nan;nan;nan;nan;nan;nan;nan
2025-08-29;15.0;0.055131;5.4264;nan;nan;nan;nan;nan;nan;nan;nan;nan;nan
2025-08-30;15.0;nan;nan;nan;nan;nan;nan;nan;nan;nan;nan;nan;nan
2025-08-31;15.0;nan;nan;nan;nan;nan;nan;nan;nan;nan;nan;nan;nan
2025-09-01;15.0;0.055131;5.4378;0.48;0.42;0.17;108.62663;3.91;4.76;2.51;83.8;428.13;470.65
2025-09-02;15.0;0.055131;5.468;nan;nan;nan;nan;nan;nan;nan;nan;nan;nan
2025-09-03;15.0;0.055131;5.4485;nan;nan;nan;nan;nan;nan;nan;nan;nan;nan
2025-09-04;15.0;0.055131;5.4587;nan;nan;nan;nan;nan;nan;nan;nan;nan;nan
2025-09-05;15.0;0.055131;5.3968;nan;nan;nan;nan;nan;nan;nan;nan;nan;nan
2025-09-06;15.0;nan;nan;nan;nan;nan;nan;nan;nan;nan;nan;nan;nan
2025-09-07;15.0;nan;nan;nan;nan;nan;nan;nan;nan;nan;nan;nan;nan
2025-09-08;15.0;0.055131;5.4278;nan;nan;nan;nan;nan;nan;nan;nan;nan;nan
2025-09-09;15.0;0.055131;5.4278;nan;nan;nan;nan;nan;nan;nan;nan;nan;nan
2025-09-10;15.0;0.055131;5.4123;nan;nan;nan;nan;nan;nan;nan;nan;nan;nan
2025-09-11;15.0;0.055131;5.3858;nan;nan;nan;nan;nan;nan;nan;nan;nan;nan
2025-09-12;15.0;0.055131;5.3677;nan;nan;nan;nan;nan;nan;nan;nan;nan;nan
2025-09-13;15.0;nan;nan;nan;nan;nan;nan;nan;nan;nan;nan;nan;nan
2025-09-14;15.0;nan;nan;nan;nan;nan;nan;nan;nan;nan;nan;nan;nan
2025-09-15;15.0;0.055131;5.3208;nan;nan;nan;nan;nan;nan;nan;nan;nan;nan
2025-09-16;15.0;0.055131;5.3096;nan;nan;nan;nan;nan;nan;nan;nan;nan;nan
2025-09-17;15.0;0.055131;5.3011;nan;nan;nan;nan;nan;nan;nan;nan;nan;nan
2025-09-18;15.0;0.055131;5.301;nan;nan;nan;nan;nan;nan;nan;nan;nan;nan
2025-09-19;15.0;0.055131;5.3276;nan;nan;nan;nan;nan;nan;nan;nan;nan;nan
2025-09-20;15.0;nan;nan;nan;nan;nan;nan;nan;nan;nan;nan;nan;nan
2025-09-21;15.0;nan;nan;nan;nan;nan;nan;nan;nan;nan;nan;nan;nan
2025-09-22;15.0;0.055131;5.3457;nan;nan;nan;nan;nan;nan;nan;nan;nan;nan
2025-09-23;15.0;0.055131;5.3063;nan;nan;nan;nan;nan;nan;nan;nan;nan;nan
2025-09-24;15.0;0.055131;5.3112;nan;nan;nan;nan;nan;nan;nan;nan;nan;nan
2025-09-25;15.0;0.055131;5.3425;nan;nan;nan;nan;nan;nan;nan;nan;nan;nan
2025-09-26;15.0;0.055131;5.3445;nan;nan;nan;nan;nan;nan;nan;nan;nan;nan
2025-09-27;15.0;nan;nan;nan;nan;nan;nan;nan;nan;nan;nan;nan;nan
2025-09-28;15.0;nan;nan;nan;nan;nan;nan;nan;nan;nan;nan;nan;nan
2025-09-29;15.0;0.055131;5.3229;nan;nan;nan;nan;nan;nan;nan;nan;nan;nan
2025-09-30;15.0;0.055131;5.3186;nan;nan;nan;nan;nan;nan;nan;nan;nan;nan
2025-10-01;15.0;0.055131;5.3208;0.09;-0.36;0.3;108.51881;4.01;4.86;2.6;83.9;427.03;460.31
2025-10-02;15.0;0.055131;5.3449;nan;nan;nan;nan;nan;nan;nan;nan;nan;nan
2025-10-03;15.0;0.055131;5.3498;nan;nan;nan;nan;nan;nan;nan;nan;nan;nan
2025-10-04;15.0;nan;nan;nan;nan;nan;nan;nan;nan;nan;nan;nan;nan
2025-10-05;15.0;nan;nan;nan;nan;nan;nan;nan;nan;nan;nan;nan;nan
2025-10-06;15.0;0.055131;5.3226;nan;nan;nan;nan;nan;nan;nan;nan;nan;nan
2025-10-07;15.0;0.055131;5.3363;nan;nan;nan;nan;nan;nan;nan;nan;nan;nan
2025-10-08;15.0;0.055131;5.3427;nan;nan;nan;nan;nan;nan;nan;nan;nan;nan
2025-10-09;15.0;0.055131;5.3538;nan;nan;nan;nan;nan;nan;nan;nan;nan;nan
2025-10-10;15.0;0.055131;5.4446;nan;nan;nan;nan;nan;nan;nan;nan;nan;nan
2025-10-11;15.0;nan;nan;nan;nan;nan;nan;nan;nan;nan;nan;nan;nan
2025-10-12;15.0;nan;nan;nan;nan;nan;nan;nan;nan;nan;nan;nan;nan
2025-10-13;15.0;0.055131;5.4629;nan;nan;nan;nan;nan;nan;nan;nan;nan;nan
2025-10-14;15.0;0.055131;5.4982;nan;nan;nan;nan;nan;nan;nan;nan;nan;nan
2025-10-15;15.0;0.055131;5.4464;nan;nan;nan;nan;nan;nan;nan;nan;nan;nan
2025-10-16;15.0;0.055131;5.4354;nan;nan;nan;nan;nan;nan;nan;nan;nan;nan
2025-10-17;15.0;0.055131;5.439;nan;nan;nan;nan;nan;nan;nan;nan;nan;nan
2025-10-18;15.0;nan;nan;nan;nan;nan;nan;nan;nan;nan;nan;nan;nan
2025-10-19;15.0;nan;nan;nan;nan;nan;nan;nan;nan;nan;nan;nan;nan
2025-10-20;15.0;0.055131;5.3771;nan;nan;nan;nan;nan;nan;nan;nan;nan;nan
2025-10-21;15.0;0.055131;5.3848;nan;nan;nan;nan;nan;nan;nan;nan;nan;nan
2025-10-22;15.0;0.055131;5.3898;nan;nan;nan;nan;nan;nan;nan;nan;nan;nan
2025-10-23;15.0;0.055131;5.384;nan;nan;nan;nan;nan;nan;nan;nan;nan;nan
2025-10-24;15.0;0.055131;5.3797;nan;nan;nan;nan;nan;nan;nan;nan;nan;nan
2025-10-25;15.0;nan;nan;nan;nan;nan;nan;nan;nan;nan;nan;nan;nan
2025-10-26;15.0;nan;nan;nan;nan;nan;nan;nan;nan;nan;nan;nan;nan
2025-10-27;15.0;0.055131;5.3744;nan;nan;nan;nan;nan;nan;nan;nan;nan;nan
2025-10-28;15.0;0.055131;5.369;nan;nan;nan;nan;nan;nan;nan;nan;nan;nan
2025-10-29;15.0;0.055131;5.3416;nan;nan;nan;nan;nan;nan;nan;nan;nan;nan
2025-10-30;15.0;0.055131;5.385;nan;nan;nan;nan;nan;nan;nan;nan;nan;nan
2025-10-31;15.0;0.055131;5.3843;nan;nan;nan;nan;nan;nan;nan;nan;nan;nan
2025-11-01;15.0;nan;nan;0.18;0.27;0.27;109.25556;4.02;4.93;2.49;81.7;414.05;435.32
2025-11-02;15.0;nan;nan;nan;nan;nan;nan;nan;nan;nan;nan;nan;nan
2025-11-03;15.0;0.055131;5.3505;nan;nan;nan;nan;nan;nan;nan;nan;nan;nan
2025-11-04;15.0;0.055131;5.3846;nan;nan;nan;nan;nan;nan;nan;nan;nan;nan
2025-11-05;15.0;0.055131;5.3798;nan;nan;nan;nan;nan;nan;nan;nan;nan;nan
2025-11-06;15.0;0.055131;5.3451;nan;nan;nan;nan;nan;nan;nan;nan;nan;nan
2025-11-07;15.0;0.055131;5.3567;nan;nan;nan;nan;nan;nan;nan;nan;nan;nan
2025-11-08;15.0;nan;nan;nan;nan;nan;nan;nan;nan;nan;nan;nan;nan
2025-11-09;15.0;nan;nan;nan;nan;nan;nan;nan;nan;nan;nan;nan;nan
2025-11-10;15.0;0.055131;5.3181;nan;nan;nan;nan;nan;nan;nan;nan;nan;nan
2025-11-11;15.0;0.055131;5.2729;nan;nan;nan;nan;nan;nan;nan;nan;nan;nan
2025-11-12;15.0;0.055131;5.2885;nan;nan;nan;nan;nan;nan;nan;nan;nan;nan
2025-11-13;15.0;0.055131;5.282;nan;nan;nan;nan;nan;nan;nan;nan;nan;nan
2025-11-14;15.0;0.055131;5.2952;nan;nan;nan;nan;nan;nan;nan;nan;nan;nan
2025-11-15;15.0;nan;nan;nan;nan;nan;nan;nan;nan;nan;nan;nan;nan
2025-11-16;15.0;nan;nan;nan;nan;nan;nan;nan;nan;nan;nan;nan;nan
2025-11-17;15.0;0.055131;5.3108;nan;nan;nan;nan;nan;nan;nan;nan;nan;nan
2025-11-18;15.0;0.055131;5.3361;nan;nan;nan;nan;nan;nan;nan;nan;nan;nan
2025-11-19;15.0;0.055131;5.3346;nan;nan;nan;nan;nan;nan;nan;nan;nan;nan
2025-11-20;15.0;nan;nan;nan;nan;nan;nan;nan;nan;nan;nan;nan;nan
2025-11-21;15.0;0.055131;5.3902;nan;nan;nan;nan;nan;nan;nan;nan;nan;nan
2025-11-22;15.0;nan;nan;nan;nan;nan;nan;nan;nan;nan;nan;nan;nan
2025-11-23;15.0;nan;nan;nan;nan;nan;nan;nan;nan;nan;nan;nan;nan
2025-11-24;15.0;0.055131;5.3948;nan;nan;nan;nan;nan;nan;nan;nan;nan;nan
2025-11-25;15.0;0.055131;5.3841;nan;nan;nan;nan;nan;nan;nan;nan;nan;nan
2025-11-26;15.0;0.055131;5.3694;nan;nan;nan;nan;nan;nan;nan;nan;nan;nan
2025-11-27;15.0;0.055131;5.349;nan;nan;nan;nan;nan;nan;nan;nan;nan;nan
2025-11-28;15.0;0.055131;5.3338;nan;nan;nan;nan;nan;nan;nan;nan;nan;nan
2025-11-29;15.0;nan;nan;nan;nan;nan;nan;nan;nan;nan;nan;nan;nan
2025-11-30;15.0;nan;nan;nan;nan;nan;nan;nan;nan;nan;nan;nan;nan
2025-12-01;15.0;0.055131;5.3469;0.33;-0.01;0.21;nan;4.08;5.05;2.49;80.5;431.84;450.68
2025-12-02;15.0;0.055131;5.3465;nan;nan;nan;nan;nan;nan;nan;nan;nan;nan
2025-12-03;15.0;0.055131;5.3114;nan;nan;nan;nan;nan;nan;nan;nan;nan;nan
2025-12-04;15.0;0.055131;5.2952;nan;nan;nan;nan;nan;nan;nan;nan;nan;nan
2025-12-05;15.0;0.055131;5.3405;nan;nan;nan;nan;nan;nan;nan;nan;nan;nan
2025-12-06;15.0;nan;nan;nan;nan;nan;nan;nan;nan;nan;nan;nan;nan
2025-12-07;15.0;nan;nan;nan;nan;nan;nan;nan;nan;nan;nan;nan;nan
2025-12-08;15.0;0.055131;5.4249;nan;nan;nan;nan;nan;nan;nan;nan;nan;nan
2025-12-09;15.0;0.055131;5.457;nan;nan;nan;nan;nan;nan;nan;nan;nan;nan
2025-12-10;15.0;0.055131;5.4656;nan;nan;nan;nan;nan;nan;nan;nan;nan;nan
2025-12-11;15.0;0.055131;5.4237;nan;nan;nan;nan;nan;nan;nan;nan;nan;nan
2025-12-12;15.0;0.055131;5.4011;nan;nan;nan;nan;nan;nan;nan;nan;nan;nan
2025-12-13;15.0;nan;nan;nan;nan;nan;nan;nan;nan;nan;nan;nan;nan
2025-12-14;15.0;nan;nan;nan;nan;nan;nan;nan;nan;nan;nan;nan;nan
2025-12-15;15.0;0.055131;5.3929;nan;nan;nan;nan;nan;nan;nan;nan;nan;nan
2025-12-16;15.0;0.055131;5.4505;nan;nan;nan;nan;nan;nan;nan;nan;nan;nan
2025-12-17;15.0;0.055131;5.5093;nan;nan;nan;nan;nan;nan;nan;nan;nan;nan
2025-12-18;15.0;0.055131;5.5283;nan;nan;nan;nan;nan;nan;nan;nan;nan;nan
2025-12-19;15.0;0.055131;5.516;nan;nan;nan;nan;nan;nan;nan;nan;nan;nan
2025-12-20;15.0;nan;nan;nan;nan;nan;nan;nan;nan;nan;nan;nan;nan
2025-12-21;15.0;nan;nan;nan;nan;nan;nan;nan;nan;nan;nan;nan;nan
2025-12-22;15.0;0.055131;5.5389;nan;nan;nan;nan;nan;nan;nan;nan;nan;nan
2025-12-23;15.0;0.055131;5.5643;nan;nan;nan;nan;nan;nan;nan;nan;nan;nan
2025-12-24;15.0;0.055131;5.535;nan;nan;nan;nan;nan;nan;nan;nan;nan;nan
2025-12-25;15.0;nan;nan;nan;nan;nan;nan;nan;nan;nan;nan;nan;nan
2025-12-26;15.0;0.055131;5.5413;nan;nan;nan;nan;nan;nan;nan;nan;nan;nan
2025-12-27;15.0;nan;nan;nan;nan;nan;nan;nan;nan;nan;nan;nan;nan
2025-12-28;15.0;nan;nan;nan;nan;nan;nan;nan;nan;nan;nan;nan;nan
2025-12-29;15.0;0.055131;5.5739;nan;nan;nan;nan;nan;nan;nan;nan;nan;nan
2025-12-30;15.0;0.055131;5.5024;nan;nan;nan;nan;nan;nan;nan;nan;nan;nan
2025-12-31;15.0;0.055131;5.5024;nan;nan;nan;nan;nan;nan;nan;nan;nan;nan
2026-01-31;15;0.055131;5.2301;0.33;0.41;0.21;109.25556;4.08;5.05;2.49;80.5;431.84;450.68
2026-02-13;15;0.055131;5.2288;0.33;0.41;0.72;109.25556;4.08;5.05;2.49;79.1;440.25;447.12
2026-02-22;15;0.055131;5.2006;0.33;0.41;0.72;109.05574;4.08;5.05;2.49;79.1;440.25;447.12
