id_cnpj,prob_default,score_credito,risco_credito,total_boletos,n_default,pct_default,defaultou
0005f9a401a3e628bfb8a8264a89e8018087737f38c448b128af27a2959365f2,0.2428278336483119,75.71721663516881,MEDIO,1,0,0.0,0
000b6b5897c37b89cc5aba2150791a68fd39ec48ca21f50f1ebe64857e08ab3c,0.0746309102573857,92.53690897426144,BAIXO,1,0,0.0,0
001535d58bce027835cab82ba9cdee5b8f4ecf6a2a1623414eed7e26c601dc83,0.01734952143916636,98.26504785608337,BAIXO,1,0,0.0,0
001b70791e528af6d8fc2bb1118567829782222e93524e7a159ab9ebb2c65b96,0.06198216279041262,93.80178372095874,BAIXO,1,0,0.0,0
00303ef0342cf76115d05d3997a85f341b627b8f01fbd2eee3fb608b0d526bf9,0.08520784604094724,91.47921539590527,BAIXO,3,0,0.0,0
003df5a54c2be4b5ba1a0fe1fa22dfa791d9ce8893061783b3df0822d52ac759,0.13580038062030725,86.41996193796928,BAIXO,1,0,0.0,0
0051060314660b01091a791b842f342fbf0e3db94268ce622ef0d9612de65aa0,0.018960674850246675,98.10393251497533,BAIXO,1,0,0.0,0
0058b0a75be2b245cc836be26c5c1e29d66a09e499f4fe95e33b1a7167727310,0.12170229294081018,87.82977070591899,BAIXO,1,0,0.0,0
006f986ab24b52fb10bfbebdb511ad20e28c042bc4c0321d1a2ff4cfe6cffb72,0.0662161876226674,93.37838123773325,BAIXO,2,0,0.0,0
0074bf39b9ce8514fe4b5f1ee4e8415d975219377250713826b339866b979708,0.15983277263249832,84.01672273675017,MEDIO,1,0,0.0,0
009e7f9dcb9c3cf5a3cdc39a1a851c825de02e5851d507d9e42490333ed47a69,0.042601759081287376,95.73982409187126,BAIXO,2,0,0.0,0
00a7466ae0f0b6197ed64c3355af45062aa75ba4f7b1363a575181a64809c536,0.2781497658189256,72.18502341810745,MEDIO,1,0,0.0,0
00b68b9e70d6cd1174c45535314b86bd6627ba8419d25c1975e528955f51494e,0.10650470048473396,89.3495299515266,BAIXO,1,0,0.0,0
00c6058892d530a9b7b03c624528eafad999f4400ef69ec4d04a316b8a4eb54c,0.08973267348388352,91.02673265161165,BAIXO,1,0,0.0,0
00d088a48364e7781618e0ca042c6340c8168ed6cdf81d80a76d483c126cff6d,0.021479876078262693,97.85201239217372,BAIXO,3,0,0.0,0
00d6c5d14f66f7663cfb52ad4f7a237305afdef39922fe04d3c0363524878739,0.0869230630074275,91.30769369925726,BAIXO,1,0,0.0,0
01050c03933f0d1c653e3528094b4c4935094de9825dfe6d23aeb918c4edd538,0.20275800973877328,79.72419902612266,MEDIO,1,0,0.0,0
010ab2c35c6612c5b7fccbda92ce2559d3c8ce47f2d8af84e401d8e2fb5f73f1,0.17985846054221336,82.01415394577867,MEDIO,2,0,0.0,0
0131e0d468954d0ce8393df5634e73f670341fe8dd83cece22367a2cbfcd49e0,0.014578748009892962,98.5421251990107,BAIXO,1,0,0.0,0
0134e82cfdd7397ee6446e87218972a451c2f75240d535d8c5093341382a7244,0.047507022118205296,95.24929778817946,BAIXO,1,0,0.0,0
014cab8094fe9a9fcde06953483bf50e91339cbbf201cafbe001ae368b41150b,0.016088381865446127,98.39116181345538,BAIXO,1,0,0.0,0
0155678ae57d6b33d68a88eafdb47a7beace01d9f66222dcbca5e54eaf7bf1f6,0.21101307174372758,78.89869282562725,MEDIO,1,0,0.0,0
015be28a2c4155e8505ed25c32b0fddc61f3e130754a71d4b997313f615838f3,0.0043029801210089326,99.56970198789911,BAIXO,1,0,0.0,0
015cd7473cc4eb08b4f6c32b5683fe475861626e855e00270ddfb239e96d93de,0.10649662361717573,89.35033763828243,BAIXO,1,0,0.0,0
016bc7520c2e8543ece5710ac647cf221ec099491b078eec5699473b9143921d,0.09220933348854156,90.77906665114584,BAIXO,1,0,0.0,0
018001ff9503f4bdde07941cb37f6fa193eabd02186b52c5d6a964df32589179,0.2311138899544127,76.88861100455873,MEDIO,1,0,0.0,0
0185e7d737e5d895caf9d0e27a0ce37c61bb65077b67d65eb0074648d4b7cf12,0.03940946705481798,96.05905329451821,BAIXO,1,0,0.0,0
01a2b0bfbd69c5381967d007c3b9742b152fae4375a599a2a133f2adfcd6a177,0.037612976819052305,96.23870231809477,BAIXO,1,0,0.0,0
01ae8ec89f423c810a0c33c8ad9cd3d099407aa905f4ac0eb90f8b8606b30274,0.1610775284499639,83.8922471550036,MEDIO,1,0,0.0,0
01c7e60771002b8c157ab3ee2f2fb851348b3e208e393b74606173d9c2942e0d,0.053851796941630274,94.61482030583697,BAIXO,1,0,0.0,0
020fba5bffaea666d89c2fa2d7821d262e99a456f08cce04ce019a565ac6a509,0.03218013440592464,96.78198655940754,BAIXO,1,0,0.0,0
021fe69dbf502a6fa4371d85f952149b09fcee720d67d19d74bef4cdefe9449a,0.008473075060572727,99.15269249394272,BAIXO,5,0,0.0,0
0225c5d1c27e9cba51f2aeb4cd522631ff9d02ab05343987d73ea5cd11fd01a9,0.020303084710521245,97.96969152894788,BAIXO,1,0,0.0,0
023677ea1e345761d7cc60eb10d59d0738834efb3f514019f5332365624c3d9a,0.04392892532908706,95.6071074670913,BAIXO,1,0,0.0,0
0251a7ab34d05aa321aa54bfdec9b6aec83a19dd6ef12c59b792c37424d83d72,0.030652077067872572,96.93479229321275,BAIXO,1,0,0.0,0
0259469ae07feaf9eb942bc96a270f25171b211c6e9ed53c6d21e234fddc8b0a,0.11153290893850314,88.84670910614969,BAIXO,1,0,0.0,0
025a48d9c8d4a2c968f87676d479ed8647ac6499c7cb21a936a4328a4dc8a975,0.10756914305380592,89.24308569461941,BAIXO,1,0,0.0,0
0276d9746ca146d6af6cd397ba7438f877736dddb185eea343f5c5a5ad4d16c8,0.08039225254670974,91.96077474532902,BAIXO,2,0,0.0,0
027f0fd7392eab23737949f0f45d4d94044501b414c8836793a53a516ccc523d,0.08825279125921198,91.1747208740788,BAIXO,1,0,0.0,0
029903066635cb573f2b50522962c01e8dc8f7c46625ac9c232d7fb9770017e7,0.8943820875039938,10.561791249600617,ALTO,4,2,0.5,1
02a85b7e377d3b49db10b22afa0576acdbbee83834c7e444581e062c65ebc435,0.2213776241054342,77.86223758945658,MEDIO,1,0,0.0,0
02b2efbd7272551f192f5661301b221ceb764a45c31bba9c1d5e67212d96e1d9,0.017896534088389374,98.21034659116106,BAIXO,2,0,0.0,0
02bbd2fee9b8b0a577a5ca23d99e2141aa175df0eeb73d6cdd5b6c1f72cf0a4a,0.16325836363343302,83.6741636366567,MEDIO,1,0,0.0,0
02bc5d1eb23d7fd25f72d65a334b145ba19909270ba44fb6d12e13e971137a45,0.004765714296392155,99.52342857036078,BAIXO,1,0,0.0,0
02bc9f4352d3bbe3dcba7fabd1b347ddbcc5d8a7f01c77319c0b5ead30469499,0.04199444884606956,95.80055511539305,BAIXO,2,0,0.0,0
02c0b9128f8c0d0c480c328b92efa7585f0fe997cb0bfcc24874a9c2925fccde,0.022032430125116683,97.79675698748834,BAIXO,1,0,0.0,0
02c357a53273f65c88bccb76fe4b754923445f0fc0bcffec55bc1611f26257eb,0.0764754972331773,92.35245027668228,BAIXO,1,0,0.0,0
02f27cefdd07cb806495d09bfc8c633349426a43795164ce376d0659e16ca545,0.00841678824979622,99.15832117502038,BAIXO,1,0,0.0,0
02faf700b2f9d26a9a0f8fcd1fc2f321333f48ccbc077b8e17f093bb9b88de4f,0.1689553471980368,83.10446528019632,MEDIO,1,0,0.0,0
03032d5545d03d6a80c2c0c7a246cd21ee99220c88185ede3e61147637522414,0.1501922896484358,84.98077103515642,MEDIO,1,0,0.0,0
032de167a32b1c0fad8ef0d8075d89c942c772a82a888bab322d0493e5dffb13,0.14254318575272729,85.74568142472727,BAIXO,1,0,0.0,0
0342a204c8f2ac38fa1b0d1fe11cb8ee3845a42c3604fd46a85dc2f188f39a1a,0.028593876927085926,97.1406123072914,BAIXO,2,0,0.0,0
0351113dbf32d54c59d2e796d34294af15952ad722cced17e73b837e2708291b,0.010376300844246561,98.96236991557534,BAIXO,1,0,0.0,0
035448685b88a3f018019e43fdf8ecaeabc24b8157f81c4b6597ba10e98d76e0,0.03735527081160438,96.26447291883956,BAIXO,2,0,0.0,0
0375b747ff1a0376fa206f8c786d20368edec76826fe47e9374176d84edb4870,0.024419279749881583,97.55807202501184,BAIXO,1,0,0.0,0
0397be76b44c0cd77d6801abc4a723fca950512982bd9589eae82b1ea00b7269,0.07530262367603321,92.46973763239667,BAIXO,1,0,0.0,0
039b2e75b6eeef7cc32e5d7a5b4b3215dda9788c0fcf31e1c8395925aa081b4d,0.04208017334468143,95.79198266553186,BAIXO,1,0,0.0,0
03a23c6d0c731f423c89d33ecd90fefcd106e3614ca8326838d5ba9128342601,0.7585538470745891,24.144615292541094,ALTO,1,1,1.0,1
03a96499773502afde5d8196f52121136be8832f060b9ebaea7615209d644b0a,0.06532805935226167,93.46719406477384,BAIXO,1,0,0.0,0
03c7017fd6e94583fbc67fe7d77ec35b84824a3b14559a46a27d2654b47ed28b,0.11252283451971704,88.7477165480283,BAIXO,1,0,0.0,0
03cc399315efb0e3d30fb28422ecfbd83315025747ca0fb096368bb230af4a7e,0.05607990409481716,94.39200959051828,BAIXO,1,0,0.0,0
03dd42fa86c38bf08534b47e1580be91b35dad7fbccd330ccf8403c294c77c9a,0.011303469729774186,98.86965302702258,BAIXO,1,0,0.0,0
03de6595066767567620bb6f2181abd6473201580d4c922978d558ab3d14afa4,0.3711670740662479,62.88329259337522,MEDIO,1,0,0.0,0
04035511eb7373bdca98b42e8bd5ae09bc958910f2ec407aadbeaa2b46a19d29,0.032454159502802546,96.75458404971975,BAIXO,2,0,0.0,0
040442ac14fbb8a32b7b47da75bed955817f53134008cefcf628fd82ea5c44e7,0.024040343469882902,97.5959656530117,BAIXO,1,0,0.0,0
0427016f184de570f9d6f115776b50ab961b1b547c352330c2efbf30df95f96c,0.03514335720236535,96.48566427976345,BAIXO,1,0,0.0,0
0435cbc051f69223afa9fc4b66d46ff9c82b14e11bee604f69d7c7999b65a1dd,0.1500440255464768,84.99559744535232,MEDIO,1,0,0.0,0
04377762b04d436e2c3e904b584b2da18806768e992c235ac53026be401aba09,0.018360178194225883,98.16398218057742,BAIXO,1,0,0.0,0
043b826aad24628fde2e145a11ae9bee12155e75b8d3b58ddbc0c3343a2a150d,0.03701144282156183,96.29885571784381,BAIXO,1,0,0.0,0
043ff829a5866403be9983860405d4a63ce140b6dfb2320fa56174158395596f,0.03735883138295792,96.26411686170421,BAIXO,2,0,0.0,0
044ce53215bd94b7619418e63379d0fc1dc18a9ddc74340e902a165413f0dc72,0.09293094664703615,90.70690533529638,BAIXO,1,0,0.0,0
046306c24eb7deb9de4130f21cb9254e05bb5636bbd1b39d9c49f60c8598aac1,0.011429798181065447,98.85702018189345,BAIXO,1,0,0.0,0
046dc19657e5ef9b348518f2eba12b7b3f4fc8179d5eb5c38ecd68e6dfb185d2,0.09562646524439442,90.43735347556056,BAIXO,1,0,0.0,0
04a1a6d846aeaee038910b10ae377608ff0847f452d8748e12ca2248e9708422,0.043523840588913024,95.6476159411087,BAIXO,1,0,0.0,0
04a7902b1bd94f26b2d49eca270b3ef118260724784b259e021ec4503f9bcf33,0.011902363435588866,98.80976365644112,BAIXO,3,0,0.0,0
04e884bda37cbb3f403800efef436300540b8aa66492e820dee6ec378dc2556c,0.10085483292799925,89.91451670720008,BAIXO,1,0,0.0,0
04e94b017a621851c7f16521d3ac5b1086594ac88b235c8b026929afee471707,0.05704207057869341,94.29579294213066,BAIXO,1,0,0.0,0
04ec5c2d804534138ef3ae62a152cff69995bee5c5ff996fb3239090b2f837e5,0.018526157050628152,98.14738429493718,BAIXO,3,0,0.0,0
04f814dc80e433898a79fbd2106d1c8e4a678f4167fa210dfbb5f96674b7137a,0.022782295551385418,97.72177044486145,BAIXO,1,0,0.0,0
0502c4ed8e29114cecfe7f6fc432255c689043e01096f7cec191314e65dd69ce,0.31139901961929256,68.86009803807073,MEDIO,4,0,0.0,0
053a44e6338c2ac07bd7aeee4d0b810d1f1cd63f10203247435591efbc9c43fb,0.10203953934962252,89.79604606503774,BAIXO,1,0,0.0,0
054e051830e363c00cc1b88e6e9d7651ad75e0dba49e3753b03d72e98f5d2f43,0.06303435100091373,93.69656489990862,BAIXO,8,0,0.0,0
054ffabbbac7fd9c2766f154264fa0a235c999041d36d77637df9839f0f53c8a,0.03256433308339448,96.74356669166056,BAIXO,3,0,0.0,0
0553f6d3d4b39088a3634ca734413f938e3ab974901067d0e8dcd1190c7aa89c,0.15724066003925175,84.27593399607483,MEDIO,2,0,0.0,0
055871b50374b32601d8e6dcc3d82dd71873bb1c65ae440b3e86183c2988b5c4,0.0060183643165825675,99.39816356834174,BAIXO,1,0,0.0,0
056b23b847f8f9cd8dadf04f827df2cabe9bb1d2385410b13b5635e157df8e1f,0.17852045754151247,82.14795424584875,MEDIO,1,0,0.0,0
0575aa4e4b50c894cd021d7cbf0774fa9ea670a1246c73c23a6d537f68e22595,0.09288258007091861,90.71174199290813,BAIXO,4,0,0.0,0
058ebde151919f17434a9f2d1c6f204cd05dd01c42edebf1f16ed6494d2c9274,0.2550803070045955,74.49196929954044,MEDIO,1,0,0.0,0
059313ee8c4ea9971df4333d8ff4c31279ebda1eec1dc3832f8a1bad8817c1b2,0.03737424058465271,96.26257594153473,BAIXO,6,0,0.0,0
059731019d67de9e150b3ce72050261d72841409190bc453afcfeef96fabb791,0.07806513750050287,92.19348624994971,BAIXO,3,0,0.0,0
05a8d3240ebc93422268809cff1f097b23a544a283106a845baae550e8586a4e,0.0971365635884645,90.28634364115355,BAIXO,2,0,0.0,0
05b8460a04107e073e6709b746eb03db0685615148cd9dcb765b6aa44401335a,0.0979620781558187,90.20379218441813,BAIXO,1,0,0.0,0
05dba64dfa88a6761d1c3c4551f5837b2eca86be0f9d38748481788b1b850285,0.11628002844717794,88.37199715528222,BAIXO,1,0,0.0,0
060098be29951489cd374d0e1f3b9fe96b47e2efe42ae188d505cdbc304e9c7e,0.08409610878690925,91.59038912130907,BAIXO,1,0,0.0,0
060ad8d429acf5afc7c397a16f70c9b2e9c68f8f6e85001255d327b784a47a59,0.8934795197960007,10.65204802039993,ALTO,1,1,1.0,1
0620a9b097c81f1f7414769ab6ad7533f66f4f2db5d2e0d14978d4d7a58fb2a4,0.01606994576939382,98.39300542306061,BAIXO,1,0,0.0,0
062aa39b04aa666244d5ff83ad0ff0dff9cad80ba0b217a5e8650aa670c99d72,0.015477637154632698,98.45223628453674,BAIXO,1,0,0.0,0
063de60114bf9a4c21e585b2422d895e4cebb0911a97a4ae4929cfc6d533db7d,0.14311616749443742,85.68838325055626,BAIXO,1,0,0.0,0
06494fadb889416aba60253f27333b27c4fb1db85e7e2975785f527b2cb7058b,0.032900256810150325,96.70997431898498,BAIXO,1,0,0.0,0
0653ea898079dee7487a0137b658691354cd69b7c01b85c7c8eacbda649427d1,0.10653377952012269,89.34662204798774,BAIXO,5,0,0.0,0
0694eb7869a0358d5bbcd69039baefc7aa083c32369106356d43a31c82f02d60,0.043837663804499424,95.61623361955006,BAIXO,2,0,0.0,0
06a8b7e26fb7140e3937a840566895c03236f3c0b9264881f7922ed998246088,0.09961797159820975,90.03820284017903,BAIXO,1,0,0.0,0
06a9ff1fb415d1f94d3cc2be28efccbe8e80c22b85d9007d57d8d1dab62b4ff0,0.041454667842237766,95.85453321577623,BAIXO,1,0,0.0,0
06b6e1b4af9fe1f6d970880ebc8be52e840a9ba93fe5333b18622c1c4c306280,0.04891457535233006,95.108542464767,BAIXO,1,0,0.0,0
06baeff25e03c94b14559d2d3dee794edf3777a8a3b6b3702fcf131c9f0bf66d,0.039721629741743196,96.02783702582568,BAIXO,1,0,0.0,0
06f52a15ee2e17dd6a5637e5fefb155c3fd74c7ce9150e3aaae14867cc67acc0,0.09984602814919057,90.01539718508094,BAIXO,1,0,0.0,0
06f73a04094dd855120b81078f9171f10e4ccc70b1ad0e4923263f37ab13f9ca,0.0318405897174226,96.81594102825774,BAIXO,1,0,0.0,0
0703f0625cbfd61214c8e56a25186399b0424256ea06f75b946f44a3bced17ac,0.08149055835515104,91.8509441644849,BAIXO,2,0,0.0,0
0708050e8556436f5b38b1a738a3e1aee7071904f26f420e3a1d3eedf5e471f9,0.051921374772587243,94.80786252274127,BAIXO,1,0,0.0,0
07080af9b6e6508cf04463b57656a8a7f51255c0bc4364c2f08c6796bb407a1b,0.009770065023288348,99.02299349767117,BAIXO,1,0,0.0,0
070b484508b9fed3dbfa15bfe71390ae4504041f7fe74ee6642ddb49c19aa2e5,0.038208231097361496,96.17917689026385,BAIXO,2,0,0.0,0
070ef62d1e768aabc7df9250889bd6fb9701f55d7cfb742db06ea30cfc930d5f,0.09874696052124023,90.12530394787598,BAIXO,1,0,0.0,0
072cf549e054e27d23e63f9da255621ae3667b2bebabd0e4fcbdac585bff1c6a,0.09973551352781536,90.02644864721846,BAIXO,2,0,0.0,0
073c6deb270da69305d562e31f737bee7feabef501a06351da641e5f21d79936,0.032070822450319246,96.79291775496807,BAIXO,1,0,0.0,0
07817ef8c208df4327a9a44b30ee5fb3cd7e65d3da827358d835af833cdd0871,0.08015745764240775,91.98425423575922,BAIXO,1,0,0.0,0
0788ebb591b4ddb3f358817df7563de94e68c61e39f127e145e81ade180f9349,0.023009298014213832,97.69907019857862,BAIXO,2,0,0.0,0
078d1f1cf960127211ef2c37beff3db24240a7d98e20b40d513a674c3eb9eeb1,0.08563869885150868,91.43613011484913,BAIXO,1,0,0.0,0
07a00a5766e74e92a938bc00cf9caa1e7a033b1257ee8e040dbe24e36e7e6037,0.06949571583197721,93.05042841680228,BAIXO,3,0,0.0,0
07acf1624f69cdaa5e9cfffd0a1c84c3c765041a6ae5683639e385cd4b81619e,0.21614059845014458,78.38594015498555,MEDIO,1,0,0.0,0
07ce407353bf52b75bd21f6d22775b4753a0d50b920b2f7aeef929bd191719b8,0.07270202520681623,92.72979747931838,BAIXO,4,0,0.0,0
07e045676e4b7a1817f32f0c8f9a200816f540239f207c61bbc61ed5cb814ce1,0.046456696988114915,95.35433030118851,BAIXO,1,0,0.0,0
07e1f0aba34bb45133a6a333ee1db987980325014ed028872b6d6e509b8fcbc0,0.0330080498229295,96.69919501770705,BAIXO,1,0,0.0,0
07fcffbad5d39aedfca52d41c8fb0827c3982758e3279568e53f51ae2d06a437,0.17105857965019863,82.89414203498013,MEDIO,1,0,0.0,0
0821083e83c907cfa98d3e4b4b60c9fe269539c76dbde23c017c50cbf5e33a47,0.007909575061494844,99.20904249385052,BAIXO,1,0,0.0,0
082c88c3a88331c1948e7fed6b5f70a0c2d2d870a8d431275c86fb0f8612e340,0.05642691136298255,94.35730886370175,BAIXO,1,0,0.0,0
08341fd7f549642bcca12633aa8f4623127b7c56bca6305d00df7f1e24492b05,0.05690367669908966,94.30963233009103,BAIXO,1,0,0.0,0
085867a9ed6ebb68b66703c6a63bd444f1704d3754f66253d97cc948d782b48c,0.13529812754942735,86.47018724505726,BAIXO,1,0,0.0,0
08855cedc1fbc6a1dcdbf6dab2d833e9cecd9d48e46371a7586e5a6107d12fd1,0.0592039615160447,94.07960384839554,BAIXO,1,0,0.0,0
08912849ae8e9ca0e91583a2bffc871890f2b94be36599e8f36edca156fac40e,0.04329991667558533,95.67000833244147,BAIXO,2,0,0.0,0
0894265d72c46f5fa3e601a7668c13321660eeac6e25bbd5834c2e31e5b346ca,0.007305554772495718,99.26944452275043,BAIXO,1,0,0.0,0
08a13f7596fafcc89e3cabb5a344eca24ff0af9688ff852c91b7e01b2179cea3,0.09907841509724401,90.0921584902756,BAIXO,1,0,0.0,0
08abf08ad5659dc537ad69fe91b4203882322d90a26e704be0addb3e6013a95e,0.8015786818551072,19.842131814489285,ALTO,1,1,1.0,1
08b8f70f5080ad0b29f9da7645762851a8ec05546d800ec1b3ea1ecd0cc44f62,0.011503049834350196,98.84969501656498,BAIXO,2,0,0.0,0
08dc7e09b03c38fdd9159366cd925a5f6392ea185c1cb0c0b402ca2e32a4ffa5,0.1099930711960518,89.00069288039482,BAIXO,2,0,0.0,0
08ed9ac5efffbfe546f6182605f3e73f1e868edb6a89751a51338cff7f2acc2f,0.005332378038585868,99.46676219614142,BAIXO,2,0,0.0,0
08edee4da5bacacaff5cb5aea0b3848cd88433a66858ae695a3d18fc67c2be36,0.11478830196615926,88.52116980338407,BAIXO,1,0,0.0,0
092afd04034f4c14909992fb2c9261c4346f61c618d70c770bbbbf19805044e6,0.07845345699232673,92.15465430076732,BAIXO,1,0,0.0,0
093921e4f9026bdb1bcd5d58969477cc6c0c672967716441f0e42b3ad4a2cda6,0.015573967046158875,98.44260329538412,BAIXO,1,0,0.0,0
095bc15d27b304bc051bc19cd4d24cd05bc9566cf6158d0ddbc85dd0bda85256,0.04623057492514034,95.37694250748596,BAIXO,1,0,0.0,0
0963b1110c5af6dea1f196e362250e5f5c35f3a72c9f2e551006883beb4afbd2,0.05078333721311719,94.92166627868828,BAIXO,3,0,0.0,0
0968abcd83fa8c0698e7f2aa5c5817bea86fddbd201f2b99bccb0431b243daaf,0.08929071555487489,91.07092844451252,BAIXO,2,0,0.0,0
0970ade0e77b9d5b125c071364da2003aec234dd3dbfbed186e25a74ecacc3d6,0.4271131135762627,57.28868864237373,ALTO,1,0,0.0,0
09740281d16ef10b61624ed0f4508c66b126fd2400798d41f387881b6297b963,0.14333025252758236,85.66697474724177,BAIXO,1,0,0.0,0
09891655708a2592104341a3e4709c4670045ea3cf387e8f0fdf6a306a1fdc8e,0.9571221101549446,4.287788984505536,ALTO,1,1,1.0,1
098dfc7cf056fe5400a30f51157e50f9e4b3ea60270e30fa5731de71a33177e8,0.011538995650345567,98.84610043496545,BAIXO,1,0,0.0,0
099ccd0da9178860878373d66ad7ed266d1f2a159691d2150b676555ec948b0e,0.1858326444241851,81.41673555758149,MEDIO,2,0,0.0,0
09c9f0a6464d2be44208b3c5dc364b115be8571be4b45e0466170d90dc17b49f,0.0911431106264505,90.88568893735494,BAIXO,1,0,0.0,0
09d5a87fc48c7cf50a02d9c16480824d2a05c8393a9429ca5d9a5b58f148fc9b,0.027655802279290823,97.23441977207091,BAIXO,1,0,0.0,0
09eed2c9883f9d7bc305b842cc08ab2f09ffc77bbabb247fb14d6299ffee1912,0.15172088896767247,84.82791110323275,MEDIO,1,0,0.0,0
09fb208d476a15b223e90781ac95b71fb95c8bc809b8011f01c15f7a6558d03e,0.013348362440974345,98.66516375590257,BAIXO,1,0,0.0,0
0a2e2592f5b3e483c808c8853dee750719c9f5cd82cde2b19907f3009c0b5ee2,0.05101688139650228,94.89831186034976,BAIXO,1,0,0.0,0
0a513acfe6831f7a3e2dd22c24506c48e954dc43397d4b79e3d80ed67bb16df5,0.12764096799916214,87.23590320008378,BAIXO,1,0,0.0,0
0a52bb4ade9769e4bfe625ba50c3d49d823c9e784af7b1e6ff52f4d2141b75ab,0.9592628833516611,4.0737116648338905,ALTO,1,1,1.0,1
0a7a3bcb2f91ff36b499bc852cf154ef0838173d529295a650f426ccaf996041,0.35189440152758655,64.81055984724135,MEDIO,1,1,1.0,1
0a80b24101a3a795c89d038f0d4c29c7663084397eefeec3db75a8317e4afbe2,0.005373038848001158,99.46269611519989,BAIXO,1,0,0.0,0
0a88f0fd719010b4800d12d8c774a263955871f60abddbbbfd5d9c1de8a1c0fb,0.03360041393301099,96.63995860669891,BAIXO,1,0,0.0,0
0a89063e4a1ea89d9f2e54c8bb892b63cd9e8ed1d96458b7bf91f728aea00492,0.7153558984998399,28.464410150016008,ALTO,5,1,0.2,1
0a8d1c2604b471b77545936cba778afeee8f26d5d2dae99b749c217a91a182f2,0.026446014614121546,97.35539853858785,BAIXO,1,0,0.0,0
0aa3a6320660d9f6d755df59dac8152f14fef466dfe811e798588c11610ba7ac,0.22603143225760253,77.39685677423975,MEDIO,1,0,0.0,0
0aab4777117209ce84184e205a3311897518cd1095ebe50f2bce2790b63185ca,0.09627853604422246,90.37214639557776,BAIXO,1,0,0.0,0
0aaee33205e1870e970583ca8149e2fe550472b64174506b3be4a343f0a3066b,0.01849195763724928,98.15080423627506,BAIXO,1,0,0.0,0
0ab1691180326bda86b99e6148f20c44fd2111221753284e76136a500b64b4d9,0.10114985972622519,89.88501402737748,BAIXO,1,0,0.0,0
0adf615e9a09fb5a00ddef47f2465dede27c36408c3530f8bdcb9699c3846da4,0.9620796002853538,3.7920399714646225,ALTO,1,1,1.0,1
0b057b9bde17c211b0e24e24929716327c205118ff5a6b097f7a9e9af7f7627b,0.004775137513939544,99.52248624860604,BAIXO,1,0,0.0,0
0b062d2482f706210306e717746bb8b3aeb5af5e82ce95ffbbb65a75d61c924b,0.12211966140933936,87.78803385906606,BAIXO,1,0,0.0,0
0b89b9385625b398f7c2623e41b06ea4ca584ea98d9f3573807e9496be522156,0.006211152598796662,99.37888474012033,BAIXO,1,0,0.0,0
0bb97ec0521e08a35983fe9d55e415f2e43f668450c35493696df8ade19d556a,0.007220471475506399,99.27795285244936,BAIXO,1,0,0.0,0
0c0963a3a91114d4fe5b5126438afec40504c7ede2c68c66920e3557d7abd0df,0.06134559225503318,93.86544077449668,BAIXO,1,0,0.0,0
0c0be5bd552989d7db1704aa0822714ea45660dd0b0b49d3a3d3f400a748226f,0.03631442112207686,96.36855788779232,BAIXO,1,0,0.0,0
0c1f08e91554bebcefc838621cb090bb204cc535d1aea98cb59f8e15ec10dfda,0.30962757758103,69.037242241897,MEDIO,4,0,0.0,0
0c2b783b4ccde2646c4414c11d604a5c2721b447e2401d29c5e4634792516a92,0.011352860687341659,98.86471393126584,BAIXO,1,0,0.0,0
0c2f4c8d22d572cf22e332ba94a42fdd1bd2b8604599d147fc92af3695cdbc9d,0.04322310122341701,95.6776898776583,BAIXO,1,0,0.0,0
0c2fa606f8eba50f960b42ecda8bc834c23fd2d5a4e31da5f603848762dcc220,0.16991422959813474,83.00857704018652,MEDIO,1,0,0.0,0
0c3500c30be99650582f3dfb5395cbbddc9b29b17c56b0f16ba7ed8656aafb2e,0.23167934253577344,76.83206574642266,MEDIO,1,0,0.0,0
0c4125d1cd344c778f7d8939fcee70f47461450b318e537694dd57d3ea706b9e,0.006218209842931901,99.37817901570682,BAIXO,1,0,0.0,0
0c46a094773e9d580c9d774dcfba5df93247b943bf4d72128e51532043bcea8d,0.011736938007488299,98.82630619925116,BAIXO,1,0,0.0,0
0c67dfdd465965b86a93b08f5871d216570ff3115e8fd7d633c1cd61472eeb8c,0.32227779762100217,67.77222023789979,MEDIO,1,0,0.0,0
0c7265d4993a95fcb25de61681fc2756621f8ebe16ca83b4a05301af02371b76,0.05777455519590543,94.22254448040945,BAIXO,2,0,0.0,0
0c85bfab5e4c366ec9fae8a6551f6a4441b1e6292875ca8a308e14177da93344,0.23543867986744943,76.45613201325506,MEDIO,1,0,0.0,0
0ca4c7e41c867f68a712cd2ed08389e6805ec2bb686f617e66744722b99a4eda,0.04652048991848881,95.34795100815113,BAIXO,5,0,0.0,0
0cc179025e5cdb20f3ab060681d0da85993b5184573362d71f3cd29243dee8a9,0.043000748038397325,95.69992519616027,BAIXO,1,0,0.0,0
0ccc0e2d13058d47d4c6ccd85677fd6d666036866b30bd5db78034745f15642e,0.12933357241210341,87.06664275878965,BAIXO,1,0,0.0,0
0cd7c92703287cdeaeef72abed0cc7d0bdcfd6a1f0ddac36c612b91074f49b17,0.02071402080606422,97.92859791939358,BAIXO,1,0,0.0,0
0cdba6f39da923d440ed9dff14e4f350672875217f43b6e2a0dce0fc10249239,0.13847934955365193,86.15206504463481,BAIXO,1,0,0.0,0
0ce103d09e3cd65e29a1a7a4a339e383df59b16fe013867db0add6cc5480331d,0.2609945903504172,73.90054096495828,MEDIO,2,0,0.0,0
0ceed77758f84fde1038edf52a043f50064910d01b877920b1d9cf2beeaae75b,0.12903782737859185,87.09621726214081,BAIXO,1,0,0.0,0
0d03af8ade4e2241938ffe11be1ac85fd73f5ff766a51d82b807971b50433abd,0.12110257744933033,87.88974225506698,BAIXO,5,0,0.0,0
0d0da93d16af63aff651e130d6a7335a030495d21c1c3f4c5ca12f556eae3ae9,0.0474105377697236,95.25894622302764,BAIXO,1,0,0.0,0
0d163cb25bad76f00ce75a638b040fbb65ec7242ca1fe8232aa578e98c782179,0.016638530320451317,98.33614696795487,BAIXO,2,0,0.0,0
0d2a086b9e5fecbd502a2ddba9853a4daccf5267860f6a571cb7ca61bf4054ac,0.12282699470793176,87.71730052920682,BAIXO,1,0,0.0,0
0d2b47df11104e98fb9752a96d7a80f5271251d2bfacefd98198a420878de282,0.10064150131559192,89.93584986844081,BAIXO,1,0,0.0,0
0d46580bd215114dd129f957fb25be6c90848fc99a0536317369cbb99ba1415b,0.10475713881486537,89.52428611851346,BAIXO,1,0,0.0,0
0d558babb95c9f772eb98779f9690c4643161e91fb96da87d0f127d1db74cd08,0.05746364810391572,94.25363518960843,BAIXO,2,0,0.0,0
0d850c76deea45af39ca1b32e3d02f928b6be79fee0a314fd568a4ffce5e0eae,0.006880247698892026,99.31197523011079,BAIXO,1,0,0.0,0
0d97b16548d883ef310977887b1d227d66e72364790f6c402d25de051457cd5e,0.020439772172077243,97.95602278279227,BAIXO,1,0,0.0,0
0d991ac50e86597c4d121d13d31dada6d5731e6f1c6ae01e8a2979925bfb2287,0.00585822395539403,99.41417760446059,BAIXO,2,0,0.0,0
0d999dbce9a91d68413c34e7ac5d54b997275966d122cac35ed365c1efeb1d50,0.31409583047262746,68.59041695273726,MEDIO,1,0,0.0,0
0d9e6ecf3467ae235045e2f29421194978450227fb0d69344bc18686407d8f77,0.03854541425065038,96.14545857493496,BAIXO,2,0,0.0,0
0da7159c89c37263755158d99743c36e614fb3dede2d4b1fb77c7f273673dd1d,0.22983344183049018,77.01665581695099,MEDIO,1,0,0.0,0
0dbe712921fbc327c976766e2aee5927964a15feca5db5deae218c083a15d94e,0.13238238818923664,86.76176118107634,BAIXO,1,0,0.0,0
0dc7628c56b1331395f3242ac52cdab924751714636fc172e27ee7c97637bcac,0.12342574636142252,87.65742536385774,BAIXO,1,0,0.0,0
0de9a9e69841022d2d4af5a23db807ef74071969eb9231f43021fc0807844e1a,0.060906029313474074,93.9093970686526,BAIXO,2,0,0.0,0
0df0ad371097748008c3096eb24b123445d5a641c073f369234e5867a840a5d9,0.12604624513577084,87.3953754864229,BAIXO,2,0,0.0,0
0e4b12efef295d6deeba4b49a731a7c8935d9658b1408c3e67cbfbc8b8ea339f,0.13207624494068618,86.79237550593139,BAIXO,1,0,0.0,0
0e5bbde6e024fec2819269435dd4122930d0361f0b0727acff3053ebb179a376,0.00833474425073348,99.16652557492665,BAIXO,1,0,0.0,0
0e6103ba12727f2f7bd16439b206f493da5f25bd048aedd47c02ff248aa2fe87,0.037572903466315685,96.24270965336844,BAIXO,1,0,0.0,0
0e6b6fc18afbf2fbd07e753e8af9225d439090d7ac1310c32872ec9115296891,0.17904966221684912,82.09503377831508,MEDIO,1,0,0.0,0
0e6c8491d8e1ad0b8f2df37ffe8634831872f599c0437a8219e833d5580b328e,0.1149845529046937,88.50154470953063,BAIXO,3,0,0.0,0
0e6d8d8f6ae45a78d0bc40b02e7ca365d939e4759cc6d1fcb9a6fd1f1f5d6c97,0.01567198625492653,98.43280137450735,BAIXO,1,0,0.0,0
0e703243f58e35465e424131cfedc96dc19ab1b12c6609361a7667185c8e9b35,0.15230897858225298,84.7691021417747,MEDIO,1,0,0.0,0
0e81f0e145b3dd235ba353844a36bcb4de58860cac2424d07f6bd1a40bdc3b36,0.09598377338082632,90.40162266191737,BAIXO,1,0,0.0,0
0e8a4160e8b529f2b0551eaa43dc8956dbd6b45de0de29efea0157c05a902dad,0.008253616212001052,99.1746383787999,BAIXO,1,0,0.0,0
0e93bc9f4f50d64857696fa450c97d57e22eed5b9695943706d1b890c3002d11,0.05419083576279733,94.58091642372027,BAIXO,1,0,0.0,0
0e94ea94c81ccd1b2898cc05875e27084fadd677347959b6c21b9cfa48646c82,0.023345005862462343,97.66549941375376,BAIXO,6,0,0.0,0
0ec5ef38734f42be198f49fa1be90df822e775f676ad2cbf539e6b7c46d790a4,0.7673552719519628,23.264472804803717,ALTO,1,1,1.0,1
0ee7aac99d5576a2c79556305aca38ea9a8fa3b056b42eb913eeb82fc5a3652a,0.044786272546858685,95.52137274531414,BAIXO,1,0,0.0,0
0ee8d64b585ff47337a9105472855f853a615c9609a0c8b50adae52c78d6b06d,0.00780658763639736,99.21934123636026,BAIXO,1,0,0.0,0
0f175512f8d46dfb2795ca2add036d7c75ca107ea62551ae41d4ab9b784f39af,0.13597201783220236,86.40279821677976,BAIXO,1,0,0.0,0
0f3a906a4ec86a886624fa6e0c052263904b743fa8bf6a95cd3fa3cbb97f49f5,0.04012936980718607,95.9870630192814,BAIXO,1,0,0.0,0
0f44145fae61bad664f026df9c3fba66ddda39802fd0c2dc6f2b3d631a960bd5,0.2578072289523716,74.21927710476284,MEDIO,1,0,0.0,0
0f590c3af0c6ebd664515db0d80bd84ff96b582e4d9e0b0c66973da2cfd21bdf,0.09318401588447961,90.68159841155203,BAIXO,3,0,0.0,0
0f5c15ae96d6c3a219bc333ac0d51cfc1cdd15aad97935cd6b53f5bca9d6a221,0.0066775577866104935,99.33224422133895,BAIXO,1,0,0.0,0
0f5d141db3e2f4680c6f6175a41071b99ca054af20e831c32b552af339015f31,0.2566083907594655,74.33916092405345,MEDIO,1,0,0.0,0
0f69021f006251cae301affc1a1add16ce5388f972d1b5ff70cecf1e9d781e1c,0.0249095903244133,97.50904096755868,BAIXO,16,0,0.0,0
0f840e4f3366c311a4d1bd2298fd1f1912ca22446e82fecaa289eaeeedd4dcad,0.040628914169962206,95.93710858300378,BAIXO,1,0,0.0,0
0f88705e27d2ae0f1c9fec07932ce74d55420c83618a6601f735117d29a75123,0.07146137898508649,92.85386210149134,BAIXO,1,0,0.0,0
0fb9122b8070f3af4002358e28f343469ead798f05b1a7ee4696d50b1cfe123d,0.10459977107710729,89.54002289228927,BAIXO,1,0,0.0,0
0ffae20372d7dbadca7a2d1da760b936b6f12583fcd6f18237ab1c94996861fa,0.0676179272193082,93.23820727806917,BAIXO,14,0,0.0,0
10086e5a7b2a65f4d9ff4d2941545c8086643a2425fce640a506ff24a1bb483c,0.14674946741087952,85.32505325891205,BAIXO,1,0,0.0,0
100d2e2d2f6c291188e1f3d74d4f0b9d5743843498a4d4a16bcd6b0452d36836,0.1502048637159912,84.97951362840088,MEDIO,1,0,0.0,0
101f126f550065deafbfb7ecdc4d49339dd7000dd7fb997fe0ccd83697eb37ec,0.05200713229980904,94.7992867700191,BAIXO,6,0,0.0,0
101fe19be1495d0ae96667cce3e58b4ea689f8b61fb6d931929b3b8fd74c8be7,0.0066049314502422095,99.33950685497578,BAIXO,1,0,0.0,0
102dd5f6e2b86c84e4f6a6d94c3f784f867dbedce98437e5d1395f621076b3a3,0.1111450607055992,88.88549392944009,BAIXO,2,0,0.0,0
103ba3b718da4121e4f84b9efc6e9827fa6b0224347683f8cf7c7ce2ac8a46c9,0.09979029404188085,90.02097059581192,BAIXO,1,0,0.0,0
103f8ce7f6ced5ae7d75dc9ca1713a3c522da0c1cd9942cf64af4717812d81cf,0.029501070039901503,97.04989299600985,BAIXO,1,0,0.0,0
104182a6e6d86059ff7bba89dfaa335dc703f0e1c9024547147050bc10524a1a,0.04243035467414275,95.75696453258573,BAIXO,1,0,0.0,0
104cebb4dc7af12cb3654285887bf0b2dbd00cbe02275f46f2a1d66031319c03,0.00715774107280425,99.28422589271958,BAIXO,3,0,0.0,0
1055ea665fb5ef3ae0af302cbd6a647588838a14cabc4a106466d8e00cca87da,0.007827177942166356,99.21728220578336,BAIXO,1,0,0.0,0
1061d4c2a9ae2573253ca011aca2f6e699a666145956d1856a5ff5f385be45cb,0.01038196238056961,98.96180376194303,BAIXO,1,0,0.0,0
106f9c4f0a2eb60730ea631273abb72a6466c0eaaa86bf8b2937c20dfda05e61,0.1269784453876606,87.30215546123394,BAIXO,2,0,0.0,0
107a8e6279dc90f3817ba842e68e735542b36afc41b5f8f13c35f8b429a5ba15,0.027835361946604045,97.21646380533959,BAIXO,1,0,0.0,0
10ae59c3513bd843b13de79eae702207ed0c82559082ecdfbe31c8fe90172734,0.017304840305930148,98.26951596940698,BAIXO,1,0,0.0,0
10c1e2787c1bbaa72cc3e778911fd42074c679a1cd846fa98295816747309362,0.01773571144316009,98.22642885568399,BAIXO,1,0,0.0,0
10c3aacd74feb60a085306ef78e58037a293932b4dd1912f731c75e2e2dbb7ab,0.3986631676653455,60.133683233465455,MEDIO,1,0,0.0,0
10ce1d7a3a0cc43bf1c3a24eae2b3f0d828766afee4277e5d65556bad84dc232,0.014236447128182386,98.57635528718176,BAIXO,1,0,0.0,0
1115db5f151161a822cb83c02d824134ebd1b879166f9c33e7ae01268ecf8fea,0.15181096736658653,84.81890326334135,MEDIO,1,0,0.0,0
1142e4e3a80876572aeaa6b5f08f09fb1c70a57ca9c68f946ec2230e582829cf,0.03083783058180611,96.91621694181939,BAIXO,1,0,0.0,0
1162dffc39ae9aea3e5236b60988cce4654aafb4a5587b67824525c8a77b70b0,0.012104673894127994,98.7895326105872,BAIXO,1,0,0.0,0
1169dea74ac39dbc93dbf6037703ee868c8e98a81e4382592b67983ad01b3ac9,0.47760695826606175,52.23930417339382,ALTO,1,0,0.0,0
117fc1e1f9f796f10df86e5f85e55e28cef2e5cdcb43b755dd0722f1f2ee105f,0.06915229672370128,93.08477032762987,BAIXO,1,0,0.0,0
11858f96cfb21439765a80b1311f10ced8469fbf134ce599a96b362332e9a752,0.06487356953324638,93.51264304667536,BAIXO,1,0,0.0,0
1185cd918d7fa293c094b5b275edce7fcac31ed98430bfa54c0bb1b10a0b39b1,0.059870737958009776,94.01292620419902,BAIXO,3,0,0.0,0
11a15501ccfee758247cc4b46b053901542647749ab7934a612c51f0e6760e6a,0.16273016296002865,83.72698370399713,MEDIO,1,0,0.0,0
11a59be8916975c87b2efe8543728bed2f86d46a78ed6e42680ccf29b7d1b598,0.10818160950284086,89.18183904971592,BAIXO,1,0,0.0,0
11afd7d91049e0d46b14f20f8ad6cc384237563d1286349ba6bc70efac96a81d,0.0037269634565629847,99.6273036543437,BAIXO,2,0,0.0,0
11cfef4a786d6a2105c4e5ae75a3125649ba9b530113e59bc65a8b722760e96a,0.012379170080895925,98.7620829919104,BAIXO,1,0,0.0,0
11e782d2a5bf5fb7cba62e9a26a91dcabbc973c574bd81b42dde4acc75a2cbd7,0.0472349588177374,95.27650411822626,BAIXO,1,0,0.0,0
11f269ad5d634bebdb997d5c76d826b43fe79acd02903ce6b4f181dec95c3bba,0.1760663111406587,82.39336888593412,MEDIO,1,0,0.0,0
12086849e8639ef92fd15a3cead1293cd02180a0520e8b3058ac0c5925f8a953,0.23260664402507034,76.73933559749297,MEDIO,4,0,0.0,0
12719b4fe805053385bd3d8e210bb29d85f9eefed6d1d0db276b35ccef688b43,0.10198597538875617,89.80140246112438,BAIXO,2,0,0.0,0
12719eedc47a03adfd63cba65fe0e38c944027e6cf5c5630b1946fc57ec338f8,0.8540031957511833,14.599680424881667,ALTO,4,0,0.0,0
1287372f740f0c64c53d606d48270b8293a8079a0eb55f070747e53948cd7dea,0.03128068617168616,96.87193138283139,BAIXO,1,0,0.0,0
12ab484a26eb18e5995ac5dae27912afe044e6f2e6a79534cff5b319f3fdf6a9,0.3763097085369376,62.36902914630625,MEDIO,1,0,0.0,0
12bad8328588ed789471100b80cd034efc35ca20c17f95080f9f3acd5e42c60d,0.07258259062874353,92.74174093712566,BAIXO,1,0,0.0,0
132298dddf33eb6f3e8b36e63b16e0c9e3182e8cfa2b8e7c9f7ccda774bedac1,0.04107482852725742,95.89251714727426,BAIXO,1,0,0.0,0
132669d39059919d98c03025884b434f1fe3ac3a964f2e43d6d5644da99f54c0,0.028542519314834727,97.14574806851653,BAIXO,1,0,0.0,0
134b2dcc5d96d1617d963b7013aae53b380cdbebba594be5a33d770300abe561,0.1265457180743568,87.34542819256433,BAIXO,1,0,0.0,0
13595cc80192f7c7f7033a39e46d35fb29a6663aca8e695dea534ab33e015618,0.12757678695844762,87.24232130415524,BAIXO,1,0,0.0,0
135a32f0fccc21007f70c46bebf34114eb53785a975c1c7fbc0c0d9d3a1503d2,0.018144789448556724,98.18552105514433,BAIXO,1,0,0.0,0
1374e32b45d9196c880c83c42d2fa3ea56222e54f404eeeb333e2237a11f1e7d,0.12920970671551466,87.07902932844853,BAIXO,1,0,0.0,0
1381a29cd81979cc091565b426df8a4654707120cb56b32c6d2c896cbe197357,0.17812467807084803,82.18753219291519,MEDIO,1,0,0.0,0
139e90023fe8556083a9df032336f48390943dd53f5517552e7c4a6699501e49,0.005956287445438804,99.40437125545611,BAIXO,1,0,0.0,0
13b631b76bf57caa9e78223b12362a86d415a6dd3d1e9440a00cd72626d90d3a,0.11084835869884976,88.91516413011502,BAIXO,12,0,0.0,0
13c4e6abe875e16d837260491cceeb1c62da4e1e765b7e63d4038356c5381221,0.19033168130340145,80.96683186965986,MEDIO,1,0,0.0,0
13d19b1ea41a7808d8b8074aef519d3f8235c5f019b7aff6c30f8ead66f233ae,0.1628165900518516,83.71834099481484,MEDIO,1,0,0.0,0
13d4ee0b6c9e3239f96788af8d75e620c5572f1fba3ca01f7dfb809cbba0e94e,0.07764761609013088,92.23523839098691,BAIXO,1,0,0.0,0
13fbe3c7c0ab93f1ee410cf2b6acf6bb966eea712c70264ff7bb9cc09647048f,0.002822170109701808,99.71778298902983,BAIXO,1,0,0.0,0
1408e6de41d3f557c29d0101b78c38c10f18d36de0e6d5d625e301b0f81ae1f0,0.049768965343240934,95.0231034656759,BAIXO,1,0,0.0,0
14108ce9ccc911f9d202163430818e771cb7c6ccdcafda438fc3dacd80947942,0.860060586884516,13.993941311548397,ALTO,1,1,1.0,1
143bdd3af5528076fe2b87cfed6d4e06eb12471d6747bd04f07b7889a1d0ad8d,0.04674444986438316,95.32555501356168,BAIXO,1,0,0.0,0
144b9c29ba9b1bb3a16f9b6c4a939e65949982b9bb1760c364842aa6e46ecde9,0.01663286281438223,98.33671371856177,BAIXO,1,0,0.0,0
145f5fc593eb10096c4834de617dc6a5e0bd2784de5260b405f4438de8c2ac7e,0.0070949321478515175,99.29050678521484,BAIXO,1,0,0.0,0
147294cd0b3b668ec294df9f53435d8d667bbab0fcb290be2bdee3176797f4fe,0.032616989650333425,96.73830103496665,BAIXO,1,0,0.0,0
149bf01fdd846136c881563ec8944a4cde1dd56735b21c682c6be027728188dc,0.33562348334795494,66.4376516652045,MEDIO,1,0,0.0,0
14a1e7da2746e14168b45d542f3a8c188161628df4af5f7281689d9cc19aba9f,0.030647414067151057,96.93525859328489,BAIXO,1,0,0.0,0
14cd354f5a4f8580acd8cde96a788f780669a2a340583f068fa2143cdae16029,0.02366789635427617,97.63321036457239,BAIXO,1,0,0.0,0
14d2900c0528b12337a2d2c089f3f5878985617182acd6b32dbdf2d5ee7ad98a,0.04400624717619623,95.59937528238038,BAIXO,1,0,0.0,0
153926c5e3cc690400dd19ea4932af80178f71f7a3adbb9d814a6d273e1f6e43,0.017049748327845192,98.29502516721547,BAIXO,1,0,0.0,0
158dba01545379532d130b43550e21e7530b2bfa48faeffad65c50712e7bedf5,0.01607661435362572,98.39233856463743,BAIXO,6,0,0.0,0
1599eaf8d48846cfedf5d939a9cb4b234b6fa63d9bf288540283d918ef9759e5,0.04456082392054115,95.54391760794589,BAIXO,1,0,0.0,0
159e075ac9e2d9b719e68520a5303c30a095ec19a4b53fe9a297dad7cbbcab6f,0.14920374456928598,85.0796255430714,BAIXO,1,0,0.0,0
159e34fe17aa87043ac2cd9cbd087fefbf15d67499801af4cd610a397d68b11d,0.02603412097915771,97.39658790208424,BAIXO,1,0,0.0,0
15b6baa17b9ca4b4427bfd4449763dd81781a63f7d040dd783281ec910c06842,0.007630705352084138,99.23692946479159,BAIXO,1,0,0.0,0
15e216ad221762d821b42d8f19b3ee8602f3bd55b149ce7cf9c0442d59fa2347,0.05165396215338007,94.834603784662,BAIXO,1,0,0.0,0
15e21f9e47ffd4099df94821ea1dd2e50e6ab0f29122cb4ef067ce6426555019,0.012423688849163726,98.75763111508363,BAIXO,1,0,0.0,0
15eec47c9d037824b142604d281bddfa3d691a029c6658be010ba539588eefeb,0.020314273521629882,97.96857264783702,BAIXO,4,0,0.0,0
164e1eba6ccdf29ea63f1ab61e47dc31f080848b05b81a3e5444d81f59c5bd66,0.0920729200785093,90.79270799214908,BAIXO,2,0,0.0,0
16540a5b5c59fbf03ebbcd8bd730b7bc0ea92647ad5cef9680ff7b1be906bccc,0.004234846499669029,99.5765153500331,BAIXO,2,0,0.0,0
1665a8ac8ce8d249cb7a8bf14ab6146c420232230306e8a4f35c972daa1d79d5,0.0050197626034565864,99.49802373965434,BAIXO,2,0,0.0,0
167f3db283f8cb6fd5ed7c0358c962cf45b1607c519ec3db811690623724cb86,0.1764904910543809,82.35095089456192,MEDIO,2,0,0.0,0
16837258159bfb2ef74e038982d0e807034c76d2cb6722d16f28518188b51b3a,0.09896810472825664,90.10318952717434,BAIXO,1,0,0.0,0
168d4700c7783ba641c98da293fea6eec9a5533193eabe512019267b3bb8ec90,0.05548904488719843,94.45109551128016,BAIXO,1,0,0.0,0
16e169e98c5c21679283b408cdc53932eae61a9c53ae698ef810d4109a3d62d6,0.005889321164836088,99.4110678835164,BAIXO,2,0,0.0,0
16e6b81a6dce37c190c9856bcf86b0d97ad19f724fe8c904a82d04bff0a3de3d,0.10442161207501247,89.55783879249876,BAIXO,2,0,0.0,0
16e7d6e46ba2cb8afc9e7dc24806a1ae41093c91e3d0dcda871a64b015ac55c1,0.04393381137628995,95.60661886237101,BAIXO,3,0,0.0,0
16efc28a1a4f9c1c8ea664d992b14d132cb5a21b5f52db328bf2ce7fdf50a8d4,0.020309330718134528,97.96906692818655,BAIXO,1,0,0.0,0
16f9dbced82ffd624483382f7af9a6f74ded84787c27bb9670f17e40dd479f2a,0.014911352815725074,98.50886471842749,BAIXO,1,0,0.0,0
1711682e1172927fd12e4de157f7ff793e234b894049a1b9be894923b5d7d5f3,0.2643620523413507,73.56379476586493,MEDIO,1,0,0.0,0
17263a13c8abd16d9935d03b2c7173fc87c319b91dda4e1da15b4b3f074b664b,0.26054243424514123,73.94575657548587,MEDIO,1,0,0.0,0
175f3d760d9b9a86dad4d4db2e6163b88d1dadc66fd9dde9374b616dc1403d62,0.38484801897622767,61.515198102377234,MEDIO,2,0,0.0,0
176424f334617d506f6fbb63911b560bc4956faf35b6b9d099758a953cc15f53,0.08773554897399313,91.22644510260068,BAIXO,1,0,0.0,0
176fc9f7c70f006f375f46e695d2976616c2cd3fa62b79660cd71cbd429dae11,0.008802922922936116,99.11970770770638,BAIXO,2,0,0.0,0
17846de106ec8b57dac8be098f3d20ea9c0d1a8ea85e8f075613b35b3fecaec2,0.005329578424395601,99.46704215756044,BAIXO,1,0,0.0,0
17ad8a7a2df9a9315698f4c8b2ef5fb7bc1d60b50162f713b752dce268ead840,0.07511510308022701,92.48848969197729,BAIXO,2,0,0.0,0
17c467a2c3c1360507667d3c38dd838351f147c4b19cceec4e3c71b22f636058,0.07852795493790642,92.14720450620936,BAIXO,1,0,0.0,0
17e86429059f2445f72631cfd7fab0dda6a743904d066e94730ab57fe647fc72,0.2577720397254361,74.22279602745638,MEDIO,1,0,0.0,0
17ec8bd7423a809778388d267c5e9b3ad9714de23ebcb5ae7778e9e342d2c204,0.00646586438535335,99.35341356146466,BAIXO,1,0,0.0,0
17ed43f8c84dafb60beefde379ec5dcfac040e103273c0756b21e32a02e12ea1,0.07571264333162184,92.42873566683781,BAIXO,2,0,0.0,0
1810d8a15d0fd6da7bf574f3afeda842e04829b5e972b4dd486699e6b50a4de7,0.008789813136157724,99.12101868638423,BAIXO,5,0,0.0,0
1818be57b2612e71f08eae1dd6a16d96f4f1d42b0b279abca64fe4a5a346327a,0.08638264062523013,91.36173593747698,BAIXO,1,0,0.0,0
183a8d1e9d006e89deca062a38a8e6dff4ad14469a539b2caca2c49c86a72b0f,0.48357980776457166,51.64201922354283,ALTO,1,0,0.0,0
183d532d2b424e1f7e82417c78bc1d109700ed5795e3b5bbcaedc330eb8f101d,0.035554316617973605,96.44456833820264,BAIXO,3,0,0.0,0
18401624f718e8bf4cb034511b3b5a8fc512986012a32d70895eb5931738384b,0.0626420335023586,93.73579664976414,BAIXO,2,0,0.0,0
184809a239b251350871d3b5ea083c6e14becb3088dc54a82bfecf0fe3c4046b,0.030541430151788364,96.94585698482116,BAIXO,1,0,0.0,0
185416ffacd26f640745331f544301ed360ad9fc9146ae25a5c281ad64120ae6,0.012483999964809346,98.75160000351907,BAIXO,1,0,0.0,0
1864bc06db247d35fac8f4f15192e9858c1505cbceec184283abf422bd402c14,0.13985250307611513,86.01474969238849,BAIXO,1,0,0.0,0
1868d2fa0b28dac70e73d0a6166a178d4a97d2e0cc85da897d18918c3e3f5ec6,0.13637049722424646,86.36295027757535,BAIXO,1,0,0.0,0
189cfc07c1a574e9533aa6e63c88a70111eb44945f24a5be372db05b67c27d24,0.02628818774494374,97.37118122550562,BAIXO,4,0,0.0,0
18c235d164d57099ce739915ecf887ddbdb3ed5ff6d16942e8fdef6cd10b390f,0.10664616851239073,89.33538314876093,BAIXO,1,0,0.0,0
18c5d51ede2161639544bca691e2cffd2fd3a4df4882235d64f8552b329fec9d,0.023929565689828094,97.60704343101719,BAIXO,1,0,0.0,0
18d32ce9c033ae72b5ebe52812dd19903320cfc82390fcd6a48a8400e27f20cc,0.11943628106534575,88.05637189346542,BAIXO,2,0,0.0,0
18dd04c8af16012ac13de3b6893179d4bd0adadbdc3b90990648430970ea2baf,0.0181141234968009,98.18858765031992,BAIXO,1,0,0.0,0
18f7efda417953c5d04bae43bc8a2fe8425b1fb8b7436294a6fba52624162fd0,0.07499465421374889,92.50053457862512,BAIXO,1,0,0.0,0
190fa3e7593a8f23241d95bdf430787ec0537c74fd8768d151977e433eba13cd,0.08176957089650323,91.82304291034967,BAIXO,1,0,0.0,0
1915940ecd25067823ce5482794a71b76c82a371d4e388281b9fbaa83b542b98,0.022976477654298253,97.70235223457018,BAIXO,1,0,0.0,0
19217dfa3e47b0c5cfb7cdbb0a07da335e9a241908cf0b5be9da5163320269d7,0.09564826128361996,90.43517387163801,BAIXO,1,0,0.0,0
1925cb172b518ec24a62d3cd98188f5129edf115b5e0f25411aaf447e0bc87fd,0.15390897681167096,84.60910231883291,MEDIO,1,0,0.0,0
192730f7944005de0fe43bc85c09d222289c33dc24772814db328bf2daf4b1a5,0.01698956422991712,98.30104357700829,BAIXO,1,0,0.0,0
193b4fffc44b0b95e4cc4737477d4f24fe3d13995f83ef4ad050ed2072cffc84,0.05546613171513062,94.45338682848694,BAIXO,2,0,0.0,0
1968f24962d633426eeef30ac4388a034b023f78663bd71567dc02636405d77e,0.030850685265109673,96.91493147348903,BAIXO,1,0,0.0,0
1978f6afff75fea51b24b46bcd5bb2d1377a9340fa189bd7359d73f1e08e965e,0.014634104504582727,98.53658954954173,BAIXO,1,0,0.0,0
197dd2efce9cafccf961b2e954a9b02579b72b6a96f447f406b21fcab9e98704,0.09360388113818724,90.63961188618129,BAIXO,2,0,0.0,0
198652c2e4493aba99b138e40317f0938da4a721fa74a513204a16a2846ac1ee,0.2086681315904354,79.13318684095645,MEDIO,2,0,0.0,0
19aed993f654fb0689ec0edb50eaa795210b7de66f9974369181478569445a60,0.04120634224821965,95.87936577517804,BAIXO,2,0,0.0,0
19e0ffe3d61ad8c0a310dcb5c040e3a47c4fb59b88a1085bd349e15876c1d437,0.009157831204431952,99.0842168795568,BAIXO,1,0,0.0,0
19e4548a2a5ec3d32b8926aface87b30b7aa2a9ea04276cc1af61ab0468b198a,0.01820199038078903,98.17980096192109,BAIXO,3,0,0.0,0
19e4d26a4a0aca729c7890b1976d0a76aafa1a045ffcddf8423245cf9d885255,0.049726936530398745,95.02730634696013,BAIXO,1,0,0.0,0
1a397df67c7979012c4d21c78eee2cb72fc04d907eab60238c2a58a26c2f52a3,0.03059318821525295,96.9406811784747,BAIXO,5,0,0.0,0
1a5bf4ad64fc04ff35d982dced461193e8e7fc8478639c67e919267f0abbaf74,0.020004331138272494,97.99956688617274,BAIXO,1,0,0.0,0
1a8067c87466ac072d55ff9cea1cda8b102f3d6657c8de037149f937216dbcd2,0.11716075486770748,88.28392451322925,BAIXO,5,0,0.0,0
1a8d3a598bd9b365223865c33072a170a5dd7aeb5d8dccf0a6c77a75035de4a8,0.03392837624282382,96.60716237571762,BAIXO,1,0,0.0,0
1abfbbb955f6b53f444b9e4ddecf6fadb9c4df3b9d2a13c4f1b2f3ba4dc19f65,0.20615820925366957,79.38417907463304,MEDIO,1,0,0.0,0
1ad390fa20cdb67a7f47d310aab4301321e578e43025fae76aa3a88588fc448a,0.9683900246317795,3.160997536822052,ALTO,1,1,1.0,1
1ae95b6dcce9744a8880abd08a3cc22f8a0c108e88fb13566b7b40e23f362e65,0.19742267822687307,80.25773217731269,MEDIO,1,0,0.0,0
1aeb6f5aedcd431cbe142887f421d7c21c4c008a1ef52bc6cf0b4508ddccc925,0.12437485658263189,87.5625143417368,BAIXO,6,0,0.0,0
1aee6d4440d28b41b37d1bef7f0e5880d77c0ab40f52e04e7d49012228745c8b,0.14740382556700482,85.25961744329952,BAIXO,1,0,0.0,0
1af0cf572badd3a8dfe4d6d11b6dcca5cbed76e3e2f6611d07649185aafb69c4,0.7049403367748228,29.50596632251772,ALTO,1,1,1.0,1
1af5a6d8cbbeb8acf5ff8889ddf7a8ac4f4cfe194b3840a08107a1e5c467505b,0.016798860243699393,98.32011397563006,BAIXO,1,0,0.0,0
1afadbac71f14681116f6ba86d19a2861dde75f4f551839e244c14e0c06e86d5,0.10630450647731407,89.36954935226859,BAIXO,1,0,0.0,0
1b05bf7dfa32e4a3d662bd216f595aabd89538f2fa7be12f5c98f9fb6127da9c,0.047555555331218906,95.24444446687811,BAIXO,121,0,0.0,0
1b08275e72495617af75bb6c01019354ea52a2b83930da4313f73484f219bb19,0.12719209111245805,87.2807908887542,BAIXO,1,0,0.0,0
1b215cbebda2f58c7eda3032f5ffe66902dcd570729a0cb8e5b8d8bb19653983,0.04014999042195565,95.98500095780443,BAIXO,1,0,0.0,0
1b41640012e6bba14ec77e3e6fbc549358729653589fb19b6d1b25dec9f73dc5,0.013323998150379263,98.66760018496208,BAIXO,1,0,0.0,0
1b4fa3fc1a86ff923a945504ac2e18d0cbf2266e4405bab54db64f1364faf92c,0.01527263416853675,98.47273658314633,BAIXO,1,0,0.0,0
1b63ba832ff7b2f569642ea7277eb8a59af5ddefe2a24e0eeaa507c64b38e036,0.02095005227998006,97.904994772002,BAIXO,1,0,0.0,0
1b8f7ff245e6c2c4ed35d6bd8624a5b63ac967e2cfcc0239d211bfed84adb6f9,0.009266644065412118,99.0733355934588,BAIXO,1,0,0.0,0
1b99e1c7128a42981df10088c2775ade1409c8c312447aff79bef5e3e99a4d5e,0.08769636438958843,91.23036356104116,BAIXO,2,0,0.0,0
1bb617e697e98e1010d8724b03302117959d40611585f4a5fb094a56096d3880,0.023968621448566606,97.60313785514334,BAIXO,1,0,0.0,0
1bc2ad15f37bdf8a836628f699c44d4b679b16d56e25d6444082460ae4426b10,0.2290150406197373,77.09849593802628,MEDIO,1,0,0.0,0
1bcb7c082b72853461e400fabd3c8a881fcf7af2a57f144ffa1f321e577823d8,0.01644032159828035,98.35596784017197,BAIXO,1,0,0.0,0
1bd3535743b740d09c4f25e958efa4d5740bec78f377331072a49a9b6bb5d24a,0.010587254854027776,98.94127451459723,BAIXO,1,0,0.0,0
1bdab1eeff33e1d041689cfb1911411fe9ec8e2d513f42f642cd1c8cb5f4981c,0.024290132173118543,97.57098678268814,BAIXO,1,0,0.0,0
1c0f40a1c5b1573420f907f6d3f25528b3dcdd68097e38002308696451504d83,0.0416841576512901,95.83158423487099,BAIXO,1,0,0.0,0
1c17ee668d98f9450ed7eae3780745fd17f8759e17a32131f1e86626779119db,0.018971838269049277,98.10281617309508,BAIXO,1,0,0.0,0
1c1a94db7977750dec90c945ef1c2ca14e548afa0383928e1bdc5b3604d658f3,0.9338048219445026,6.6195178055497355,ALTO,1,1,1.0,1
1c213d97654f8218271e0be431ec5b022a615edd153d3bdd44a6e9be1cab4165,0.0177171840088773,98.22828159911226,BAIXO,1,0,0.0,0
1c214b55ef365513aad39a17b8967ea0b6b629fb663a05478969ab01997ff7d2,0.14448747616111787,85.55125238388821,BAIXO,1,0,0.0,0
1c475007d258805cf4ace4b2bce3f9698c5c583d73745ce1b1ea01d066f61539,0.0868670675616901,91.313293243831,BAIXO,1,0,0.0,0
1c4ed9e577c3cc89d0261fc58b950210de1909d8144d536f2784fe9a667bc076,0.20228106098895904,79.7718939011041,MEDIO,3,0,0.0,0
1c592e7d84363c8b848f045ff9f9fb75cfac5028eda41628200ba47530a2e0aa,0.0659503444485664,93.40496555514336,BAIXO,1,0,0.0,0
1c63664185066fb412e0803d751efbde86444efd8c265f0a643396fce7952482,0.05354851738611522,94.64514826138848,BAIXO,39,0,0.0,0
1c7ac0a0fbd3273cbc2438c12658f65ba5b233f217f6411b1f8d74bdb7e6e33c,0.05589057868437616,94.41094213156238,BAIXO,1,0,0.0,0
1ca161cb75098252becfc33e1f0f7a99a4cf60fd4ad15554f4a83e7913c65931,0.044231306862199185,95.57686931378008,BAIXO,13,0,0.0,0
1cbeccaee2350f282c394ac9ba1c45fdb770e66c989dc6a20581c109c13147e8,0.03356116684728406,96.6438833152716,BAIXO,1,0,0.0,0
1cd1ae56e4ed4f41865ac32d93007b4dd55995f30146e11583b0d29c4c9d8b8e,0.14041914206301287,85.95808579369871,BAIXO,1,0,0.0,0
1cdb74fc595880f8e458a82c36efee67826df70a07255ab681d7eefab2506c5a,0.006655897033163143,99.33441029668369,BAIXO,1,0,0.0,0
1cebc3d43fc1b73fe58007d52b25100fd407e1cf34b1179f347c4de45ec91d40,0.030567197504052727,96.94328024959474,BAIXO,1,0,0.0,0
1d0764e195cfae9e212d8aec6a3d43fa203a5f507e794634789fb440697606c1,0.8660972981035142,13.390270189648579,ALTO,1,1,1.0,1
1d2cfd891303bf1d6ec0923e4ff09bc3afefffa6360be41b5bb2609a7e527a93,0.05333054456748212,94.66694554325179,BAIXO,1,0,0.0,0
1d2dbe8faf9f7d91dfd3c1280dbf4970880344db9b64487d2e405dd917545435,0.008201257624086055,99.17987423759139,BAIXO,1,0,0.0,0
1d38978c6b21c90db24b70b6acba7d17a197bf9b3b8a5b99920f4c538e15e4bb,0.04248398750891864,95.75160124910813,BAIXO,1,0,0.0,0
1d389adc1dec8927dcc47df6f39bce7a31ffb7c5c27efd714b365679a6420e90,0.13684622526246357,86.31537747375364,BAIXO,1,0,0.0,0
1d40ac5bc735282cb25358fcdb2fd9a21fe28c2f789cf4acfe1a025806d40412,0.05657036898071419,94.34296310192858,BAIXO,1,0,0.0,0
1d61e35d219833b9a12a6cc0719b40cd57d5720ca8a4ead0bf685a7db453fd3c,0.12548845761723107,87.4511542382769,BAIXO,1,0,0.0,0
1d67ccc02bc1a0babd9167e7b4c09cd84a3677ce9486cd2a466976395a5c1de0,0.12772579302728537,87.22742069727147,BAIXO,3,0,0.0,0
1d6e068b0aa1b038028d55a81457b54968a99574f31aa0a787a363200886d7d5,0.004461537827601533,99.55384621723985,BAIXO,1,0,0.0,0
1d7ab8c9d3d54aaa5bf53a3a6839ff161afbded387aa012d5220d81ade6e3222,0.1261668089604578,87.38331910395422,BAIXO,1,0,0.0,0
1dc12c0d07532b7adbb8a617cf3d9c8b48bea96c6099153f3c1b4452597d5738,0.1713665115231859,82.86334884768141,MEDIO,1,0,0.0,0
1dc7f487589182025a51303353459e73fa366b3679d42ddcbdd1e2fd41ba07bb,0.04064176504318074,95.93582349568193,BAIXO,1,0,0.0,0
1dcd79e6bd2e1319fb728337931e407fa6026b40008387e7789e4e338aaf3bb2,0.14933450431121964,85.06654956887803,BAIXO,1,0,0.0,0
1dfd05750d948f2836af6d0c1357e91eaf213a8ba7f54707fa1b4d46e2dbedca,0.09785732801148256,90.21426719885174,BAIXO,1,0,0.0,0
1e11cec424cdf2608515747e5c1d3c4181097e17be38ad46bfa35964b42a5429,0.008285247160075095,99.17147528399249,BAIXO,1,0,0.0,0
1e143de143d054d741d99bc7aaf1a1bf7e31894887a3e5a796a3cfda07151ba0,0.19561210391100417,80.43878960889958,MEDIO,1,0,0.0,0
1e333a23a6cd09dcf4e6189cde993327bef8926e638b2ef9b3b0b478bc3b36cf,0.05790376204247323,94.20962379575268,BAIXO,1,0,0.0,0
1e3d4647f8d619e4e3e86f259ff87c7ab88cacf384a6b09a3e6be3af183a1ebe,0.019186157841163606,98.08138421588365,BAIXO,1,0,0.0,0
1e64eb5b40c5b14a4c51ceefd716fab9b66f494366f4b91e193d019923e35a79,0.042968374429938214,95.70316255700618,BAIXO,1,0,0.0,0
1e9e69976ff19ff952136463c25d9c559887cec129ea236ea8b8f86feb407f7e,0.7767426369716989,22.325736302830112,ALTO,69,2,0.028985507246376812,1
1ea897fb10958958d104b8529deefe3ca1f747b9aa42ffe71e41bc1a6581a254,0.016829104180720787,98.31708958192792,BAIXO,1,0,0.0,0
1eb54131e9be485a23ed07d6667917b3af068af42e26acce42a48cf4344938f2,0.11707633418988413,88.29236658101158,BAIXO,1,0,0.0,0
1eb85e4cebf2239d5721d45322f45dff390cbb1d29d77169bb91a6ce0a90bca9,0.04441432502930607,95.55856749706939,BAIXO,1,0,0.0,0
1ec31a4874b04649f267297aa69a407626dc0d963d0133453e6c56b83d7850eb,0.07574898739741506,92.42510126025849,BAIXO,1,0,0.0,0
1ec543e1bc73db99dc9de6198b4441035e1f5b4a047af58b797415326a834b0a,0.10306372732909702,89.69362726709029,BAIXO,1,0,0.0,0
1ecd2313f709e75baa7eb607ce94a762406fb632e061e2aa1178b79bdf103bb2,0.08799647433748688,91.20035256625131,BAIXO,1,0,0.0,0
1eeb82dc883155756fc6190f74d0ec6c25b91c2fb2f0298b38e554d9d6079507,0.03546875732933248,96.45312426706674,BAIXO,1,0,0.0,0
1f218bf7dbf67ec880e878940497345a0f140f858cf1e6b153953e0f1eaf1486,0.042022957603980976,95.7977042396019,BAIXO,1,0,0.0,0
1f21c50a8b4caa10bbee93415ab4f5668aabf3e9a696b02371e7fbe665c68a23,0.09553769116355708,90.44623088364429,BAIXO,3,0,0.0,0
1f2b5d5d7808f3d60a2a860b15109d9c46ad640016405b71a7ad3ffedf2b9088,0.03563652929004749,96.43634707099525,BAIXO,1,0,0.0,0
1f358738b1233171183a0572f3f015a8ee4fd2662f9a97f64fca065fa86a3c34,0.13260105340100461,86.73989465989955,BAIXO,1,0,0.0,0
1f382c333dccbbcb0b5e70e3f9cb6b167a37fde1a2f80e224e7665fc949c78e9,0.020579112107013544,97.94208878929864,BAIXO,1,0,0.0,0
1f3fe2cbe5600beb6f3f58549ebb8bc7725164125c5b6019ba416c68b19497f1,0.11808102518740074,88.19189748125993,BAIXO,1,0,0.0,0
1f4f40c035fc0f88de14c6b7026ac2a841fe34cb9bca91e4e0b170f497a135da,0.05061467046576411,94.93853295342359,BAIXO,1,0,0.0,0
1f50880cb6e7807c3121a8d8d0a8588ac59a9e0d592c4c5d7818235c71f9170c,0.06838775355987106,93.16122464401289,BAIXO,1,0,0.0,0
1f7f82d7d77b07ba13ff5985fd2a10913ca7bbbb427f6d09248a6db17e2e044d,0.11520755385859324,88.47924461414067,BAIXO,1,0,0.0,0
1f95b7fd02c3190350882b1ffa5aad21573f5e068ea65be1ac49c6967388fd26,0.029310064855420224,97.06899351445799,BAIXO,1,0,0.0,0
1fae763e12e03bd2be60a382a0a8178b69c8b43d4d99558bf6bef004a8e76646,0.10834872094197955,89.16512790580204,BAIXO,1,0,0.0,0
1fc024619ed1e4991126e0ebf22d6119ddd62ef3d1fcf18043a4c659e1741b40,0.06383216355327544,93.61678364467245,BAIXO,7,0,0.0,0
1fe631902fbb984c9a3dd14e9186795139b9497451ec8c9c41bcadf3e7435ae7,0.07834808865029685,92.16519113497031,BAIXO,1,0,0.0,0
1fed7cea4b08c2deda1c19c23ca0fe99774352109e82ec836f1bc5250b158f23,0.010467708977008208,98.95322910229918,BAIXO,1,0,0.0,0
2002db391aa4772eff3d5efb1436cafdbf652ed85a83f492e0ba0de05662d54e,0.11645548703729756,88.35445129627024,BAIXO,1,0,0.0,0
201bcb77b3c4384f1022b03d65966a69a574be7320005c108c74a0bdb1456daa,0.0925184560160989,90.74815439839011,BAIXO,1,0,0.0,0
2027fdc4af56a197ccb691da3e2d0c4ac7ad4c873b52c48ab8efbd63ef887d1f,0.0754727020785202,92.45272979214798,BAIXO,1,0,0.0,0
20285ab0a581c1e61626897f082e7a5bc414d2f7b900a8b2089f5059a32c6f23,0.3739571392948688,62.60428607051311,MEDIO,1,0,0.0,0
202dc92a81f4fedfc9f9ad87e2b85299f80952ceda54643804e81973804bb0fd,0.15141949269347013,84.85805073065299,MEDIO,1,0,0.0,0
2035195d44218a45db3fb167f836d088b635fbd468dd4640fba1f5bdf8f3bdb6,0.017040510795241614,98.29594892047584,BAIXO,1,0,0.0,0
20686579bdf12a68442d16e4de2f1af57fa111953a2dff7beb56b5578b84c2c4,0.01879900049110546,98.12009995088945,BAIXO,1,0,0.0,0
207111497aeb1361a8cc9035d1fc7989db5d84e4e264bda97e3fcf404fb567d4,0.006311170624428919,99.36888293755712,BAIXO,1,0,0.0,0
20787cf91b869546200b5e4242f5dda240db3ccb67460b5e82ecb2130d24717f,0.025314059219677387,97.46859407803225,BAIXO,1,0,0.0,0
208b82eb40ca452339a9259b85e8b0b2d0f7a7cb6b52b6a3d9b7f46f6772075a,0.07912402580696473,92.08759741930352,BAIXO,1,0,0.0,0
208d2d0eb39d885bc036cc97997a2d9d70c6953bf43bd51699c3f76a39f4b03f,0.1662236622990904,83.37763377009095,MEDIO,1,0,0.0,0
20939a3f14af2ff48fb6d55c17f279f4858fbf8bab8f904f49717e65caae0b48,0.04240425840688547,95.75957415931146,BAIXO,2,0,0.0,0
209750632679e7ff07349ae7c182e15c45f568d33cd45374328cb79aa62b6c83,0.054206301999713075,94.57936980002869,BAIXO,1,0,0.0,0
209bcbb3b49f5fb55245e70d2e5ce2e120182199baa06de3398b1fe7747553b8,0.04906523015751194,95.09347698424881,BAIXO,5,0,0.0,0
209f89427933cfd05562db1c09d0b0bb042a801165be1bd3274010c8e42e4d7c,0.06156579686893675,93.84342031310634,BAIXO,1,0,0.0,0
20ab835f0f75a274ee3209ebc45fb0b76c6c2461d0010cff696bc82fc3277797,0.139739796682437,86.0260203317563,BAIXO,1,0,0.0,0
20b57761bf69da3738b97f5ba8150e26abda2af82e6fe62b56b8821734530d29,0.006619006394628686,99.33809936053713,BAIXO,1,0,0.0,0
20b9a3ad18c0c28fae9504c0b96b5684f96f3b14613c8c65f71d08a09aefd772,0.0578427394516788,94.21572605483212,BAIXO,1,0,0.0,0
20c9430c05d4f27a6239a11f17748b0555fc4d8d7661fde1e80f16fa8833a93c,0.18291587790255529,81.70841220974448,MEDIO,1,0,0.0,0
20ce4113d540e44c054bf1cc7b1e6fe907d84266a8bacca46fb95822a036290e,0.1509448199913761,84.90551800086239,MEDIO,1,0,0.0,0
20d099aef72663aa7310978582ddf8c6d5e5d45dfdb0bc937d392fd4c1c2d02d,0.09338897975592453,90.66110202440754,BAIXO,1,0,0.0,0
20dbbaf0b9bbaea84df4fed9ead1bdacb51f15565d8fb0c6c44fcac248db5ec8,0.10914707958337992,89.08529204166202,BAIXO,1,0,0.0,0
20e059b524a7eaad1e55e29373a8856be776d1ef298ff2dac9a6cb3a40e90593,0.035749301031617234,96.42506989683828,BAIXO,2,0,0.0,0
20eafe522cd3e84d7287e1e941ee9f42adeeaac362778e2b11638244c36765b1,0.0452693334029807,95.47306665970193,BAIXO,1,0,0.0,0
20eb37521df91ad97f23bd4007734768d3ffe5afde1013dd7fad2c60a9ad5322,0.018588789497003856,98.14112105029962,BAIXO,2,0,0.0,0
20ec4e513e2d049267b131322a1b329b17f94c9038ca68081b97dbb8a95ce9a6,0.2040116770847294,79.59883229152706,MEDIO,2,0,0.0,0
211494cc7d8d6dca601ec12ecb0b0e099ee22d0ebe7325c050edc5dc73b3a19d,0.029191105667730314,97.08088943322697,BAIXO,1,0,0.0,0
212051f1aca7f9c82a6c0bf7ded5967633c5580e9790880b6014fa9a25c33cab,0.01328773278967093,98.67122672103291,BAIXO,2,0,0.0,0
213bddc02cad580dc6dce5c04e3d39eb8ebfdba96cd11ce8bce44c7101be4880,0.008539694872078684,99.14603051279212,BAIXO,1,0,0.0,0
214c498a77c03e04f5dbb55e370d12ea950e91fb4f75b22e06b02f181b648d63,0.14746434957896262,85.25356504210374,BAIXO,10,0,0.0,0
21565e934c76f3305265e48f3a4bfbb683c5f3d2be96084abcf5d51834baa1d7,0.014047058406160107,98.595294159384,BAIXO,2,0,0.0,0
2158fdc13011d2f637ef0ca884b3fc849280f5d5cbd5916a6fdf04b59ac04d6b,0.03843666414109696,96.15633358589031,BAIXO,1,0,0.0,0
215e25caa140aeb01f594672e69f023c74c184753eff286dfc9714c8b9dbc1ae,0.24230338198728982,75.76966180127101,MEDIO,1,0,0.0,0
216ae3b11a637a05753c140d0d9a09e81c530e14377f65901b1c139bdfa880ff,0.02885090460882791,97.1149095391172,BAIXO,1,0,0.0,0
218e4eaf2ba8b291004780fb4cc50e1fc61f731f569309c3bc1150cf10f4546c,0.07470675988514053,92.52932401148595,BAIXO,1,0,0.0,0
21a381372a32ec46d21687ed6f4ac63e1a6d55cd0c5f4a1a434eb21f2b41be3b,0.0979468719057073,90.20531280942927,BAIXO,1,0,0.0,0
21b3f4dc112cba68f88206e2e73367a10de3c001e99cba4008f8efdfbf15eb1a,0.07691603387754874,92.30839661224512,BAIXO,1,0,0.0,0
21c3986021a203bcd40f8c11bec17c17af84f0f2ae26718d784d3f87611d0d0e,0.06443296694493153,93.55670330550684,BAIXO,1,0,0.0,0
21cbfa1e888f0e9143c89b385ff2c984c6bd1b848e5857e837aa2e5118255800,0.062318970641475534,93.76810293585245,BAIXO,1,0,0.0,0
21dff853e547f2780248a1d3dcdd625e4f8f47f49474ad4abb11517688241479,0.02534520234774977,97.46547976522503,BAIXO,1,0,0.0,0
2209390d2b23527b4bd0c8f106ac275d5fcba572d22c1d157f5ff81b84d6cecd,0.01233072880055008,98.766927119945,BAIXO,1,0,0.0,0
220d71fdef4905ffea1b1912112e7ed9860aeff7a592293f64618c691d422086,0.9583714609022819,4.162853909771814,ALTO,1,1,1.0,1
22119a5969e284878e8a8afd16c01186dfec781225c8c205ea4c0c9c24e5c89a,0.10970664124392016,89.02933587560798,BAIXO,1,0,0.0,0
2216402a5e84d3ad387c8f83bfa9f5d928a96c8c3fd6852583563de4d7c6fa9c,0.08208145749424792,91.79185425057521,BAIXO,1,0,0.0,0
221b8e0c5be8e0139b29ec373e972c6d7c92140fb89d4656a7dc2413a11543e9,0.004360190699047071,99.5639809300953,BAIXO,1,0,0.0,0
222f6dd763f571b222ae7e75f8ce0a418c7bd0f8f37d6a8e05bedf698ef21887,0.007797414755847358,99.22025852441526,BAIXO,2,0,0.0,0
224a7c34426f4bc5bd41002f6ca0ad1f561c701bec6c1a68fe96cae6a5559a70,0.16448098484514292,83.55190151548571,MEDIO,2,0,0.0,0
2272954522d30a5d3d8bf154d487dafe9f45303057d3198ffa3b6fd9904a4411,0.022704132073483332,97.72958679265167,BAIXO,1,0,0.0,0
22767c50076717cdb3c031acea22415097f6634d345c47c4ba4c26d3630c3b43,0.14093005794884572,85.90699420511542,BAIXO,6,0,0.0,0
229fc205f48b9a4a4f4ca73dfb4cdca474c6a6cffabb4a314e4850819362617e,0.028848105355516532,97.11518946444835,BAIXO,1,0,0.0,0
22a8a0ea38e34f6d649803a19f8bd72d702a01221c82d0f31f6fa2cbddff8ee9,0.008500780271169,99.1499219728831,BAIXO,1,0,0.0,0
22a8a6cbeabfcac026a0a793ce03507aa3e6236cf6db67b82c56e81319731807,0.04371149571200328,95.62885042879967,BAIXO,1,0,0.0,0
22af6b01d452e9be10012158052a801fa190b9ba88d63d07d6b777db89b67d90,0.17018904639503196,82.98109536049681,MEDIO,1,0,0.0,0
22b5f233539b4ec6eb8357a8483e1a0765ea33cf7cf71ae61770f25e87c622a0,0.052672180360575,94.7327819639425,BAIXO,1,0,0.0,0
22bcb6f7aec2a60c3a1323907ab6ac7f39106f11ceec183f33dbc96c13d58e2a,0.026333039971541662,97.36669600284583,BAIXO,1,0,0.0,0
22bd413272a6a00ab829d109c545aac0763d063fba794c0e13b97c68bc29f94c,0.013948763452343842,98.60512365476562,BAIXO,1,0,0.0,0
22c745cd82c45f94845e903330773753bdbef7b5d3e99b835ec85d2ed7d06ff4,0.21038198926715082,78.96180107328492,MEDIO,2,0,0.0,0
22d7bd2c94618f1cd6b9984c54eacffb298a6f7642f50c54b54e924e6961ed15,0.01346101173131516,98.65389882686848,BAIXO,1,0,0.0,0
23324b3c93a7211483c146313b47a295d7d53dda5bd3fb02d2ef749afb76cd4c,0.033837446151165816,96.61625538488342,BAIXO,1,0,0.0,0
233d951c8c774f1e07df5a473e219097b7ef6c2e2aa83d6eb5c59816b1093958,0.42499182813407893,57.5008171865921,ALTO,1,0,0.0,0
2342f5cdee08a0605d7376f947103eb92a55d5c51df8ee5ca38a8d4cb75f88f3,0.06012140532579605,93.98785946742039,BAIXO,1,0,0.0,0
2348f5949436afdc79aeff555170317848809413e6f4726ea3aa32f984923d6a,0.01307000285607069,98.69299971439293,BAIXO,1,0,0.0,0
2361eda5afc52e1cd02001bca7284079a1ea78c20ce3e29e6c639a2717c5109c,0.0030295154144668415,99.69704845855331,BAIXO,1,0,0.0,0
2368ba4c33367298a1c7b11d185d0262e3624f2849d362d11e44b3d17b11e301,0.10677100840396207,89.3228991596038,BAIXO,1,0,0.0,0
2377983c3f34bd024f440092c44952af45d6fc278577bc9d15ae26f0fcb19501,0.13244316477089918,86.75568352291008,BAIXO,2,0,0.0,0
239c20f895a745bdb1e56b253e8a28b79400340caff4e03ac5d98fdb7c3512ff,0.10844273234832691,89.15572676516732,BAIXO,1,0,0.0,0
23ace987ec10ce81c3f0f2c7410240b7332ec57da84481737bc3f819c96d11c3,0.008166087845301165,99.18339121546988,BAIXO,1,0,0.0,0
23aec99ce795954815888ae4090dcacf318824c06fdf17f6679ece242c34f31b,0.017946440247973903,98.20535597520261,BAIXO,1,0,0.0,0
23f96695af6bae69a2fe93476c5fb6f259e0c6cda88e8d8188a3130e2140aece,0.06115032607608881,93.88496739239112,BAIXO,1,0,0.0,0
24037765228ca1bce6743570728395541ca481ac79d854fe95bace4710c3cacb,0.10084514223980183,89.91548577601982,BAIXO,29,0,0.0,0
241b28e638fabd5fb3e37f0b12d401ef81090d84c3bd64fad16f8cea7b694828,0.05930467817750266,94.06953218224973,BAIXO,4,0,0.0,0
2427f3a24b353859e5d48cfcb8fca8c87128b35af6b7a1ceb111306d9b8304c2,0.15199293475693973,84.80070652430602,MEDIO,1,0,0.0,0
2428f77a217506adf038201a6e6d89bbfb70b40a85de3278f031b376cca96ea0,0.10901336527187894,89.0986634728121,BAIXO,3,0,0.0,0
242f8c0e6c8fb2eec6538a7fe2706f1adcd0c5e64cdced05e3260c503a1a3dba,0.009342829472189873,99.06571705278101,BAIXO,1,0,0.0,0
242ff53ad1a89f496c7306726b4e56c41e27469859ee8040f12bd2ebec42da9a,0.0633307652462895,93.66692347537105,BAIXO,1,0,0.0,0
243635a7d27a7e3669b6cff3d1755da45095429043ed931be1cdea92e128b6f3,0.06097646764177755,93.90235323582225,BAIXO,2,0,0.0,0
2448185102a81dfd99976ec246e09264748b58885eb8da2b7e36e130d7ca9fcd,0.03572417485652137,96.42758251434786,BAIXO,1,0,0.0,0
2449bcfa58c237ac0c1816577908dd1654b91b7ee6303c3c340069ff3ddf0a99,0.010703188051044267,98.92968119489556,BAIXO,1,0,0.0,0
244bfb15936e2fe041fdc8ab7dccc6736dccfa6d794159ded881099c5e074a4a,0.04336111740861544,95.66388825913845,BAIXO,1,0,0.0,0
245506ca5b8c7d2318d043a205466d14480ec90127abbeca9b82d7e328c73687,0.13807975292206937,86.19202470779305,BAIXO,1,0,0.0,0
248fe1eca1af9b474ac4dc60d4734c451afb533673b56dd2735da55cf844a793,0.024422969174389967,97.557703082561,BAIXO,1,0,0.0,0
2491f8e4cf0dc98546944ad14301670630fda9730141601cca348c84d107945d,0.02931667205412639,97.06833279458736,BAIXO,1,0,0.0,0
24a7f4e776b4bc1fbd3c18ecba5d4bf265bce469a66dac42cfcfd7a3615306f3,0.07936321143777336,92.06367885622267,BAIXO,1,0,0.0,0
24cdcdae33b8a9ab8cf6bd8f89ee1b30cf0e745dea008088b170021419c08f5a,0.07690864764642585,92.30913523535742,BAIXO,1,0,0.0,0
24f1538b76185a4bb02236537e56e1a23e60729c7301ea19eb344e38b49caaed,0.10678630007295375,89.32136999270462,BAIXO,1,0,0.0,0
24fe31c42bc96bc91857ffffbedfdca9a9d45c186d3a123356bd599c7c68c5e3,0.07229389820023696,92.7706101799763,BAIXO,1,0,0.0,0
25095b7e712c2639f139306fa87579be677b56b4bccc1cd9eb2577be327cc069,0.008384370514125172,99.16156294858747,BAIXO,1,0,0.0,0
250b8a1fa7c60c791dfa417140420a376dfe9bd3ef6394cb0994ed1ba5fc46bf,0.3876384426082068,61.236155739179324,MEDIO,1,0,0.0,0
2514ba724744428e8eff9b517ca2de3fda2d9de7b81d9e8b31bbd04a97775974,0.5499288615278031,45.00711384721969,ALTO,9,0,0.0,0
25337c2bfc1e0338880e0cec1814e1d233558f153720b4cf1de68badb253717f,0.9181325193700748,8.186748062992521,ALTO,1,1,1.0,1
25a9554c72d60fc3ae932907762049e92491b22ffc0b0b3b16f90244e1f43769,0.09501045588105318,90.49895441189469,BAIXO,2,0,0.0,0
25cbd4600c6e9d23fdf181f6d0af399cff7d595731b35d82409de27e7e472939,0.3725296369937227,62.74703630062773,MEDIO,1,0,0.0,0
25d42d91f7e338860582c2f0ae178dfad7157d029fcb41fe6d29283c5d465fda,0.2387951966466699,76.12048033533301,MEDIO,1,0,0.0,0
25d55e3f61ccd82717cd108a262525a24e39c5b2f53ed3d09e93a40a5f998414,0.15727626242260254,84.27237375773974,MEDIO,2,0,0.0,0
25f82876cc785b8d6bfdcdef041d984fd307f89ed598f8b04b4cdef32bcf40c5,0.021616094341350152,97.83839056586498,BAIXO,1,0,0.0,0
2612fe8a41bf8e29ba97cc088fb838587244d61f74ed29e0bccf39b90b85b7f6,0.9816356961571356,1.836430384286436,ALTO,1,1,1.0,1
26408636f1668bc3f34dd76e8ec935d409b8e5a011943dde5360797569fd2bbd,0.00942635902666467,99.05736409733353,BAIXO,1,0,0.0,0
2645509fefd40b0ceffe33bf92f9d890e403a5931f0cefae8e93c35aac598745,0.0688609437016483,93.11390562983517,BAIXO,1,0,0.0,0
26794858ccb4d78c90dc9518c26e4c92a015dd8929a727bf713757b5ce0599b9,0.030771326028929753,96.92286739710703,BAIXO,1,0,0.0,0
267fff31686131d4f64a668fcb97d556669ed93c80b0861a8a980b92df52c7ce,0.040199904305184865,95.98000956948152,BAIXO,2,0,0.0,0
2694ebc045306ca09f214645a1f0bb1747eef8968cdc0a5cda0b81d0b0d27675,0.12165232789559627,87.83476721044036,BAIXO,1,0,0.0,0
269788e10664be2d2e3ffc51036360261bc7671532f841277861cde980a5b45e,0.14952377454905302,85.0476225450947,BAIXO,3,0,0.0,0
26bb9235bb310f8b2936c7605a26bf04b27a9eed1ce008315ac23e9969b8c905,0.028471358816210716,97.15286411837893,BAIXO,2,0,0.0,0
26bfb673cd95bb39e2dbf633823f8db6e56f7ff72bc8c19b3b1b40eddb697ae1,0.007536510599512266,99.24634894004878,BAIXO,1,0,0.0,0
26c39c458b89f08afe320dacd0ed8875623bb90cf2055f4790c0595d2f43a0d7,0.024467800027456743,97.55321999725433,BAIXO,1,0,0.0,0
26e5a30b0612042fd462766983dcf587af52bbd0b80c8a65ef511f13f2ea3ecf,0.02375012181374712,97.62498781862529,BAIXO,2,0,0.0,0
26e6a78558786f86b251f5e8a898c454b1befe2c774e53a600717b3120cf9e11,0.01322652229358568,98.67734777064143,BAIXO,1,0,0.0,0
26f76c6294781591c0961bbb30b189432d7c8365bdde5ffa5fef3f416ba95141,0.03285260536762975,96.71473946323702,BAIXO,1,0,0.0,0
26ff9da8c06f1171d571f012c4e16c6d7e7470d5e55e4123b3548bfd747c9ef6,0.027278108239973918,97.27218917600261,BAIXO,1,0,0.0,0
270122265f5bf0b637486eee9fcac9c66c0397bb12b01b0db314ffa572e2565e,0.6349157193557761,36.5084280644224,ALTO,1,1,1.0,1
27040e064e94ebce805e411687c44eabf35eb284226cd91e039236f93c71b824,0.03361910891019772,96.63808910898022,BAIXO,5,0,0.0,0
271557e4f28e33d08eacb12b35709004f6b04f4763e4cf5a53b2fef2f5af23ca,0.17769016653935263,82.23098334606473,MEDIO,1,0,0.0,0
2783ea69f1412780fc7a1af2140a1685a0ebcaeefb0ca4c61fa825497501fc35,0.09300388157478712,90.69961184252129,BAIXO,1,0,0.0,0
27a3be33b03a695f38be5b5d095c67f75da0a6cba6bec8f6c077be74e3203a04,0.22123051543486555,77.87694845651345,MEDIO,1,0,0.0,0
27be6551df3aff975906f47ef7354757f0f488f1223eac06b87ec388f7452b5e,0.8143659057094439,18.56340942905561,ALTO,3,1,0.3333333333333333,1
27c726ca9d6a8b829b3edd6282ba5d6108b0777f22fd46b846e21d409e5bc65c,0.14683764268293514,85.31623573170648,BAIXO,2,0,0.0,0
27d27b48044caab9cb88f5975859708a0a697f644bd50e4dfb99f1fd03af8fcb,0.08594690963145761,91.40530903685425,BAIXO,1,0,0.0,0
27d8ce8df36b843c5ea94958a690a5f369ec680c65faf0b61fb422f2a573e279,0.0055932709381380325,99.4406729061862,BAIXO,1,0,0.0,0
27e25d87b660ed7b55f2ce4dc828732f72de7f4d8100a783d719757207201600,0.06476973508679221,93.52302649132078,BAIXO,1,0,0.0,0
27e452b2aa09fa1b6881382c7f70ce5b1d2a39638b4b8981a62b3fe3c866c3ba,0.32074696491827587,67.9253035081724,MEDIO,1,0,0.0,0
27f4dc5e23809bd29cd11f7be5eff93a4913e88799e9198145f9b679a6a59d95,0.13546667278680485,86.45333272131953,BAIXO,1,0,0.0,0
280777c3a0f1aa73b2ae21cc34577489807f04505502f81f67c5209068b8acc2,0.01208704050505638,98.79129594949435,BAIXO,1,0,0.0,0
2809de01b9b11222fb89c5c0c4a855589fd70a11d695b660ffdd8eb46dfd4600,0.3639625615169937,63.60374384830063,MEDIO,1,0,0.0,0
2820e73472cfd3e96c19b935b74dff735a7f8290b2e59975d7b89ab7f89b5f10,0.3321276523976442,66.78723476023558,MEDIO,2,0,0.0,0
2825c6468f0784fa56c1de788377c216aa0404a7cb75abc5c9c62a6f873beb67,0.04379311658887695,95.6206883411123,BAIXO,1,0,0.0,0
282ab788e93c25cba35a544ef11e2c92e48d5bce1f71f8f01ecbdb8d43101b08,0.006176138276149869,99.38238617238501,BAIXO,1,0,0.0,0
2854ed75737f3a9ff11d1d2ecbd0efa6a7e508f07f1a268db1d86644fbc87173,0.005073155648212493,99.49268443517875,BAIXO,1,0,0.0,0
285943680181475ba4f76f44d6bd9c0f9cdc839c19637cd27933602df48c226a,0.04314471174195664,95.68552882580434,BAIXO,1,0,0.0,0
286cef1c821bd8143754ad2b0c2a61316e0d506e109e5062ff136363b78a371e,0.885278402188606,11.472159781139402,ALTO,2,2,1.0,1
2872ea2a1896aafd315f5d7120a92590064a4c9cd4e498d0d4836036d5cc8fe4,0.05733989575555924,94.26601042444408,BAIXO,2,0,0.0,0
2877bd592493d0b80bbfc988736bdce572fe87e2396130554fd75bc384b2cd32,0.17074274895283323,82.92572510471668,MEDIO,1,0,0.0,0
28802d985a337ec05d24283b0bda15f1f1e3e10cc9e42a312015ea2b66d52f0b,0.06801947860743066,93.19805213925693,BAIXO,1,0,0.0,0
289e9c2db7fa724abf0a0f8ce77a6de75cbf043b646f2d2f4487f8dc53af4cfb,0.02428985251427721,97.57101474857228,BAIXO,1,0,0.0,0
289eaf178023cd524af203cc4d941e7199be39ecef1f84af913bf65620b82154,0.18010878005963346,81.98912199403665,MEDIO,2,0,0.0,0
28b69a7a37df75f1158e7bf68c3794e9ae41f949af5d4c85dc93c565b21555b5,0.07759617087931157,92.24038291206884,BAIXO,1,0,0.0,0
28b9f47330f8da25ccf87ca9849a4a3a47b09caf90d45c0e4013533c7ed4fa95,0.17596398220403756,82.40360177959624,MEDIO,1,0,0.0,0
28d57ea3a91ece2f372cb2e560bda7431443ea532d75c48a788032aca0e740ac,0.26783711073920474,73.21628892607951,MEDIO,1,0,0.0,0
28e5853c1b0ac6e286840f3d64e269a1d2dc40799e43528111fbca72c7f08a48,0.15276702488012317,84.72329751198768,MEDIO,1,0,0.0,0
28eba530bde5dc56dff81014bfd8657959155fbd4b8e4c346d5b873e1fd9800f,0.10589094261562157,89.41090573843783,BAIXO,1,0,0.0,0
28f69d5e1ff4c760fddca68f5f2aab82e4431a1b6e1f82c576f555118e9c212c,0.028060923178357768,97.19390768216422,BAIXO,3,0,0.0,0
290275e9a34605fb60440034591a006ed3fa80a355de8b814ae6fc7b4a6ba20b,0.015327684136769403,98.46723158632305,BAIXO,1,0,0.0,0
291c0257b01d70c33cc627801692e5f74b17a2cea17680467937f1d1bc84a503,0.4007057980167433,59.92942019832568,ALTO,1,1,1.0,1
292247a76b224bf9b27de99e8e349953390df8c7b4339c7535366776059c047f,0.20743648388082433,79.25635161191757,MEDIO,1,0,0.0,0
292298a8bdfbf7aaf0a94bec686556784d4745027fa8ea02bea4f15ce337533d,0.035885129661463025,96.41148703385369,BAIXO,1,0,0.0,0
29397059bc263d25944a7df7a8cf7b51e0a3307244aba98ec4b7669fb9ca035a,0.2969793750188443,70.30206249811557,MEDIO,3,0,0.0,0
2944bcafb604fbf247d87c69a59748cca9ae0c67f67a2d62cb8f785af5e816f4,0.7857473083850501,21.425269161494988,ALTO,1,1,1.0,1
2944caf8cf9228488631afc22c3158bd3d796d05559af18a4eee90f4b05f9002,0.1653402510341633,83.46597489658367,MEDIO,1,0,0.0,0
29717095c354fdcdf4a0ad1df8cc7bc37085904fa1660f1ea94eef775d75861e,0.08772345713234395,91.2276542867656,BAIXO,1,0,0.0,0
29a07141d9bb13974d5aadf36a884e50916b577287c53ebf10cddeb512a10255,0.9757327955847204,2.426720441527963,ALTO,5,2,0.4,1
29ca3d98f7c2f8753ce15429ef2035d3abc985a10b40fb250415973ac207cb7e,0.04446954038774305,95.55304596122569,BAIXO,3,0,0.0,0
29e2940d0ac13dda9b3cb2db5ccf556f5f8ed95c4136fed6ba6bc21e0f0944d7,0.0548746869216753,94.51253130783248,BAIXO,1,0,0.0,0
29e58bfb628569fcf4aba421debabfc02cd0fe67cf2eb5219c0f389520025c35,0.0632134392410576,93.67865607589424,BAIXO,1,0,0.0,0
29f064bee9d56d9fbc4d3c5390d93b26745063af42b0410e1d2b5098a4bf7567,0.006532113228107092,99.3467886771893,BAIXO,1,0,0.0,0
2a2c613f90f59f3217b6946f41859700e21456a5a262a077fbac353925835673,0.011011381795948677,98.89886182040513,BAIXO,1,0,0.0,0
2a34cb52efb878009910085189d45b8d03529b5afc91521f5323f562f3643ce1,0.17660632240510835,82.33936775948916,MEDIO,1,0,0.0,0
2a3e3b50cad1e0d4d3d6e8aca1515a756cb4ad3aafc5d12fe7b5a3f172f3f5b7,0.11362119407174262,88.63788059282574,BAIXO,1,0,0.0,0
2a403089cb712c5e6edea9b70cb440257d9cccb57463746df9af9617e68d3d87,0.8802572481864299,11.974275181357008,ALTO,1,1,1.0,1
2a567a4cd6b63d4a42aad18025cc7e7454132d8cea128397199a4bc256e28a16,0.005146791970243983,99.4853208029756,BAIXO,1,0,0.0,0
2a61c09365d15ebc5813249900b353dfd5e7f16abd6b2e3bb4feb9f56d3c3fe5,0.10398784493007271,89.60121550699273,BAIXO,1,0,0.0,0
2a6801b9cdf382de1a3a487ecdc7b77a3df79065ea144fc6d40af3f816a65eb4,0.141181199017774,85.8818800982226,BAIXO,1,0,0.0,0
2a80158dedaac143ca32486d8d9dd7efe9032558e6c87c4da528e27481bb9670,0.114723919242644,88.5276080757356,BAIXO,12,0,0.0,0
2a8269d9c9b1ab6b0e97053746b02ffadfb8b4cb28f2d010844e9ee8530523c9,0.010958493866950773,98.90415061330492,BAIXO,1,0,0.0,0
2a843abddc956ca28ae7d6f10e5cc1e4c1016295fb1cfab770255fb8d7f068ef,0.2177379126324891,78.22620873675109,MEDIO,2,0,0.0,0
2a8eb98b9077b1e08efc2fd239b933afef7f30e37957436c25dd57f2cf2d8443,0.3331260144083129,66.68739855916871,MEDIO,1,0,0.0,0
2aa4aa9567adf58edacca442852ef827b0c708631de825a5462fd05094e6c923,0.15651986667354767,84.34801333264524,MEDIO,1,0,0.0,0
2aa4f0bceaf8107d81a41f415d89d5a06c8ae390a680200b3c2a46b9ecfa2c32,0.015822235196934292,98.41777648030657,BAIXO,5,0,0.0,0
2aaba6c1526fec689b55e2494cbaeda7dd614689871b300c3d43a079a51adee1,0.08933570644628784,91.06642935537121,BAIXO,1,0,0.0,0
2abc15cb932798e86feb9e38fbad033c329a9c5e5af25ec6ba295054c81adc68,0.012977082827021518,98.70229171729785,BAIXO,1,0,0.0,0
2aced40c796e5743916999ef05d1454f28290b58b932db98d7dcc7f35b5b4543,0.1462520774287641,85.37479225712359,BAIXO,1,0,0.0,0
2b1255c8b965111a093252300546e2eef9706c801eb0c8ac65bad37ef9727f21,0.06914094161729402,93.0859058382706,BAIXO,1,0,0.0,0
2b1e1268e358c21127e0502af1a2541275cb019b5a88eaee8a4a3fca3bb3fa66,0.07494484365953925,92.50551563404608,BAIXO,1,0,0.0,0
2b5f52793e4407b5453244e823fe87af742bca6cd6b5438f3a61865891e7eae0,0.44222739592787247,55.77726040721276,ALTO,1,0,0.0,0
2b6e9191db91968fc8511ca96771cca5a0a88127920a84e92a148b2a9c6e3131,0.00428399817551315,99.57160018244868,BAIXO,1,0,0.0,0
2b894a48a9ffcaec3d788fb73219cdc555f4eddca9cc0509c09710bb898aa68a,0.20190544320553272,79.80945567944673,MEDIO,1,0,0.0,0
2ba53179281f7cb91d0b016bae38dfd2b489cfae6a2bb2e7382eb47282e9b209,0.032456420384465404,96.75435796155347,BAIXO,1,0,0.0,0
2bf7d5249fe7a95743eb17f84541993a51c1b4f81210e268ce25f0562f9e7f8f,0.09426558277091526,90.57344172290847,BAIXO,1,0,0.0,0
2c07f2bd2dedb9f46a8d110dca0b9e00135c80241e5d5d2869222e5a43db5d68,0.07125297783982809,92.8747022160172,BAIXO,1,0,0.0,0
2c2ce7df3de06237f26bf111d65d4f08256c75c8f5fd5d06e27dea548c5f86b4,0.15511001684334214,84.48899831566578,MEDIO,1,0,0.0,0
2c30d1dc2296ab286b9922e0706e0827d09724996fc26a46209c92bf47134a0c,0.008539694872078684,99.14603051279212,BAIXO,1,0,0.0,0
2c43e5f3d0eeb16c58b9af3af719fba5a17df1f16924205567f6f89218498d47,0.25458411106207673,74.54158889379232,MEDIO,1,0,0.0,0
2c4ddcfa323677b2430120492e4b16269067b707c00dc1a8f81914eae15f9a72,0.10927682993166894,89.0723170068331,BAIXO,18,0,0.0,0
2c5eff37955c1d4ffaebd3f1ccb1d27dcc5dbb1249a8199540f407984fb0787e,0.034614217458655665,96.53857825413444,BAIXO,1,0,0.0,0
2c62dbb2372073f626cc91870e5f9c05ba748fd1de6c4a9410f4665185a16631,0.008870563452692826,99.11294365473071,BAIXO,1,0,0.0,0
2c64685db989d9b5d378495a72bc89c1434aaf28bf10a7bf4a295ab869ad88d3,0.032748431898057054,96.72515681019429,BAIXO,1,0,0.0,0
2c76896b75ff34c042c69840e626f140687b5dda91a680deb22f8ffe2359be8e,0.01452226308234625,98.54777369176537,BAIXO,3,0,0.0,0
2cb543c0b415603a3f899c1318f5b3886a60f82599c6a0255bf74e7f3f91be38,0.06663720038600719,93.33627996139928,BAIXO,1,0,0.0,0
2cbab7ceb37b87c5cce99cbe02f8ef10a66a3ff3c8c2613de08b1d4cd2b772ab,0.2252334736542661,77.4766526345734,MEDIO,1,0,0.0,0
2cca681862427cf043a26c23cb2f677453ca84322cb9cd3838e76a5ac17e2a39,0.019627615977892976,98.0372384022107,BAIXO,2,0,0.0,0
2ce95c8ed8e63ebdff3945741829d4ad02ccf66c27d0ed0c2daa7deb4088faeb,0.05232521556339402,94.76747844366061,BAIXO,1,0,0.0,0
2cff1f345c12e1db89100f59dd7fdc0dbdfae8a953aa1d5e267c6806a743a388,0.026866391712257597,97.31336082877424,BAIXO,1,0,0.0,0
2d1a1af86799450bf86a2e7b065e282c91d7ef8ae23ba0a63de5b1e39aed05d8,0.014358361768516993,98.5641638231483,BAIXO,1,0,0.0,0
2d22f558b5a8b95f45a194b9697e1da19e6b33feae2ddf6fc5601be15d72653d,0.1637220489705942,83.62779510294058,MEDIO,1,0,0.0,0
2d2504ab9d25f3f4bcfa14124878784e4e62b98a7a334b278d21952960e00731,0.04153071074387394,95.8469289256126,BAIXO,1,0,0.0,0
2d470537c5ec3d37aee71f3f6c9b01388edab0e16ab9048cd4c022a982563a9b,0.12486170020915069,87.51382997908493,BAIXO,2,0,0.0,0
2d586382d9663accc39f6ba7af1e7077f33f9bbc3679b3da9b28afffd9daba1b,0.035159578117057035,96.4840421882943,BAIXO,1,0,0.0,0
2d623189948a2cd658ecd66788639250ff5c28e59c5fa5d55064284d72a682dd,0.013896484651750847,98.61035153482491,BAIXO,1,0,0.0,0
2d63be5d720544006822d0fcb7bbdcddbaa11ec6d169926be3649f889c24c8fe,0.23545690829900484,76.45430917009952,MEDIO,1,0,0.0,0
2d65c0039c7407fec9c9013e405e6bec3d04d7e75a2f2e7a8ff583ddcc24950c,0.007603801048044338,99.23961989519556,BAIXO,1,0,0.0,0
2d94b7a7d8d4f1b8f3c603ba716d45a428f0ac63fd565a4d090d716d6d4411d0,0.02494376592324613,97.50562340767539,BAIXO,1,0,0.0,0
2dc21aeec055785f663a15da894bd0606225a118cb6d1798bc68819b668105a6,0.11327913965688623,88.67208603431138,BAIXO,1,0,0.0,0
2dcf86e2a08c274836b25cc7f2eaf850103004d6d8310e6b7c01b46a3bd98fb9,0.9798396415312337,2.0160358468766293,ALTO,1,1,1.0,1
2e1210bf113f384a22d66b4a2bd6fb98e3dffa7a140655c88ba12b3f80745462,0.20335204913258073,79.66479508674192,MEDIO,4,0,0.0,0
2e36439a3ffa0bc18778761142f7de2b28193fd00cc96cb79708fa217f32ebb0,0.005984827540754399,99.40151724592457,BAIXO,1,0,0.0,0
2e424d0a1072fc6d806641422be992dfb48e746b8b5795766763952f025b0719,0.032443165742510834,96.75568342574891,BAIXO,4,0,0.0,0
2e6981b09e4757cbed6181cb4efb97145d43ac3a42568f6b1409f68b593e02f7,0.8311000440034946,16.889995599650543,ALTO,1,1,1.0,1
2e81b9b28e732731d4706e85fd478d30a270a01eba713c38b2239181b66713d4,0.023210540173286467,97.67894598267135,BAIXO,1,0,0.0,0
2e9b9c287a6040468c45ab5d116bd479749b33797631bb6ae10c49c2324d218d,0.035480119140217106,96.45198808597829,BAIXO,1,0,0.0,0
2e9c07b39abd8177e68287296983ea230ef20bd585c11ba6c30851c3a5c2aa35,0.19964616965779983,80.03538303422002,MEDIO,1,0,0.0,0
2ec213b761ca340ef51d76bc44cbaa6e74fb0254edcd58970799c7da2597049b,0.6796392479168722,32.036075208312774,ALTO,1,1,1.0,1
2ecec581057f1516a82736b9edbea1ca632ee7b32dda270cbf396a5049a3ebbd,0.060944148573567475,93.90558514264326,BAIXO,1,0,0.0,0
2ecefe1fb69e2f1951e1e94653cd2e1ffc9563a2e33e49570a1a55f04d7dfd9b,0.021389061163989146,97.86109388360109,BAIXO,1,0,0.0,0
2ed631e2bc0f40e84aa09559257037aaec485fb7a063ec774d047f9f03016bdf,0.15202913796112302,84.7970862038877,MEDIO,1,0,0.0,0
2edb6e3a4cc436cdb4ba0032ff31208d1a6ee37851ffaf12c7b90d6bb7fd1006,0.05400506366559719,94.59949363344028,BAIXO,2,0,0.0,0
2f0490cd36dc508f912ea313db1744e9e284297c2a3b1f93246982c5b93b9215,0.017918012349314946,98.20819876506852,BAIXO,8,0,0.0,0
2f0f483aa786fbca5d1a917228be945ce0a89ff9575a7ecb89600e9044bf8e7c,0.020640254310942508,97.93597456890575,BAIXO,2,0,0.0,0
2f1eb42fb96ed1f4cae6876a1a5a71af8bea9a470e8ef30c94fef29250a2c5ce,0.009688638936713399,99.03113610632866,BAIXO,1,0,0.0,0
2f2b06d6871e0d89dc944b00c67ffa592490348c485bbcae7aa42bc873505aa1,0.042691295917344524,95.73087040826555,BAIXO,1,0,0.0,0
2f2cca29cce48e87ada948a837c0f321f1b5531efefd5f4e2101a62ae2f50b1f,0.05067471934354723,94.93252806564527,BAIXO,1,0,0.0,0
2f40c11afd8d3a4a9ac64ba3a2dec74c8ce58054afddd826cbd46522fdf66e08,0.045459016797604654,95.45409832023954,BAIXO,1,0,0.0,0
2f4d2bef8724937fa04767b80027134459b9bd79af4afa15a00d38a714ce4061,0.05374912501292862,94.62508749870715,BAIXO,1,0,0.0,0
2f73e60fd283ab41f6fef27116a401ea9bba9b709996bd63369f5f850a915654,0.028861913924649034,97.1138086075351,BAIXO,2,0,0.0,0
2f82f1a5d3ad182dde4b13e39204eea7e31195ccf9420c1457948c099e61b481,0.10916518412330838,89.08348158766917,BAIXO,3,0,0.0,0
2f893fe7e35cc925617f43a67ce00adb9259d65eb498249ed272f6be68a48873,0.025425335426059143,97.45746645739408,BAIXO,1,0,0.0,0
2fa7c2fc66bb50323d4dd059b5d2986b36969dae08e5bc4b43474623d15efc4d,0.978170101865415,2.1829898134585024,ALTO,1,1,1.0,1
2fc415ee3bee6344d032fbd300cf71034286b36dfb9a00d151dd4ff0214ae3db,0.020453010395174973,97.9546989604825,BAIXO,7,0,0.0,0
3000e7c42ebaaabb6ad2d7b538468f6cad4f3db5db538ed6582e20bbe1e6311b,0.012654763846891463,98.73452361531085,BAIXO,2,0,0.0,0
30180d2558966e76fb70ebe35cd6cbe5c8f96aaafbbb6680edc4330e2127dce9,0.1431254842463615,85.68745157536385,BAIXO,1,0,0.0,0
302c1e2ba8f7819f49ac088967352d1ac8409dc2c0373b98700bcd23e6a905e2,0.09933427718644318,90.06657228135569,BAIXO,1,0,0.0,0
3054dfbabddaae322d6597e3ccabc37b221ca419ed3fee9a17e703b60f3e36b4,0.012490765839809504,98.75092341601905,BAIXO,1,0,0.0,0
307519b7d233dce982cab04117d46fb8beb74aa7ec9c000fea73bce11d1f710c,0.26275638270047336,73.72436172995268,MEDIO,1,0,0.0,0
309f5ac089ee093c1f0dd1e75f1f61feb2ae0519ac19beccbeebeff0386c789d,0.04186077192888617,95.81392280711138,BAIXO,1,0,0.0,0
30b091e0a8a1c7a374bbaacd4f31218145e48ccfd88a8d60278e7eac2ad5aa20,0.3528838126567094,64.71161873432906,MEDIO,5,0,0.0,0
30b60662a40386ef1af111b79e03ff866bcd4ac27caa1d009f933dacf54a80c2,0.04417655372739235,95.58234462726077,BAIXO,2,0,0.0,0
30b908c6ba2d5a0792a844407d1c7ee69185c9386ca2be6d90e07f7cb366e1b1,0.9133020861410476,8.669791385895243,ALTO,1,1,1.0,1
30cced298ce4f4f5a0008f99ee2a7ca03974decb7b4f17206c4694f765aed206,0.06218463894687611,93.7815361053124,BAIXO,1,0,0.0,0
30db5de3142ea13c1c364ded4b6787d61afd1e058ba33b98e72280da496cdeee,0.11563695451598956,88.43630454840104,BAIXO,1,0,0.0,0
30dd1e8339cb13380ae7f3493740684c5371b95fdf490f389d9af24389fda0c0,0.5338249055172702,46.617509448272976,ALTO,1,0,0.0,0
30e778ada5f534258f3a2ce175e0e88a4c0ccffa43e7cb35f043227a165f155f,0.05378848767546135,94.62115123245387,BAIXO,1,0,0.0,0
3118812d006e8b313669641c6abe5b3d9a6c01afd6be9a787b31a08d880fd563,0.48682969239593044,51.31703076040696,ALTO,1,1,1.0,1
31362d843afad017bb9671cbef186794ce875e49aa5cc2661fb4e2afd66da75b,0.3228480051542124,67.71519948457876,MEDIO,8,0,0.0,0
313700cce94a05c8e161b509d8d84b87472bc900c415e3c4e5f68fd098c5db57,0.05433771272068534,94.56622872793147,BAIXO,1,0,0.0,0
3159e09812e19c819dd1075226d9c385593d45585f357228a8c92b226147ea4c,0.031725961083099156,96.8274038916901,BAIXO,1,0,0.0,0
316039a639edf40b32f63b9023d0ce0a79a5bc5d6e3764a038729e1b82fc10b6,0.07969424740188132,92.03057525981187,BAIXO,1,0,0.0,0
31a9481eeb3dd0b43e19688bb2ea7d3c5fa2f16b9ff126c02586e1c9cefd8e22,0.010641700668686587,98.93582993313133,BAIXO,1,0,0.0,0
31aa43e35784539a267936f53390ec64c1d2f8efb67f40bd8662d4e738bac1b3,0.3701085759582172,62.98914240417828,MEDIO,1,0,0.0,0
31b531ae63ae3c9f8387726a089c98fa4efb9a7b41b62bc935c6825ef460f3ef,0.07017295334493326,92.98270466550667,BAIXO,2,0,0.0,0
31c504eb72f409d243da1f395d80ad50bbfbfa2633ae7e250d972a0f27d6fd62,0.13791573364161017,86.20842663583899,BAIXO,1,0,0.0,0
31c813fae7706ea0b377934ed151e38aae91f739ae3879c0e5218990829a0feb,0.09983747722925765,90.01625227707424,BAIXO,2,0,0.0,0
31ccda0fa3341d4aaa04b9a21a57c493f52db639b855c5261777d345d8d21a51,0.014893214949857639,98.51067850501424,BAIXO,1,0,0.0,0
31cd4b1c3b014d02dbbba7beae01fa32b67aa7b5447ecb58ac7f36bc771cda49,0.0453105760779265,95.46894239220734,BAIXO,1,0,0.0,0
320e7c08b9b8f7a8bed9ddee58e605207a73cf8d98d29ec83a88ab754ff2e150,0.0034349399342057303,99.65650600657942,BAIXO,3,0,0.0,0
3234727618baf039c503cce23a1e046c752d2676d69308e3ac37ee162d84c7e3,0.07322440874257592,92.6775591257424,BAIXO,1,0,0.0,0
324f98945f61bc4493cf59ebfce36378098b4be3d4c4be15ebc89e9e1b443c70,0.03843506537789692,96.1564934622103,BAIXO,1,0,0.0,0
32599c6892c56a10ec96da22c8530b89d0cedadb2356b100fbdf27148d7cf127,0.10465569147206256,89.53443085279375,BAIXO,2,0,0.0,0
32662e6a6ffcbaf52c6b18d72fdd8a3dc28a334a106160b1ec378e5f88499829,0.04637899152844732,95.36210084715526,BAIXO,1,0,0.0,0
3275c2390cb34073400d92449b6837f3082b1a2b2eb0a3604a1b4291c1d36f80,0.005699589605650187,99.43004103943498,BAIXO,1,0,0.0,0
32992f897f5871d1798c17f9514331279eb50134e16e0d23efa7bc46066a14a0,0.24166742276686848,75.83325772331315,MEDIO,1,0,0.0,0
329deebc2328ee0776b412902ec8b1e32c61b9587d10635bc9e74f38a850710b,0.06451086344873382,93.54891365512663,BAIXO,1,0,0.0,0
32ace86d8673cdef50de53317a3d00ba9313edcb538f5a077154e239c5af2693,0.031037725785371145,96.89622742146288,BAIXO,1,0,0.0,0
32d39f3f5fea3a940605b346ecea4583f505e81c3fed975a5a3271b53d47eda0,0.19538501041910414,80.46149895808958,MEDIO,3,0,0.0,0
32d9864b23824f555daaf37e96bf6dd3c624f7207da009ded14b97155c2a6542,0.4067461973701904,59.32538026298096,ALTO,1,0,0.0,0
32db2f84b28fd756455ee98ce839b7120cb7078fdec329565a2a2e516047605c,0.8149642713293319,18.503572867066808,ALTO,2,2,1.0,1
33039c10beb2cb1c653b297ea324f73b2e3d24622037dc18ea07335efcaff102,0.05737734284712673,94.26226571528733,BAIXO,1,0,0.0,0
330823926ad12050c2b7af89dc6d9d17116805c2b41ff26a0157e07acad05956,0.1047740689757043,89.52259310242957,BAIXO,1,0,0.0,0
330926015041c544b82879f6f9ea0e9b9d6e3c236e11724dd25e501ddaf52be4,0.08429799440075172,91.57020055992483,BAIXO,1,0,0.0,0
3310ad964b23c3a8b2f7ca5ffca4e09a1db5181c1f1422ddddd5851b897368aa,0.029853302593507988,97.01466974064921,BAIXO,1,0,0.0,0
3310f90fa087f0d92a53c8970739af3627fc48fde8a75677e14860dbe84208ec,0.0735668114586921,92.6433188541308,BAIXO,3,0,0.0,0
3311e1a1d6e584f4740ebf97d98aad9c0cb862726b5f425520ecc99f41d27403,0.1618961877103923,83.81038122896078,MEDIO,1,0,0.0,0
331bf7530aa22a1c40b6e3402e15a6c516d976eca8c7182d5ec1e08c6e3a1093,0.45023340715023913,54.97665928497608,ALTO,1,0,0.0,0
332412f3706fe055e7bc1b3f7a1b79ae3d76575c064e2f260e376f1fa7265fc0,0.1176785652600082,88.23214347399919,BAIXO,1,0,0.0,0
332a83a21849b3501494021c208398b7384172393c2b7198f8d3d03356c72d65,0.0757054364543588,92.42945635456412,BAIXO,1,0,0.0,0
3330e245119b2c29f896a616b6089e1cd6fc24bffea8b271aa7db3b66f3324f5,0.12693564301723217,87.30643569827679,BAIXO,1,0,0.0,0
333801b4183b8a249cf62ff3d8d2d6ff159c0f97151cb4df0b538930355cfc4f,0.00943021351069106,99.0569786489309,BAIXO,1,0,0.0,0
3341f8b783c40e584e1e37457c963691a16e49fd964a6f334aa6ab92352d22f1,0.15293647761557322,84.70635223844268,MEDIO,5,0,0.0,0
33474c5b5467caf2c4202224fc812ec053a4ac33c56a8ddeee87f7ba52e703ac,0.9160096649453279,8.399033505467212,ALTO,4,1,0.25,1
334c12c4532ddafc59fc72b6f030719063943618561fc552e300be8ea89719d5,0.06602993835689959,93.39700616431004,BAIXO,1,0,0.0,0
3358c2f983391f7a5bc61449bc32a350466d1731453493a10f0e6b68e169a4a4,0.07742885955663638,92.25711404433636,BAIXO,1,0,0.0,0
336253fb694851f87c3fcea0f08bcff673070a5aae468f6ab07e503f25184d69,0.011479547948730164,98.85204520512698,BAIXO,1,0,0.0,0
3364c42738e462c15a261cbe26362a809ba23ec72690e131300d63d2b7073dec,0.7210415104633773,27.895848953662274,ALTO,1,1,1.0,1
33727e7e64df6ceaf689eaef0f7f381961f8b73dfd630504668d9f558aa1abcd,0.011964427440270571,98.80355725597295,BAIXO,2,0,0.0,0
338290320a78acce290f2f02d28b4efea12c1f242fdf9a71fa77cf05dd9eb088,0.06600827124061709,93.39917287593829,BAIXO,1,0,0.0,0
33ab72116ba6512ea93fdd0fd0c54ab8edd71000b90f570e5cb55a7d296219c9,0.04111763801978293,95.8882361980217,BAIXO,1,0,0.0,0
33af30d761e617e28b4e23326de4c0075d0a6a25ca4e1be8eaf2a676c1d0e891,0.022137910363857354,97.78620896361426,BAIXO,1,0,0.0,0
33b1c9229102cabf0cb5bfd205a67e823fb52f9c92b7f7ff48cb2287b3c46e98,0.03427934708375187,96.57206529162481,BAIXO,3,0,0.0,0
33df23bc84aa20762fa1c3e25c387de1842817a01ac2c38bd39565255710ff1d,0.08582286410929181,91.41771358907081,BAIXO,1,0,0.0,0
3435128cc718f6dfbedaed021c22c742f8de37069bc8c0c28bce21ca59c059aa,0.1265058098433568,87.34941901566432,BAIXO,1,0,0.0,0
3436c377830cf6cbbf6c9fdecdfe59bccf23365fac715e3a83b8c29948c65f6e,0.13188078946111517,86.81192105388848,BAIXO,1,0,0.0,0
3452493ec5edc2bec4107057451cdf79158c8e45e180d2c504f781192b1af3c8,0.06242734385165159,93.75726561483484,BAIXO,1,0,0.0,0
351cd6d52683f34b2a903ecf54a05a979b8aaebc0651609fe819cc42db9c06a3,0.005480526515712678,99.45194734842873,BAIXO,1,0,0.0,0
35345ce36f5b4bae10827ea38ef5b49abb4aed4da89547f657c3b8678d02570b,0.15925080729211358,84.07491927078864,MEDIO,1,0,0.0,0
3539e771e87b659d891b503c90df9ede2f163e765126aab12ab5a5e0cf0d6b9b,0.0638200303811704,93.61799696188295,BAIXO,1,0,0.0,0
354f60034a582155775588b403dde2b0a98814db4c9c16d696803dd6a0b4ccff,0.022767525923967757,97.72324740760322,BAIXO,1,0,0.0,0
355617e7fab77eb1b4834f51315fd7004d19a98f2173d2ab8aedd009463fc8a0,0.9780802462599839,2.191975374001609,ALTO,2,1,0.5,1
3560a238e4aca4d7f033ab892bc48262f45b7c3318993985454e270d2dee31e1,0.14355583833977964,85.64441616602203,BAIXO,2,0,0.0,0
35774d16c090d03c475ed1b3ce638c667a60d2ad3f91c18c1f319064667a19c0,0.021252057370488155,97.87479426295118,BAIXO,1,0,0.0,0
3577d416e4cab6e52cd28f1edd7910cd8d1b6d8ba229f9463464783461096514,0.14768386124149804,85.2316138758502,BAIXO,10,0,0.0,0
358d274c6f3273a4ff62ecc57b6af402e7eacc127e7fe1da3ca133eb6019a04e,0.10138845968653593,89.8611540313464,BAIXO,2,0,0.0,0
35a71d20ace5feda1a316b37d759d93dae85d311aaecd71f9f1e19f865c56b25,0.03394192057301761,96.60580794269823,BAIXO,1,0,0.0,0
35f29b6fbc1433dfc091ad06c6071995174828c910da66851bc7d1a1fd42cae5,0.05325912454530477,94.67408754546952,BAIXO,2,0,0.0,0
36064559dcadd80039cde4839b68fa13dba0eed3a93da237bade28367823cce6,0.011370680179855992,98.8629319820144,BAIXO,1,0,0.0,0
3607d32d033fb87bb0f2476ddd14d3a3483e87210b398270ee92fcd7a6257632,0.046799825125163036,95.3200174874837,BAIXO,1,0,0.0,0
3628b93465385ce2b5903b29cb6a64479d72e7105c45f6feb29c3a3cbbe1ffea,0.3680549134809972,63.194508651900286,MEDIO,1,0,0.0,0
362a68131f90f06546afc128fea70e638f504eef058bb9c02050d7bb0fc7a748,0.01093187952477397,98.9068120475226,BAIXO,2,0,0.0,0
363f14e287fea2f712d065f888de77db3cd139c0ece16fafe60140f3e131b983,0.128784723142952,87.1215276857048,BAIXO,1,0,0.0,0
3643f7ed46e0f71abab08862d3ecd21cd97019f1ee5988d3207b186187d92851,0.01747802395253336,98.25219760474666,BAIXO,1,0,0.0,0
36558f3000fae80b0a78a718e81d2fb974e75e4a3af0926786a462243c0b69bb,0.05772926136507697,94.22707386349231,BAIXO,1,0,0.0,0
365a17c885f4b767c1466463dfaaa1d3219fed4648a0e17f8b364dc9f221fd3e,0.05571780551705391,94.4282194482946,BAIXO,1,0,0.0,0
3683e498fd2edafe869202783419cb2c9d06c60c4a63e18072ff52b329e22993,0.1755597230326976,82.44402769673023,MEDIO,2,0,0.0,0
3694bcb61ad7fdc58eeec476e8f06aa2babee6541b2f0308e8116378a15992a8,0.043991885966201835,95.60081140337982,BAIXO,1,0,0.0,0
36a19daf91a10d4eec8a6efd85b50fc5cbe73e2a168cef05ab8ebd46389889ee,0.011370680179855992,98.8629319820144,BAIXO,1,0,0.0,0
36a4257f7239b5c3026fb1a7c494a00bffb6f3cc93fb5e0b432a0ca51ccbaa51,0.07515458697432816,92.48454130256718,BAIXO,1,0,0.0,0
36bb0b80646c7b7a5258146f13da7b9830cac081ff5a1879c793c2e6b79f3852,0.043943178325352425,95.60568216746475,BAIXO,9,0,0.0,0
36bd0fb2aff605de694d907a2bcaa47bdce59298e77d535de1ad1434989e9e1e,0.00911949617660747,99.08805038233925,BAIXO,2,0,0.0,0
36cd2d4bc327702d87d18e5760e3679904a4f3de2b5071bfc09e9b88a4d2c25a,0.022778541558728584,97.72214584412714,BAIXO,1,0,0.0,0
36dd44d53b525f3d827819797cde8974f961c4c9d413c4eb64f5a0b87fc8fa70,0.45183333334303666,54.81666666569633,ALTO,1,0,0.0,0
3700804c79f34800a061cd4e832749640c084b85a56b26bc8ce7f15a847e8065,0.06435209571798868,93.56479042820112,BAIXO,1,0,0.0,0
3709b8fc22940f82699893e1d5ccd85fffab3cb8645e2d5b8d491a28d577e124,0.15840340337450992,84.15965966254902,MEDIO,1,0,0.0,0
37111538b4924b0bcc81cec24eaeba22bd64789480462751ad7caf4765a4e662,0.13659903117651534,86.34009688234848,BAIXO,1,0,0.0,0
371a249576cd16860d46c75a55526e7bd19a0ada22137c7370623bc07bcfd2e6,0.17375147055880744,82.62485294411925,MEDIO,1,0,0.0,0
37439adbebf487038c57e4839277c353f7c8ba3f3d1c20f4cd96be16d0c5df2f,0.040624075788364966,95.93759242116352,BAIXO,1,0,0.0,0
374c2d47d6f6a2acaf0d076350a49929984cf4bcffe0200aee577ceec755f855,0.044998068070603976,95.50019319293959,BAIXO,1,0,0.0,0
376f87f863c94f25625b27fba39fc37763ea834245b8e484125e9837dce97824,0.009272304777060732,99.07276952229392,BAIXO,1,0,0.0,0
37749fc1f24b170c40fde9c10e124debd8ed1be64e7edfee2ab719207226b9e6,0.017687463999344875,98.23125360006551,BAIXO,1,0,0.0,0
377ab96e9ecd703c64ec3a45fd18395eb960711aefeb45573cd47d0fc0db6232,0.08979505570122652,91.02049442987735,BAIXO,1,0,0.0,0
3790f9c5c35b70493b6975cb75c15913711e7a3d9c714b458d725ddbcf71a966,0.23333524181858128,76.66647581814188,MEDIO,1,0,0.0,0
37b768e46e89ff270c6a15eafa2b027670c3018391e6b2fa4c4225456f83cfe3,0.14483468444438596,85.5165315555614,BAIXO,1,0,0.0,0
37d31fe0db23db7cb613ebc7d5faa41b81ea4c443012982917173fd22cf23aa6,0.06804787149325228,93.19521285067476,BAIXO,1,0,0.0,0
37db003aad9b1117cbd996c301c83cb15b0f6f1663b7c7252dcbdc39243b0d2c,0.303719766452404,69.62802335475959,MEDIO,1,0,0.0,0
37e58360969211e74359a39dec5d9ae490a04aee626e66163ad4116605cf5a82,0.028500768501430088,97.14992314985699,BAIXO,9,0,0.0,0
380c3ff0599edee8b3ddaf7388ffba12c4fe878fbce20c7b0986490d9e9e3f73,0.042161421220436396,95.78385787795636,BAIXO,1,0,0.0,0
380d46612cd3478af75e0c44b8dde7a233afd6987c4e42c9f26d2bb448f9d4a5,0.011013594929004883,98.89864050709951,BAIXO,1,0,0.0,0
3819bf3f7c2744955330752b3cb803aa01b911c067626d7640b433f053dbab36,0.05924743153407162,94.07525684659284,BAIXO,1,0,0.0,0
381b6e36d4400b90b291faaf4b8ca541a866dfa2ba779e9750da1521de1ed043,0.03866989655481911,96.13301034451808,BAIXO,1,0,0.0,0
383a5b130c4ffc93483127fdc578bcd0dea3a416ffdcc88b3c1dc4bc1b7093fe,0.08119826339774203,91.8801736602258,BAIXO,1,0,0.0,0
3846e184cf757f0e4f246993940987101ec96509d96ce5c88678e2892f9165fa,0.8403677196502243,15.963228034977572,ALTO,1,1,1.0,1
38489c0e4c7a2204a249f8d41c0a884362d34beab37a7b7b641a7f31a71938f6,0.22287804776187925,77.71219522381207,MEDIO,1,0,0.0,0
3851a7b864e0286fecd66db3e7ea1c681c6aa8b058562eee245681655989506a,0.01959067588167644,98.04093241183236,BAIXO,1,0,0.0,0
385a77857182908c1e81ffe56b25f0a99d96887cd6863a553447fa15862e9595,0.06445917380067885,93.55408261993212,BAIXO,1,0,0.0,0
3861fc4dec03c2d07c2dbd7f3d80408b50e372c43e33b954d824069c6fa68956,0.01711948447035375,98.28805155296463,BAIXO,1,0,0.0,0
3881d929a26ee92e746463f29d58b0d087de4333aadc72141b45dc22a575a720,0.11090877808425624,88.90912219157437,BAIXO,1,0,0.0,0
388a225124d5e21350c3e52950d1ac779122577b8b153b28d28fdf2ec0309c44,0.2656310401428992,73.43689598571008,MEDIO,1,0,0.0,0
3898c9e64f56aa8b4f911a473f4aafc84d3999912214e349c27c2617cd8866e9,0.1826549544967294,81.73450455032706,MEDIO,1,0,0.0,0
38aa159485b3709c42f031d500ff762e3907b6aa3f9466bdb84144d51c52476c,0.03667737628880404,96.3322623711196,BAIXO,1,0,0.0,0
38bc5553dcf877acb0773bff413ec1ad755d076d58cb71c469c48bf62f7285bd,0.02456944384704182,97.54305561529581,BAIXO,3,0,0.0,0
38cfe1ba5f3475cc1fdbd84b9c86704824928de42299fec4a0e58d0c052dda01,0.05810405602482043,94.18959439751796,BAIXO,3,0,0.0,0
38e8fdf432c05a5e4ad96c2345444a2dcaa2bc408919f760ce9aba6f63b05d53,0.2078097776588593,79.21902223411406,MEDIO,1,0,0.0,0
390b262f99f136f6fdaf17926991386f83a4dcec9c756623638234aa81b76aac,0.017237943440404076,98.27620565595959,BAIXO,1,0,0.0,0
39107ef4fc4de3f511afbba93d9ce271023c61040ca5c4c7842d940882d4cd10,0.058303873460936566,94.16961265390634,BAIXO,1,0,0.0,0
391653ceeb9363a5aec7db49c553a8bb51e4d51888accf9f6b007d3d286ff20c,0.006746591472534025,99.3253408527466,BAIXO,13,0,0.0,0
3918aa444903cfab14213046ded6130b9926334d7aabddb54f73d297ef94ecf1,0.6092992224802743,39.07007775197256,ALTO,2,0,0.0,0
392e77f0b67d0d68615bce04239e08811274d7139203082f188046a034e88bbb,0.07860864483032565,92.13913551696744,BAIXO,1,0,0.0,0
393189bf4f534277793455b929e2e9ff0421fb8509217897e03648677ec6767b,0.17052984999990747,82.94701500000924,MEDIO,1,0,0.0,0
39433ae72281095ade716a00b304f2563726aca445d8f1791daea8209f5850b0,0.8027745345189984,19.722546548100162,ALTO,1,1,1.0,1
39529d2d8f323731735e1b13a7f041dba45e8e301b3557e3f1b8be006490db11,0.31161342821103954,68.83865717889604,MEDIO,1,0,0.0,0
395c55d0aa5dffa45ea56f374b1f7f9a268edaeddbfb28d25045691d6437f45b,0.10375399802079319,89.62460019792069,BAIXO,1,0,0.0,0
396fb9db79d1e91d50c61f580acbe8c30f669bc0fb1532b000b6cce1545025f3,0.02649268626579012,97.35073137342098,BAIXO,1,0,0.0,0
39711242e073ec7308803d0f01f6a8e9443a584ce64d9be0c67d193c18865779,0.007053746766052937,99.2946253233947,BAIXO,1,0,0.0,0
3998eedd9e5195e7be9614c5532f327fc3545f092eeffd74aea93d9004b5073a,0.8490392611931097,15.096073880689032,ALTO,1,1,1.0,1
399eb4a2b080d58daeba88c26ccc1d3187871d327d842596430f16ddeb18543e,0.14254063152487267,85.74593684751272,BAIXO,1,0,0.0,0
39ad7e88d418f786a8b2e01d87ca05fc30462d1b00d3c55dedd259190373a8af,0.01838676566368993,98.16132343363101,BAIXO,1,0,0.0,0
39d72b6047f3573ac1407bfc2436ded8b635e84cc56aaa96a5d16db3facf0cf2,0.01409157379698916,98.59084262030109,BAIXO,1,0,0.0,0
39e1b53d62659c581b97a0d7a70cb33e6c65e9154eb3b17d9fe5b054d77e5d92,0.09021719293871472,90.97828070612852,BAIXO,1,0,0.0,0
39ede6a12663797f243d269b09e37d07f0a54a2928413dd194d7418d3f675885,0.09190165256189363,90.80983474381064,BAIXO,1,0,0.0,0
39f1b7de2d7f7e94a3711194fff411ee2fdf8042030551410c8cba7b198dff94,0.026575932815022758,97.34240671849773,BAIXO,3,0,0.0,0
3a0e4e4927bc6fc121b4873a19afb5e1e36ad0e79628152274031c58440760f8,0.02407792825965579,97.59220717403441,BAIXO,1,0,0.0,0
3a158e0cb0bfa3a89387f970442954b00c0bb09a9e16825b7ff358c072ad07c9,0.9589214963486703,4.10785036513297,ALTO,1,1,1.0,1
3a2d6c7ed1b502598ffda4772c7b7e937338a97af5537b310a380c33dc65c8e9,0.3387499232531269,66.12500767468731,MEDIO,2,0,0.0,0
3a338aed1ffe291adf6643c8da5a23e57dcde92c4fa6fa3e47b9e7c4c434d6a9,0.04291449485499898,95.7085505145001,BAIXO,6,0,0.0,0
3a3ae5d0c1b95819f2910e04214160589db0bcc0bff35dec7dc004689c60df18,0.048364801185059494,95.16351988149405,BAIXO,1,0,0.0,0
3a585bf097ae7170047e4a69c9879ba48a349246f7c985d8d9ae06c1efc4fc0b,0.017372888829452763,98.26271111705472,BAIXO,1,0,0.0,0
3a596fcc1e93ecc82aa64389c606b35a1f5e6676e59048ca6c4e8457fdf2ccaf,0.1021449869009061,89.78550130990939,BAIXO,1,0,0.0,0
3a728c2f24df52b74e7233461a74f5ff0922e82f5d3a759ff8ac00f9eb365192,0.1197323871847542,88.02676128152459,BAIXO,1,0,0.0,0
3a904929f8166b01499a148d37d46d53b4a0bc56d100aa30fef22bb1ecf129f7,0.06550633908210386,93.44936609178961,BAIXO,9,0,0.0,0
3a9b23bf9bd3361b8643e97262337928e0d0a1f3ddf42fc5498484e74e425151,0.0035455993184655096,99.64544006815345,BAIXO,1,0,0.0,0
3ab68a7182b6335c73d833564f29f5f248de2d145e1450bdd5784da5111766ff,0.060710605276167416,93.92893947238325,BAIXO,1,0,0.0,0
3ad539ae6e7984c0e22f7329b593785c3379ff2d5f894493f43b226960b7b3b0,0.09307583888295896,90.6924161117041,BAIXO,2,0,0.0,0
3afb7b2c67c9b5582fd9a42a998df136833556eee7f950ff2cb94674b94d2036,0.09511011551392437,90.48898844860757,BAIXO,1,0,0.0,0
3afc84292a48915fdf4af4917615e9eddde5fb02b925abe604e68be9b380fbcf,0.0481189534043656,95.18810465956345,BAIXO,1,0,0.0,0
3b12557f742f09d565e76092ec614e69a561f205b7d3d32b1804109e647e31be,0.02084431974383945,97.91556802561605,BAIXO,1,0,0.0,0
3b2bfc30413a1f4f4ee80d1a42673a01063b9c97a4147af8982c4ee1592aebea,0.05085455413097117,94.91454458690288,BAIXO,1,0,0.0,0
3b6e2e8555f5ed9da15e5e18db6da6cc1b8438df9ae159e645e1add5d244efb6,0.018272686240676298,98.17273137593236,BAIXO,2,0,0.0,0
3b77dcbdfa17c91b9c6a9119adbd28ab67e1fb82d21db549186330968613ed90,0.09625334040335631,90.37466595966437,BAIXO,1,0,0.0,0
3b83966c9d01dc84d645ff1cf3a05e73f80642a6f4ea7d5d2824e8be2979521b,0.027537656572287156,97.24623434277129,BAIXO,1,0,0.0,0
3b87138ca0a903fdef1a5d0e924ad68100888dd6196fee20639260970507c8ce,0.15186121582347506,84.81387841765249,MEDIO,1,0,0.0,0
3b8f620bf1529b1cbafbd17e8f23ee00ae62d6105eb2506390aa88137c1855b5,0.016702575432687956,98.32974245673121,BAIXO,1,0,0.0,0
3b98366cf5933fcbecf353dc2d8b448188e6507efaba21d780efb54ecd2f8a68,0.8652267383307812,13.477326166921877,ALTO,1,1,1.0,1
3ba5515669284b3a51b6d8b8f5bb3f80970cfc2bdb6daaa9880b6f1edc02b0bb,0.19158358857002436,80.84164114299756,MEDIO,7,0,0.0,0
3bab23dd95821997848d472246bff6f8764f9f60dea4f9288d2ea70e776061f1,0.1062400191860294,89.37599808139706,BAIXO,1,0,0.0,0
3bb122b98a45311c6e44ed7db9e87b02c474aae43f2c16132996fdc93feba95a,0.053592787962595284,94.64072120374047,BAIXO,1,0,0.0,0
3bbdf4fad617dea0e347faabac86f63ad924a8a50617e411885e0cd45cc26440,0.06122450874309431,93.87754912569058,BAIXO,1,0,0.0,0
3bd39cf6349e34474e27018aa55af9a78ae8ee56d68b0833b3854937fe4b908f,0.058414653799096675,94.15853462009032,BAIXO,1,0,0.0,0
3bd8e65ebb85ec6c99f190704e0965b90386c43e50e323577e7855c1344cb211,0.02229012670431919,97.77098732956809,BAIXO,1,0,0.0,0
3becd2ba0186a1974bfa07c3e03b80f6cd7fea522e5278e7ff5c20e7066c9887,0.16497495060253486,83.50250493974652,MEDIO,1,0,0.0,0
3c0080a9c2166e9773d2bfb72c9185a066bc6f1bcf00e5a72d9062798bfb9e4e,0.010445969268706072,98.95540307312939,BAIXO,1,0,0.0,0
3c16194128f64238e5aaf8f4a6c1e00ac6834ca7230b69deea51daf9d652fab7,0.04398512638376569,95.60148736162343,BAIXO,1,0,0.0,0
3c2b0c77e0e2f631a615d0f8f3fb228eac8920f21dca38d7ecf5fb28469ec3b5,0.5875554622829008,41.24445377170992,ALTO,16,1,0.0625,1
3c457a0f9e95446d0035279840a2e5a75d8b38726da4da0f4252fd278f36a5dc,0.054846731163845974,94.5153268836154,BAIXO,1,0,0.0,0
3c572e62c19d630d3b2e14bea0179235ab190af5e8808999ed232238472a3c78,0.06809017908176451,93.19098209182354,BAIXO,1,0,0.0,0
3c611c79519999c88b4f9189e2892388dccf8265f129978209c64c314501ed82,0.13244274448476928,86.75572555152307,BAIXO,2,0,0.0,0
3c8d15c62930471d22e85d8a0fbdf66e3b2ba6c7a8c1910609ea3a7a8d5f3415,0.21678503659076445,78.32149634092356,MEDIO,2,0,0.0,0
3c9cc41e09077fda1aa27cb4b6d39835cea2807fa869ca9622260b0e0cc765fd,0.08895931200109605,91.1040687998904,BAIXO,1,0,0.0,0
3cb87febc4d79c0fbb75f6a6fe7a9b4f9ca66d5991b1215b2743c625d1a907b7,0.010271152271326611,98.97288477286735,BAIXO,1,0,0.0,0
3ccef4f31eceb54f93f12568f44272a3353820ff4e3d415a7c73bd23c8ac2152,0.23230260315683424,76.76973968431658,MEDIO,1,0,0.0,0
3ce7f116686a77642bf833ddb10384d37fb2a75d67b0fef8a4e584d5474baee3,0.18442342823000044,81.55765717699995,MEDIO,1,0,0.0,0
3d200e2f4318b59794a20056134b504fc3a828d12b12e845dcf2376c820daaa5,0.3637632013579836,63.623679864201634,MEDIO,1,0,0.0,0
3d34f0675d7788acde033d16689db1cdde74579c7c5da372a0e2e6a2d6f24d66,0.13221583030858888,86.77841696914112,BAIXO,1,0,0.0,0
3d4be829b9e33ccb08a86dcc2882e037d1e0fd731505e25a59aa1a6153d913fc,0.027537057302711426,97.24629426972886,BAIXO,1,0,0.0,0
3d60feabddd0323daa4ee40fd1ddbf5f8b09e842e9fdaa02b4a65a998018fc73,0.012906018858314045,98.70939811416861,BAIXO,1,0,0.0,0
3d64e1b5c27ce8b4ac358be6aa4178d36e9fd2254fe8cea226fced089dbd9437,0.03642140190430672,96.35785980956932,BAIXO,1,0,0.0,0
3d7de6029f391fd921e1af9a51da6b15b41d83c21c2d63cc65ca7b13af229d55,0.006055672769573569,99.39443272304264,BAIXO,1,0,0.0,0
3d7f1170fd367a69f78192c66857bbe5db4f2af9e2b71a291552db67c0d8606f,0.666562671311484,33.3437328688516,ALTO,1,0,0.0,0
3d90a87b2137e89579bee450117f5a692d1bd8c65411e2953e415938c2794561,0.06351028790913074,93.64897120908692,BAIXO,1,0,0.0,0
3db841fbdb9c16a2f00d171e226933941aecc39105fe05bff82de2517cd5d6d8,0.03015251603920049,96.98474839607995,BAIXO,1,0,0.0,0
3dbd2660f65e84d035e6ef59d1ef750ab80f69c0dfc0a30d553972ead2971791,0.01688736990546745,98.31126300945326,BAIXO,2,0,0.0,0
3dc3406785c63939eeed7a0f2e32368f463d1ba3c0c05e6a1c2b55c9bb544f14,0.1280862407493573,87.19137592506428,BAIXO,1,0,0.0,0
3dcd3bfc6434a453b97c0ba569119cf051225c56cd1c15f1b930d828b4bc3986,0.09310760057975552,90.68923994202444,BAIXO,1,0,0.0,0
3de01ce557a4da55175f5f12935b735a8524ce3a2059511ded25749eec99a3d6,0.03197914621680956,96.80208537831905,BAIXO,1,0,0.0,0
3de42a2c4d2b98b39ece2ea43adebc139a8bc6e413bbc7af5c2adbbbb2352306,0.023616337453880185,97.63836625461198,BAIXO,1,0,0.0,0
3df084d2e0e2973898d82fc346a1c6d239c078c17f7e7a331504d6a60523a61f,0.10576019325330094,89.4239806746699,BAIXO,1,0,0.0,0
3e069a3004476e6f9e777ad24bf9c990848ef4c20983af875ddc3fb884c72d13,0.07694201197722435,92.30579880227756,BAIXO,1,0,0.0,0
3e1449f0f6178cbce0d9462785c974d1013009c9a55e6c9b13e144a5687e3d99,0.17385119726918524,82.61488027308148,MEDIO,1,0,0.0,0
3e2a2e6910515562f96fc904f5e34ae4813dc881f3a31f2453fcec306c841616,0.09626007228051002,90.37399277194899,BAIXO,1,0,0.0,0
3e650656990d8b0663d08d2528e969bbe0fa031eedf276af88c234bd47e1a242,0.05947972866789879,94.05202713321013,BAIXO,1,0,0.0,0
3e65faacf356844b2d467e437346c76c2b228187c654715899b067f81960d75c,0.005073312847472894,99.4926687152527,BAIXO,1,0,0.0,0
3e6a7a94c7e0f21db450d75d7b45b32b39593990aa9c3c27195493d7672284fa,0.013003498424290487,98.69965015757096,BAIXO,1,0,0.0,0
3e7093ee5a97791a66322cdb1ce9dd2e91f648342f9509ecb4e8babfa99fd97f,0.041210331898460746,95.87896681015393,BAIXO,1,0,0.0,0
3e723111b549daf6c7e36fa0fca8efc9489aa87f0a617c4a5689adc0d311805c,0.021764733333318274,97.82352666666817,BAIXO,1,0,0.0,0
3e79742c0f823bfe184ae2806cc72af4c4ee9086e8588a514cef0db697627c33,0.30207547733911116,69.79245226608887,MEDIO,1,0,0.0,0
3e8f354e5a102f8f4e389b68a645693aa770007ebe2802881899051f5748c045,0.20551916031181003,79.44808396881899,MEDIO,2,0,0.0,0
3e9e7143f9d699a5ea2715cf3d6637860ab4440b4a6a2ff4c5f646ce6e0e9c88,0.1646140601566999,83.53859398433,MEDIO,1,0,0.0,0
3ec07317ab97562f635d394a755a2181c919ed5338d3bc47b1766b57570fb885,0.270688776391635,72.9311223608365,MEDIO,1,0,0.0,0
3ec42a89b078902c554feaaf4dc27bc1596b7a98de982f96f0a99ed88c98ce37,0.016954840736418564,98.30451592635814,BAIXO,2,0,0.0,0
3ecdf0a4f2b7c2c4d6f894680b530f783c3e6ea1478f51bfee30d6f260721932,0.03530468093178648,96.46953190682135,BAIXO,1,0,0.0,0
3edb7c5d736a632f6908486c99df49f8c97c2e1c67106c48b88d2fad40ec54e1,0.014863717842311453,98.51362821576886,BAIXO,1,0,0.0,0
3ef91f421aa98f293bab97759d0e5b929bf03c792552280e04ac338778e6d4aa,0.07424130469261958,92.57586953073805,BAIXO,1,0,0.0,0
3ef9adbc792abac1ae94feced5577e4118e854f31839197dc22805a5f802abdc,0.04171578869261047,95.82842113073895,BAIXO,1,0,0.0,0
3efa20394370aaa4e6b651c49e3f129393425d0d88c453772660fb750791640f,0.012968740243358428,98.70312597566415,BAIXO,2,0,0.0,0
3f0ab5db5298c54d642cc014dc2bf38125bffb79c95e8ab0629bc0e8badc37ea,0.11236743700985974,88.76325629901403,BAIXO,1,0,0.0,0
3f0c0fa2770a0a06823edaebc30669c0a426ed0dbde630acc34c5e349ebec7d0,0.025300410788181096,97.46995892118188,BAIXO,1,0,0.0,0
3f12a50652e3f98327be429e8fd242b33788b0cba0620ebb7b62d5a45f5e5d88,0.015276593162202158,98.47234068377978,BAIXO,1,0,0.0,0
3f1a4b77c09df6ad2b71bc4331ae291a89017586cde0b19768fc7d53b8d7ea0d,0.04558462895678444,95.44153710432155,BAIXO,1,0,0.0,0
3f379d099d78d0a782db53a66d5aa0665723eac316ad27495a3ed3712a2a3f67,0.10546948465629188,89.45305153437081,BAIXO,1,0,0.0,0
3f37a3bd8eacbb93e8ac58c82f6ce344229629bbc88f4408286c00a346c7f586,0.006655897033163143,99.33441029668369,BAIXO,1,0,0.0,0
3f409f776e2d548efa562f63c6ef3dd0c47035011fcb3080cb6f3a5e4047f7d9,0.058554722459790265,94.14452775402098,BAIXO,2,0,0.0,0
3f449170adb170d62deea8a1c15c22e9d2b411a3933394ff094ea28df6c5deea,0.021950648671698606,97.80493513283014,BAIXO,1,0,0.0,0
3f56e15ae7519131bfb713344d0432597cf428a12e0755f862377dddafab798a,0.16709946693192124,83.29005330680788,MEDIO,2,0,0.0,0
3f58f69b4829e18bc176b4b57a4f237f0f66a47ef16a2c02f7702bddda3b1b4d,0.0297518058331558,97.02481941668441,BAIXO,1,0,0.0,0
3f67a308f8aa1c8c91e553ce236eabb085874360749feb57e9b93686b8fba7ca,0.04241316899989843,95.75868310001016,BAIXO,1,0,0.0,0
3f6852ecff70162746954e9806dfbebb302c489e8efa63040ba9dc5a44fe20cb,0.9829295940398152,1.7070405960184831,ALTO,1,1,1.0,1
3f76c840b9370d73c02c7c6a6be622f5018304c69b721c63dba3eead2aa3b067,0.26311769083743636,73.68823091625636,MEDIO,1,0,0.0,0
3f80f49cb686723578bf93c9491d2e1c65bb2d344af55e05bd417fdec8557ccd,0.010612222245351476,98.93877777546484,BAIXO,2,0,0.0,0
3f9ee9d248ff85ad06baf75a806702a91bfb13cb9d7b9dc23b717f3b4beaaddc,0.04883906190355108,95.1160938096449,BAIXO,1,0,0.0,0
3fa2c4918fcf009694a008d0062b606ecbb6d6a60afcd49bcbcc5be7257f9cde,0.07538486957460154,92.46151304253985,BAIXO,1,0,0.0,0
3fe267390594c34449d13f7d19cb180855b3ce7f74d2c562ce0466c1e55ac09c,0.031311258369924495,96.86887416300755,BAIXO,1,0,0.0,0
40052c456d1d274c4e04ff31f5d45cef07aad7efb5c2690d8f6fb5dd8775e18b,0.9850230596646645,1.4976940335335476,ALTO,1,1,1.0,1
400f29d19a3e8372490259dec9704c7447119feffcfe1b4ce5b320dc92a911d0,0.1411849485435787,85.88150514564214,BAIXO,1,0,0.0,0
4011f544e139c0be75143a4a16020372bc70778daed3f5070e3a5cc649c2f548,0.1407471437972526,85.92528562027474,BAIXO,1,0,0.0,0
402da36e8e1eb2a9576f0302170a3a573dfc7c37211f31e36df0330d1d7d862b,0.003468238134349675,99.65317618656503,BAIXO,1,0,0.0,0
40309374ff73c753b7f49452a1796cbc28de4155e5b1478b13754cf179441d2a,0.044913085223858916,95.50869147761411,BAIXO,1,0,0.0,0
4037a1e24669cb34418778bba80d3f4987e9dd00d97ea8f97d1995754818a851,0.17458890316437678,82.54110968356233,MEDIO,1,0,0.0,0
4051e3909b6a0c4082dc4c329d491da47db7785800bb18da67ba762356e59c09,0.044418045297949266,95.55819547020508,BAIXO,1,0,0.0,0
406cba4fbdf4771720eba796eedab549807d919fbae663620097e5cdfce396fe,0.05450099768335125,94.54990023166488,BAIXO,1,0,0.0,0
40814c4545ecf29090275df2d45446dc64173d4e87d732fc7834de19e307bdb1,0.007202427758239163,99.27975722417608,BAIXO,1,0,0.0,0
409053baa48f14d5ffe9a79e2d7128b90465adc591e91000f41e27df14ed6e3d,0.45961042221218257,54.038957778781736,ALTO,2,0,0.0,0
409ea8a2627bfa345d388fc03391d8038e21e78a6542bab94e4fe88ffe69f3b9,0.21298474632090192,78.70152536790981,MEDIO,2,0,0.0,0
40b380ed2d542362eb78337988d87b82832db28a12c797753c9465d0e849299b,0.04481377962249255,95.51862203775075,BAIXO,1,0,0.0,0
40c1285e3692716a312aaed9983375cf876467040d12156e9c2557d55aa61fb9,0.14332667550116637,85.66733244988336,BAIXO,18,0,0.0,0
40c37ecda6577b972e8de0f073afdc00c22154914a79c05d7184a667eecf161f,0.01480312524370951,98.51968747562904,BAIXO,1,0,0.0,0
40e738a40b1846ac7a5a46b41b6724481fc9169dd63ed015a11b8fe2f5dc87cd,0.07257762217458036,92.74223778254196,BAIXO,1,0,0.0,0
40eebe4d3f3ca3d74d91d97cc52fa75900e5dea5a029cad43dac6671cc9f6541,0.1831256782531776,81.68743217468224,MEDIO,2,0,0.0,0
410bda285f59ade068d69a6ba71fb7b242dae5b5cb9112cc953923245aecb886,0.12909041597094345,87.09095840290566,BAIXO,1,0,0.0,0
4115784164470c308ea1f8ee51dda03418e09e387e0810ba71786edae33b0611,0.12228260567663064,87.77173943233694,BAIXO,1,0,0.0,0
41279f39af167c6735bed1e2958e8ca0d66f8853638790c05fd26d27316125a9,0.008059119098257178,99.19408809017428,BAIXO,3,0,0.0,0
41435549d50aa9b98150eb4dd24abf2adbded2144285802fd6008463811b6b8d,0.1187879177596601,88.12120822403399,BAIXO,1,0,0.0,0
415e7489c7903d1d41d57f05b11642dbb388fb2401bcc406777ea5ac91dc3059,0.11414655745192025,88.58534425480798,BAIXO,1,0,0.0,0
4161bd190aab1b280e1b3a37a9d270b12c99700157ef9138bd214d290bdd6cf0,0.06079642987557839,93.92035701244215,BAIXO,2,0,0.0,0
41731fc1b96daa1c9f8c14370a38ffc5a2faccd17b666ded0880be7d6f909272,0.016921711647713257,98.30782883522868,BAIXO,1,0,0.0,0
41b8e7401f65942f62f515282df7417da7dbb78d4f7045f658cae9c0486fe60a,0.13986938336836457,86.01306166316354,BAIXO,1,0,0.0,0
41cf5f995efe067bdf9719ba9bee68af055a7a1d41c27bccbe4abdd6c3745efb,0.019660021753183432,98.03399782468165,BAIXO,2,0,0.0,0
41e1db045e17c1214e4e3827742ab1fe8c417beffc716fba94ac8edad92d01ea,0.035090045774836674,96.49099542251633,BAIXO,1,0,0.0,0
41fb3a72c5a347ecce3aa9158a7e01058c083ceb335641f54c659dd20b233f37,0.06454718059716859,93.54528194028315,BAIXO,1,0,0.0,0
420cba7c10496b818c1b8c77bc729af9189c091f7a7121fff369f14b995ab012,0.015075003690786778,98.49249963092133,BAIXO,1,0,0.0,0
4211f19ed1c90bb13e7cecb1c9049730430ade72fedca6450a2befda2d6b4f55,0.07550791003804092,92.4492089961959,BAIXO,1,0,0.0,0
421d221c08d3c1dcc830ca24eea86edca25f31a10caa600de5d685d751042a26,0.9675355822318824,3.2464417768117593,ALTO,2,2,1.0,1
4282a48e0ddac7b56836ffdc6c1c2b711ed33f2809914bf25178f2f182112c42,0.09295196819235428,90.70480318076457,BAIXO,1,0,0.0,0
4284117c0f6842049cd9f5b1171478215a7239f019b8cc411ed0eeabbbc08718,0.19441167350827138,80.55883264917286,MEDIO,1,0,0.0,0
428a1eb10e886304e1cfb137bfc68ac7295cc38adb0c1e31d3890f08e718cbcd,0.0769861958093402,92.30138041906598,BAIXO,1,0,0.0,0
429fcb50c8f76941de64b68e5636c5aed18fe40d47e0ebb3c1165c0f953b001e,0.11265873980836676,88.73412601916333,BAIXO,1,0,0.0,0
42f1f7b81e4d686662f161caa177f1b93abfe79406e89659df55a3e80b6a40aa,0.07317316992370437,92.68268300762956,BAIXO,1,0,0.0,0
42fa044b134cb63135a73947aba28b2bc097cee6e7c6fc7b007ef812656046eb,0.5193772891325769,48.062271086742314,ALTO,1,0,0.0,0
432482759a8d2bef881dcfc851f695bdc8526970904a42bc35227c18db71e191,0.35058371406050315,64.94162859394969,MEDIO,1,0,0.0,0
432822c126eba60cadea84ebd3b4e07b2a7dfd6ca8c18f909448911ec921e7c3,0.09768898579741724,90.23110142025827,BAIXO,1,0,0.0,0
432a2e605b704aa67906ea20db82ef2bdfd049e7774697969bfc653fcd1c6512,0.09221148045864536,90.77885195413546,BAIXO,1,0,0.0,0
433b7d84052302f7f5ff027ca6097e944c533c398d31c09f3cef3540ea5b0e93,0.005530242216619549,99.44697577833804,BAIXO,1,0,0.0,0
43440488958d18057c6ff0a33bcd7c1231d60ef57c3474d3781762792f8f78d1,0.08323429583326954,91.67657041667304,BAIXO,1,0,0.0,0
434ead7c8ed046e777e8ea2e008b1e32d33cc1e5586bce7fbe93e6ecf0434deb,0.13466190137027145,86.53380986297286,BAIXO,1,0,0.0,0
435415bd61047c48e99ded4794c6a9b62a44b0de760283dba5bb96c14c4c5bd5,0.1811041202781608,81.88958797218392,MEDIO,1,0,0.0,0
436dd3c845d248259f70ef0c9e250ef7b831eab09507540c0b52860468679f0e,0.016072235068098392,98.39277649319015,BAIXO,1,0,0.0,0
43757373f4e00e9464bcd05a0b91a6e5331bfbe853de38dbb02f77a018213787,0.08507108540662807,91.49289145933719,BAIXO,1,0,0.0,0
4375a9e0f5c2f75395e07a4ec53770870122048769e01193a1e71eaa202fe550,0.025993975964003987,97.4006024035996,BAIXO,1,0,0.0,0
437963cdadd8f7e5f5176279aca88b13f91c1d39c62ee66110f26bd65612a282,0.1142776751984699,88.57223248015302,BAIXO,1,0,0.0,0
437a6135349bdc7e1bc008fa996eb82dc7405e670d37dc9d1783a6aa8c0540ac,0.09288654998762218,90.71134500123779,BAIXO,1,0,0.0,0
439a927accf85d283ea26221362b095d09b5e9f012f49580e853cee4d27f4861,0.048872319551263615,95.11276804487365,BAIXO,8,0,0.0,0
439fcabd3c62d90162b809b978aff0f9aa073c1caef91135d7820cfd82af7dfd,0.15262597689707105,84.7374023102929,MEDIO,1,0,0.0,0
43a1784a5b374659da96b5b161032376c77c9764805d1585e01dda606b2032c0,0.02618495011482085,97.38150498851792,BAIXO,1,0,0.0,0
43b61b2d3300244f0fca32125b74bf16eac4b83ba7dcb3b10fb7d9ad4cb291a2,0.15356113619367165,84.64388638063284,MEDIO,2,0,0.0,0
43c06d17f011671cf3989253bd69f1189d9a8476c275e6a9c35b1633557c9fa8,0.05476159652790544,94.52384034720946,BAIXO,1,0,0.0,0
43dccbbb124160799106e9b346231b6cdeaa9324b9c5afb434a7910062e615f5,0.47876782696960823,52.12321730303917,ALTO,1,0,0.0,0
440126cf1cca28dbda036ed987632895a52f61dbab758a4dbe4cc6640d68a113,0.07773314793391063,92.22668520660893,BAIXO,1,0,0.0,0
4421002e58a28b1e8f9161504a86df5c6f2524f86d861a39f8855e9631c26098,0.049280056105888634,95.07199438941115,BAIXO,1,0,0.0,0
4433831983c181612a7ffcc5f7134e913c4899b2d7566dcb319a453cc7672c29,0.16635650566592802,83.3643494334072,MEDIO,1,0,0.0,0
445f3b7f428182494b7795670243724f3a5a58a98b629894e7278a13ff8dbe1b,0.2004360064085155,79.95639935914845,MEDIO,1,0,0.0,0
4464997610fd3fc9a3aaea1e495aac2ed0469480f4a25ce9bc5cd89725e29a80,0.055876207494195355,94.41237925058047,BAIXO,1,0,0.0,0
447cbd897277c84639c670e7f6a937c857f47029fe5b0156a10e06542b888258,0.030500085208478005,96.9499914791522,BAIXO,1,0,0.0,0
44c8e599b7eceb65f33c97510523de694717d0d7cfb80b249a7f5815bfe67be0,0.046850421118938994,95.3149578881061,BAIXO,1,0,0.0,0
44cfc79a8d8f94afbe5136be8cf4951e1b3943dbf6d72ffdba30c12bd6743f5f,0.008395514395587856,99.16044856044121,BAIXO,2,0,0.0,0
44d419407a5df0ed6b2d2057aa90ef9730afeec420267fb6cb5a04cfb7983058,0.2620356557778913,73.79643442221087,MEDIO,1,0,0.0,0
44fad067f3150c114fe712c485137a3a21000466ee8d3572c76afbf99504aedb,0.09427222637875608,90.57277736212438,BAIXO,42,0,0.0,0
44fbb1ea6aea2fa692798df4b687464f57fa36bc21156763309a96ad59692b38,0.11804758107340914,88.19524189265908,BAIXO,1,0,0.0,0
44fd039fa627953a991b5f034d8eecd897fc908835f46e79c9378805fe130775,0.1674072292635006,83.25927707364994,MEDIO,1,0,0.0,0
452f9e62c5bfb457e4bb1f0a1880ae54996918bcdf6f88be676be79842baaeba,0.025093039778411357,97.49069602215886,BAIXO,2,0,0.0,0
4540367107dd53f21d5a40e7f98b1a5328f41f04c53d7309e79ec40ccbdd3e52,0.0873428833256814,91.26571166743186,BAIXO,1,0,0.0,0
454dbf3e7139595711c0b0c9725d92b80175be6d7db2bde72f12f384e70e292d,0.1616412335247602,83.83587664752397,MEDIO,1,0,0.0,0
4555304842fc29aba3951091a97b451d4f161b32fd2b00fe1b62dbfdf39ec332,0.10116184006302746,89.88381599369725,BAIXO,1,0,0.0,0
455b46de243770d6f83954c51fb4f1a496b6110a039b5c36a3e1635c8bcbfa98,0.057121176385934794,94.28788236140652,BAIXO,1,0,0.0,0
4565e3567d24eed1779c8c6fd5ba67df92797db9b3fc429bfef16cebb5a24d5e,0.015714552010120442,98.42854479898796,BAIXO,2,0,0.0,0
456eef279eb2c041258c2ca54ec4fa78afe9f11f2db04d50afbeb1e5e44d144d,0.10193179109971463,89.80682089002853,BAIXO,1,0,0.0,0
4584e5fc868f6f0143edf1e3ebe53d833dfb4cb513ba9da4953c313034837693,0.07763753843895112,92.23624615610488,BAIXO,18,0,0.0,0
458de422a746efc245cc813b161f7e0ca1cc1c79e773477b46db976dc188392e,0.09693861878651508,90.30613812134848,BAIXO,17,0,0.0,0
459c9b0052ea7469c5fae1fd2b7f4b0678d77f1a249e9e76d767651265866fea,0.013183249866395894,98.68167501336042,BAIXO,1,0,0.0,0
45a4d974314ab4b8fa7a09db4e2280d2f5268de60ff8910282170dc0ddd53840,0.005699589605650187,99.43004103943498,BAIXO,1,0,0.0,0
45aa260d7868910aa2005616fabcab18ac65d2395a495fa0897dc22f53703f33,0.21564173844244416,78.43582615575558,MEDIO,1,0,0.0,0
45b4452fabb935f780dc3f900ee23603053e53497c3714cdceb275add4b846e9,0.057648018968801285,94.23519810311987,BAIXO,1,0,0.0,0
45d85c2baa07bf55dbff36e0c14a1e42589b55c7e6f742df2f0b031f25060564,0.3158229481760698,68.41770518239302,MEDIO,2,0,0.0,0
45e7b4e464d4da663e545ef9da637fc63be991737c6decd6aa1aa17ad2d6dd46,0.0795030687948172,92.04969312051828,BAIXO,1,0,0.0,0
45f4ca4873d12290f20192dd344784118915b43ab656f912e11941affa100643,0.021236905791235848,97.87630942087642,BAIXO,1,0,0.0,0
4608e3df7413949fdd8092f4298f9cca83dacec90a8904bddb30c190bf2a1ee5,0.09090326843596057,90.90967315640395,BAIXO,1,0,0.0,0
46149e5f2815c8d3f87802933c01e8a7f839b2c3539bd01be5dda8407baf30a7,0.9669103891722806,3.308961082771944,ALTO,3,2,0.6666666666666666,1
46181f98b1fccb17db07b40932ec7fb95d33bf8df28982392b860cd16af43cfd,0.01530446002829811,98.4695539971702,BAIXO,1,0,0.0,0
462a076beb106dc7250aa5f0fe0ecf7a1783aa88ef11df65de845d090d2f6180,0.02508439693183639,97.49156030681635,BAIXO,1,0,0.0,0
4660e43c72553c989706f1df4053bf452bef37e8acb6692c701139a64634a8ae,0.020158772067135428,97.98412279328646,BAIXO,9,0,0.0,0
46a2930e9d097dc498c7883585f656aed22a6d7b0deb12fd201196812826f56a,0.1070736402524466,89.29263597475534,BAIXO,8,0,0.0,0
46abd6f08e955bd47144d827160fbdb277db6c13d3758d785dda47759e320fa9,0.04043826390424534,95.95617360957547,BAIXO,1,0,0.0,0
46d1115089bc1768e73489ac8341b47494d0dee6051ff880c56571a1302de474,0.01733684184317479,98.26631581568253,BAIXO,1,0,0.0,0
46d2e7f1b88e26e9194e3490b5a794beb9e80348966300e10e66d1b2015fb72f,0.20136949089995296,79.8630509100047,MEDIO,1,0,0.0,0
46de7541a2bade19f1cb82878ca54cb1f2ab24b7130d60104ee1d3e5717b6777,0.10927888228801287,89.07211177119872,BAIXO,3,0,0.0,0
46ecd74c970e00adb8da9e82cbb2127564ba0c43f448936314da89adf1125ce6,0.0904607059212564,90.95392940787436,BAIXO,2,0,0.0,0
46edcdc15b8f8400cdab7bd526cf4e7b770e9d3226b7a48b7a5291bf25e71686,0.03430487232800817,96.56951276719919,BAIXO,1,0,0.0,0
46edd9a956c77fb7dc078ac47ff847d8b2a658566b9ed65e3fc9addbf9870013,0.026690788408843858,97.33092115911562,BAIXO,1,0,0.0,0
47114c06ccc2311a8a32f7ea87b7bc994992fe3f456cd72bb7f67f9ebb8779ba,0.19804800518610371,80.19519948138962,MEDIO,1,0,0.0,0
4733136b86db508a2c0dcdfd849bbdd1452f30d4cb3ca0fff8793b077d6fd573,0.12643250361310934,87.35674963868907,BAIXO,2,0,0.0,0
473751e582e04ea39238a6cdff41a6eff17a0877c025ac2e5c3361b418c7433e,0.007826594578004106,99.2173405421996,BAIXO,1,0,0.0,0
4751f2a2bdabe6ef05f6103ae02203bf741e68db4b68290b23b1afd340cd0ec5,0.9053299672359395,9.46700327640605,ALTO,1,1,1.0,1
47653a7378a2dd996138ef57c3cda359811f03dfde4a5307bf957abf88fd19fe,0.27791800844154957,72.20819915584504,MEDIO,1,0,0.0,0
476aa44a57f77cb8411e1f6febd062129b8b6872bd9298874bf8c2e6838fea2f,0.01675396249154611,98.32460375084538,BAIXO,1,0,0.0,0
478523eb33282544008c173afa4f6661795368f2bbcafd42ae5a76a7e59dccca,0.15378290497617209,84.62170950238279,MEDIO,1,0,0.0,0
47943fa8d667f731049a2e0df6f15910a34cae6ce092143105c0d674de5e6fe4,0.007933207568362431,99.20667924316375,BAIXO,1,0,0.0,0
4794deb73ec0a7f06f17479ad961cdf07eb9f7347086dabe7b5e446341704dde,0.3220140693415134,67.79859306584865,MEDIO,3,0,0.0,0
4798e7d338834fd26fe1790d8c9e83614aebad4a3102ad535d0f1832ce0aaf28,0.5880125759343795,41.19874240656205,ALTO,1,0,0.0,0
47a48f83c71eb8e0ebd84b626c052cbf5c977c7dc79d4e945e748b2c8a33fd59,0.05378832128320621,94.62116787167938,BAIXO,1,0,0.0,0
47acd582b310dd9f1612be944360aad369ca80566173246543f527900d9f8625,0.014420147018857632,98.55798529811423,BAIXO,1,0,0.0,0
47efca9f7ec0529680460dbbe6049fb34d87afe60c7f04e174ccc11c646e0897,0.01796691010133502,98.2033089898665,BAIXO,1,0,0.0,0
47f04a76f8a3edd7df3c16662ca8fd50155d681ce2ebc1182d59916ce6a256c3,0.02455267161381521,97.54473283861847,BAIXO,1,0,0.0,0
480bb31e21e043c9baf03858c8053a864dce397e8728637c5dfa511139aec94d,0.37915436077175435,62.084563922824564,MEDIO,2,0,0.0,0
480d7dc14df24abbe2f970acfa67a1367b092ca5aaaa26789b0a332212bbec53,0.08008847016948593,91.9911529830514,BAIXO,1,0,0.0,0
482d055422188d0f2b7bafc835eba93efc245123c2c55f69d512adae85f72ac4,0.2891835417400633,71.08164582599368,MEDIO,1,0,0.0,0
484de2d090affcb21520f3f50ab7f9fd9023fea4a34ac3b05554710a44c4ef18,0.2056608302096579,79.43391697903421,MEDIO,1,0,0.0,0
4853150a3f6104206fcaf2a8d714802119f1fc3d3cdfe1cdd9fe53bc65d61fcb,0.022527499253228507,97.74725007467715,BAIXO,1,0,0.0,0
48691a44b78138762d15cf135f210c1a74a31211eb7100c621f79acbcf04ee55,0.16600247335121843,83.39975266487815,MEDIO,1,0,0.0,0
486baffcc5341d22e03afbc89c35c90c375ce5207f1adfb67ef7831be7ce913d,0.023007721168443622,97.69922788315564,BAIXO,1,0,0.0,0
486f01459c3e2c457e565dff74d5de0c07d03995685ea303963833715dc12c9a,0.0038257826593389942,99.6174217340661,BAIXO,1,0,0.0,0
486fde6fa2d6f06d016daeff89e2f22dc2bfd5aa889c536a334cf0fb4fc02b33,0.021947935890765807,97.80520641092342,BAIXO,2,0,0.0,0
488219f58d46c6f07446c424045963e70df399d97b265d67589e0c15181a979e,0.2834138554635541,71.65861445364459,MEDIO,1,0,0.0,0
4893e199cf120e94326bb6abd7da71942d88f19c517f386cd55627cce4dd16bc,0.007634416032543349,99.23655839674566,BAIXO,1,0,0.0,0
4897f4d0fc0f4a0201ee496bbc3fda1cde9564cccc5e47d63622aa97d7d1085c,0.015326640693405395,98.46733593065946,BAIXO,1,0,0.0,0
48aa53376c8e8f39677b85cdac764871a361c5cbefdb9be5819f3b88e24053a1,0.15062167057248882,84.93783294275113,MEDIO,2,0,0.0,0
48b6c0f3744aea4dc47e6c681f655fa06add7cbeafb64dbdcd9bf888d9044432,0.07501208052742388,92.49879194725762,BAIXO,1,0,0.0,0
48b9e605108c273c6e5871c399a48e2e09383f4797d83c7e39029eda145dae25,0.020858064012733782,97.91419359872661,BAIXO,1,0,0.0,0
48db299e2d459f993b60bf092d9da08f42b8e7901e749481ccfc37d0aef946d6,0.03037175959055431,96.96282404094457,BAIXO,1,0,0.0,0
48e2621e62f541b642cf2fa79b034f40b216111f24674cb3a36011ca36a54050,0.1224994212166443,87.75005787833557,BAIXO,16,0,0.0,0
4907ff2c5bcfdac9d72a13d77b20ed042937a8bb09f59d183863913e6ae459ca,0.03949090363795672,96.05090963620432,BAIXO,1,0,0.0,0
490dbcafef60139e26f298760a3edf10c1cbb793f5806645c38bead1d877f7f8,0.16536226260659917,83.46377373934008,MEDIO,1,0,0.0,0
491a6af95d62ad88b69cde48f504f320df00db3c1efab34c2c817f83d2048a04,0.030774327050935864,96.92256729490641,BAIXO,1,0,0.0,0
492f5000917cda453681e4b2ddd6b81e097c4e01aef9629f7ad9c9ada06868bd,0.013349858106496535,98.66501418935034,BAIXO,1,0,0.0,0
49332f28cf245b36574a85b89685a0abe165a0ff2560af997a5bb2c8a2e5b338,0.11172843914326953,88.82715608567304,BAIXO,2,0,0.0,0
493a90163bdb7e4a33d2175862f395510c6918c41261690791218f2c2a68a0af,0.12206079934412357,87.79392006558764,BAIXO,4,0,0.0,0
493f41230979d0ebe1b020bc1124ef15ad9ff1352d089f6ec6600695d64594db,0.9262096602946002,7.379033970539983,ALTO,2,2,1.0,1
494f3789d71cd2ebec486b92b0f5119d46350b38ab563641a3990811c843e60b,0.05245020855226447,94.75497914477356,BAIXO,1,0,0.0,0
496cf622b025597431c9cf39cd885594357c5bc6c053c29974e98d794f52217f,0.13122770264286637,86.87722973571337,BAIXO,1,0,0.0,0
497aff7351de7b51834e5e585f6c6613d949466b6e8e75e7c1416b21fd6df266,0.3187854492319396,68.12145507680604,MEDIO,2,0,0.0,0
4998c297b9c4baab1abadfaa116b1cede91df8d9b52c34cbcac016c30d4239a0,0.022370200953573425,97.76297990464265,BAIXO,1,0,0.0,0
499fdc87ab9a47b8abbd6e55f37df4ae960a2c46125d33794deb321a3729f599,0.013322097818418203,98.66779021815817,BAIXO,1,0,0.0,0
49e2108f681f0d4e030c988cf1ace3281b2ff7ba8ca19353fbdf5949cfaba992,0.010716563735244334,98.92834362647557,BAIXO,2,0,0.0,0
49ef41fc83c5b1981945090abe5da6cd740383a006e1a9242101757f5367fd9f,0.4470221654509792,55.29778345490208,ALTO,5,0,0.0,0
49fde4a6e86eb270a0291a803354902e6672187356e847413cfa3298d8e92e4e,0.016212534917591632,98.37874650824084,BAIXO,2,0,0.0,0
4a09d0aa41fa0e8ea2a63f1f9d17cedd682bfc5258939c50bf818af198bba7b0,0.04710600781751527,95.28939921824848,BAIXO,1,0,0.0,0
4a15e937c2ee29f04ecc9cf73626d89d1138732e2f207cbdc98b6c6156d3faec,0.1231805460774919,87.68194539225081,BAIXO,1,0,0.0,0
4a44b3294f316beca5a8a959f7af354f7b96c2ba6ee6f3a99544d4660ccbfb1b,0.16150348228114983,83.84965177188502,MEDIO,1,0,0.0,0
4a693f4e6029249201e55b6cad923aebf236bf08afa1096d9863c3dd4b3ed68f,0.07368445511024335,92.63155448897567,BAIXO,1,0,0.0,0
4a83e4dad23754fd93298d391f6a1a59919c6e0404e4fc0f548467bf24de78f3,0.00903300729383406,99.0966992706166,BAIXO,1,0,0.0,0
4aa4b2a224bec1380b5bdc2b1076067714cef4701eaa03e295c3ca125d512efd,0.044871933447863936,95.51280665521361,BAIXO,1,0,0.0,0
4aa9adcc976c063fcf4796f0f3c4e4c4f88e57833334cb9d9a4f2fec38d347bc,0.14745117863821117,85.25488213617889,BAIXO,1,0,0.0,0
4abaea0cb501ba60beeb3878f7683a33782821600520d08cde1a27033d495024,0.02632779017362297,97.3672209826377,BAIXO,1,0,0.0,0
4acfe650331d7c1dd3542d09360a5e8d1627a874328619ea86157fdce972bba2,0.19493748704386465,80.50625129561352,MEDIO,1,0,0.0,0
4af1a76ed4a27461a0084d6040753fe1c1b8519eca18c166af8ac3637a80836d,0.009078969568670901,99.09210304313291,BAIXO,1,0,0.0,0
4b0dd47c170ea40dd585a3ceed25aacfaaf078306bd47b9353560f2dfd3cde76,0.10181047121417067,89.81895287858293,BAIXO,1,0,0.0,0
4b0e5445918f67a133b71e7a233fb6b2ca9d8b6e19d2d4d826726bfbfadea28f,0.12940490274511174,87.05950972548882,BAIXO,1,0,0.0,0
4b1f1b30fbd4083355e020fbbaefc841dd3b4c324e996dc4e0d6c79e1b9dbf56,0.04909322286862275,95.09067771313772,BAIXO,1,0,0.0,0
4b238715deaeaa554f3ce7419058f51dd10735b141006d08c552556c51d7cb5c,0.202885721710203,79.7114278289797,MEDIO,1,0,0.0,0
4b2682d4dcccceb4dcf39d9dfbcb5615c8c0d30a0783fdd4c4f6fb0e59a1cf13,0.03255942238735696,96.7440577612643,BAIXO,4,0,0.0,0
4b29cf832593e8311c381b2730bb51ce41c0f7d2130a9c6351fccf58d975b310,0.008189129023091,99.1810870976909,BAIXO,1,0,0.0,0
4b35a4528c8ee4c4c889c80c5d7565a159352115af50e42471bb0814354bfb73,0.22819395023327393,77.18060497667261,MEDIO,2,0,0.0,0
4b608f06c2f1b7c0693f19b651036978a62f0fe0dc5551f80a80f80428e423e9,0.01854353424367228,98.14564657563277,BAIXO,6,0,0.0,0
4b804049ddd69c5939abd62f343bb5ceab33301e30ca8f9d62cd11802850c1e3,0.013920424448991534,98.60795755510084,BAIXO,1,0,0.0,0
4b9843b169e9fc33ee12e876cd5f60243a440ee6ae325690a34cbe83b494db36,0.007139414252157974,99.28605857478419,BAIXO,1,0,0.0,0
4bc546dcbf302c716a42ef45a9b449c93e06012b2a227dd438ecce0cb19faabf,0.07957934304564142,92.04206569543587,BAIXO,2,0,0.0,0
4bc8f84621090ddeee58575f1529aa0dc0c86ffe052d771beff3640940e210ca,0.018667234797085767,98.13327652029142,BAIXO,1,0,0.0,0
4bf879705843b689ecf4307ecae55176d62ea0c0701284ee9f7b7f4794c91160,0.047990705720419476,95.20092942795804,BAIXO,6,0,0.0,0
4c06de351f2071004c323933770c371245186ca9f68199d20d36e47f5ad04115,0.044616655182653744,95.53833448173462,BAIXO,1,0,0.0,0
4c0ffe54925c9a7bc34c55433c937bf5029816cfbf76917ab828e27cabfa053e,0.05233017502781335,94.76698249721866,BAIXO,1,0,0.0,0
4c18f0e74588e35e281a3e0a3c7087ee59dfb827ba599a2286affacdbaa8c86a,0.06885126986477104,93.1148730135229,BAIXO,1,0,0.0,0
4c34ffe017b3fa09fc6ae69785b44fdfa02026c68ce8d6b5ff1dac375520b7eb,0.049455505142006424,95.05444948579935,BAIXO,2,0,0.0,0
4c3bdb49ac7798e6f1ecf1c1c62a53c96b133d41d662c442d7ebd82814eb2ca3,0.15027634545602403,84.97236545439759,MEDIO,1,0,0.0,0
4c45a1405fa7e97cfefe7096e655af86b6718155d6de08c25c00c5de7acfe85e,0.020996362168467786,97.90036378315322,BAIXO,1,0,0.0,0
4c49a69d7d298914638bc47cda3255aefa82aa0dba3c933fba3a37b4dea5ab4d,0.15935144288107886,84.06485571189212,MEDIO,2,0,0.0,0
4c6883ff57ef753d4c210a05a2d65c5fdaa2e1b17fc4f10f01a96e8835ac409b,0.14710869377561336,85.28913062243866,BAIXO,3,0,0.0,0
4c85e716804c2ef01e855f56e1e8defc8dfa697879a6e14da7f1d2006c058f60,0.5905507953652482,40.94492046347518,ALTO,1,0,0.0,0
4cad92f3263a05d266210471ea0813920b1a147ba23d1e6b246b4274174a61dc,0.08823243530394416,91.17675646960558,BAIXO,1,0,0.0,0
4ccabfff17ea0cf0e7bd5c6d8c75f7b6f6ca79f33688b58fb69aa8c08c3bd32e,0.005150735526654934,99.48492644733452,BAIXO,1,0,0.0,0
4ccd23bfe2039bb21b7e2a0f6a7a7d4250a2b2eb620e37b25e931c3e39e724e8,0.028874005681902855,97.11259943180971,BAIXO,1,0,0.0,0
4ccfa945db6938ab57623ccc3bc1ed704e44b2c02b11ab1bbcf9171df59dc0ec,0.49285318926928484,50.71468107307151,ALTO,1,0,0.0,0
4cd1fc9b156df7fb6f025139ea9b4e8bc1fb8be65744ad774f722b69a1925481,0.14207326698820277,85.79267330117972,BAIXO,1,0,0.0,0
4cd4b8c3e03b1af04d7e6e4437eef3955a7bfe5fd729b0c7e5cfa79fddf1d646,0.05452278297303677,94.54772170269632,BAIXO,1,0,0.0,0
4cf2ea5ef44eda84a6598c4bc2b3a69b27e4ab60c3d9f08718750178ce5aa9a3,0.048561493315568055,95.14385066844319,BAIXO,1,0,0.0,0
4cf5310dec19c97e0631286b22f5082e2158606a9479e797f8624927149b573c,0.0209555759001475,97.90444240998525,BAIXO,1,0,0.0,0
4cfbcc8dac4df30d2e8c3c8929f88145c0ea9be559ed08859b2483ef7efbf566,0.24917224364453935,75.08277563554606,MEDIO,1,0,0.0,0
4cfd9d7e0c7363824a11fc37b1dcdb39aac327dcf8eeeb3778454b3858a34c8a,0.02514859495929857,97.48514050407015,BAIXO,1,0,0.0,0
4cfe9f47ce86d6ee1fcf1311db9111a25a81bebbbca6163466653e5f56183d8a,0.15672395382032658,84.32760461796734,MEDIO,2,0,0.0,0
4d0a7da814923ca22c05f78d3e54a914b2bb7a65fa69662ec2f76c13db956c2d,0.028918195480308193,97.10818045196919,BAIXO,1,0,0.0,0
4d0dafaca69a980bd3c4aec69f062c49e85851f911d14b2753978708e6f09b4e,0.006045148976209003,99.3954851023791,BAIXO,1,0,0.0,0
4d1e0e6bed46a63ac17c97ef153512dddf1b601475604524eab9a2cc5b581a91,0.09517151456892634,90.48284854310737,BAIXO,1,0,0.0,0
4d1e23316ad379e800c52d5bc323eff93d1a17e0e916e433bc54ab2d929d1e8c,0.2706521139131266,72.93478860868734,MEDIO,1,0,0.0,0
4d1fd200c070ff4428de7938ecd182ef6776f3f1044e998a9c6d475c856719c2,0.0026663802243195303,99.73336197756805,BAIXO,2,0,0.0,0
4d45e4f38590d8f99a8d79eee877057967dd2aa59056a2c8baba49ca8afb52a5,0.027375539841843887,97.26244601581561,BAIXO,1,0,0.0,0
4d482c29f94bc5e771fa786b8c6ca67796f41e1c45c300793ea540ebca5c76dc,0.23649770331892925,76.35022966810708,MEDIO,1,0,0.0,0
4d5815bbedc46d37cec35ff3826cb0f31d40859e3b25f838d31c1a82641fbb26,0.05587379083595462,94.41262091640455,BAIXO,1,0,0.0,0
4da6aa26c3bbc9ee34ec6a9d991634742f5e557140284a7268d788e9c2ca15fa,0.07256606741283704,92.7433932587163,BAIXO,1,0,0.0,0
4db40dc751d41db325a3185c63f88964bb84c4694f5a9fd2903e391c577cf1f7,0.044383641704291106,95.56163582957089,BAIXO,2,0,0.0,0
4dba26bb408d344327ad366d693b7d03cf7de5de30ae5d0dc7a317f42b8ded26,0.03053851237229698,96.9461487627703,BAIXO,2,0,0.0,0
4dcd39ebd82cdb3a50ef915a1466e5ffe1ba9ae2b26069368e7395b0e1f25f3e,0.048503390426210664,95.14966095737893,BAIXO,2,0,0.0,0
4dcf670b2c2b5df48685a5862db65154ace8278434ec69253fca7667b0a21e95,0.008601686900231538,99.13983130997684,BAIXO,1,0,0.0,0
4de0c18b241cf0c349da16f5f98999f527c4565e902bb6de3e20c4c0af8da515,0.037733641753854116,96.22663582461459,BAIXO,1,0,0.0,0
4dec6f1b18bda0e76d4ff091378d73ec283bf46557cb3f99651e4a679e64d881,0.08418338268467179,91.58166173153282,BAIXO,1,0,0.0,0
4df6b27a8dedfb16efa6534ec05fa7aa556ee01864cab479dd249f95692e9cd6,0.8070163566031475,19.298364339685246,ALTO,1,1,1.0,1
4e0a1e15504a85b8ae92fc54fb8588d510f9fb70aa1453cd142c1f49be2d1b1e,0.21692267722477349,78.30773227752266,MEDIO,1,0,0.0,0
4e36e9ca5320f1d431e8dc5d046723cefa279cc9119f87f5333edc13c8c5f392,0.16965446044592153,83.03455395540784,MEDIO,1,0,0.0,0
4e37217196b2c71147374cb8137fb51b2addf6e897a33fc9f5d7c11f5437fed3,0.06576932046868685,93.42306795313131,BAIXO,1,0,0.0,0
4e38e9e67082fb8520bcab975274869ccb5d23806e90c72c6998360662264fa6,0.04952443409326524,95.04755659067348,BAIXO,1,0,0.0,0
4e576f555840390c4ecbd9e2bf915ad681fddda5a8caeac8fed3d20e84cb9e1b,0.012996940966784302,98.70030590332158,BAIXO,1,0,0.0,0
4e6de9bb991123d24481857cc7dc0ff796c2b35a4ebf641bcadea618af31b8d2,0.0426110871451434,95.73889128548566,BAIXO,1,0,0.0,0
4e71a3375df9ac2a8fa6ad4b61fc9a26fcdc1df72cf69a783b29a9a7a23cf2a4,0.017469721119926326,98.25302788800737,BAIXO,1,0,0.0,0
4e7884a3d26638d90bf4be2098565e8b7acf297a61db2ecf838eb3873abf8743,0.12377332690950976,87.62266730904902,BAIXO,1,0,0.0,0
4e8a09bbb395f0e6be88f37acc74c6015bb34780e3d7e1d3ba00146f944c8457,0.13149166498779236,86.85083350122076,BAIXO,2,0,0.0,0
4e9c89930cd921c77b65550a0d30f2831d1298c21de8be367ef8b37f5ef446e3,0.09367117504346184,90.63288249565382,BAIXO,1,0,0.0,0
4ebc9c1a422259e7c5fe36f3d7bd614ac6d95c86e9bbba585f86787d5fc5c02f,0.004733993598996595,99.52660064010034,BAIXO,1,0,0.0,0
4ecae66c22b631b1cb0adf60d2b73635a07db20e01783e6061a0ea00356b1c31,0.18134041707427373,81.86595829257263,MEDIO,1,0,0.0,0
4ee4cd17acce5d74e63e4d51b875fddbfd3c059aded2b0361868ab9048cf1fa6,0.5221997704811409,47.78002295188591,ALTO,1,0,0.0,0
4ef38aa94c0d930a1e373245c41eb2bb60de2c504073a4d7a80cdde29b719a6f,0.04541337709691695,95.45866229030831,BAIXO,2,0,0.0,0
4f0c0f7b949a148695b1b25589bd0d1702aa314e2fe5bf614fbba4c98480fc19,0.15304708627636876,84.69529137236313,MEDIO,1,0,0.0,0
4f265855c88c5d176482dbeff969773e8a242d53fea554f421c8ba0795703b24,0.13310940929897266,86.68905907010273,BAIXO,1,0,0.0,0
4f2b56a65be8dc31bfd6feb23d059abcd86fc8f0a93a5b95f7f94f18e30de6f4,0.11565771659562306,88.4342283404377,BAIXO,1,0,0.0,0
4f57dcfe185da9c3f143acbbd99be4215992308ed17192274111780fc8254ac6,0.5491155490251551,45.08844509748449,ALTO,1,0,0.0,0
4f6563bbc50ba50252a51e01797deac3b35ab5e70e26eda444a0066b82bcb2a6,0.18160846652365836,81.83915334763417,MEDIO,1,0,0.0,0
4f68df7336b07673b9eee31dfe68a1a5baff5e0c566c3176b9a6a11ec8843a19,0.04094417983023255,95.90558201697674,BAIXO,1,0,0.0,0
4f78bcea7a3af8f4d5357a3ee64e327b77bfe68c72d2849bdf200d871646ad7e,0.0031312360336894305,99.68687639663105,BAIXO,1,0,0.0,0
4f79e3ac8904345a10a83b0376283107aefc5bf82c784633ed7fe85b6b06d1d0,0.019202676283018576,98.07973237169814,BAIXO,4,0,0.0,0
4f8533d6091c96cbcec9c03cbb8af784e5b7180ecd315f914904f1169af69f31,0.0257185302336049,97.42814697663951,BAIXO,1,0,0.0,0
4f86ce1a257b829fc6f28ba925db0f1c47147ca22fc6963742aec2db89196515,0.00542440890628475,99.45755910937153,BAIXO,1,0,0.0,0
4f9570c991d16d0fe0dceab00ec86008f0d096249ef0790658464c0e69bc4931,0.041752321350802944,95.8247678649197,BAIXO,1,0,0.0,0
4fa4e5a9eb55e452f0f2a78e62ee32df6a08172678820f57de1c779629673b8b,0.9836172173031127,1.638278269688731,ALTO,1,1,1.0,1
4fb918479a5cb6f52484802a5a882d7e7d9fec76052e3edb29ca78f998d6aa96,0.08783808071187207,91.21619192881279,BAIXO,1,0,0.0,0
4fc3bc6fa6b3ccccba391236966db690f047ad2e746fae1eb620141bdf8d1f68,0.04073868131340841,95.92613186865916,BAIXO,1,0,0.0,0
4fe964db8aee399846d4fce1b17f9f1b0a7a35001a7b6d52368ea1b49d387df8,0.13317287633718475,86.68271236628152,BAIXO,1,0,0.0,0
5010609d439c629fc9d501da6d758dfa45efafbceff07d53310d98b93adb648b,0.11699555897588035,88.30044410241197,BAIXO,1,0,0.0,0
502d5d9b140fa1298727c0f91e0714b1679ef02407516e300bb6671f216a5802,0.13027706743286865,86.97229325671314,BAIXO,1,0,0.0,0
503d4fe91ac45feeffb878b82561109591e1213e395b6e8ccbfa210109a4b08c,0.06141772193258271,93.85822780674174,BAIXO,1,0,0.0,0
5048a28f8eaf1c298e9d9f37a73840a39f8b55f4deef4b1f7c3533fe6e05696e,0.025972155705832757,97.40278442941673,BAIXO,1,0,0.0,0
5049d832a75d52eb4a9e96063e6ea2e2f5dc71e804f492df144c9206e44dc866,0.059459133519894194,94.05408664801058,BAIXO,1,0,0.0,0
504d091b46cb55219a719e79e62cae0250f497520062b60472ed9b2da92a1c4d,0.01530253134319653,98.46974686568035,BAIXO,1,0,0.0,0
50552247a0ef5e1bad720725cff8ce2eec1d94e12f3f80c1e1a0ba5587c50b9c,0.9848019535604167,1.5198046439583335,ALTO,2,2,1.0,1
50628476227a0a824a15034de553ab56706a7cd284b5655de7a4532357fab7dd,0.06269585785679609,93.73041421432039,BAIXO,1,0,0.0,0
5064c2e0a0e15b434e25babf6a75c76f628252ed19c84cb01db1e390bc088c2a,0.4814587214685077,51.85412785314922,ALTO,1,1,1.0,1
5065d24f5430bf583cf085d7ddd3aecb00027db428da639de17d0579b0f49897,0.0497434277238431,95.0256572276157,BAIXO,1,0,0.0,0
5071bf44073d7dc2b3ebc9a81491e192635f3b12255fd5ed50b9dd9ae79f1bb0,0.984030197150124,1.5969802849876036,ALTO,1,1,1.0,1
50a76821ae281cdf4ef6cd342e86f9e63b20fa21a3a780f17e7e1a0ad402aa95,0.04192129882694055,95.80787011730595,BAIXO,2,0,0.0,0
50b2aa14b0ee9fa3d2df464f497ad77db43be8c5ee2b24d10f22ce9596a6feb5,0.06969806620005309,93.0301933799947,BAIXO,1,0,0.0,0
50c6ec00975ed3eaef775b5ecb0c405584482306e01a22ae6263a15addab496f,0.07940445097464108,92.0595549025359,BAIXO,1,0,0.0,0
50cf02846e2ba903f73e4576e83ccd2563cf57bf41fd34e0285f0e8db7e5553a,0.021877992432834073,97.81220075671659,BAIXO,1,0,0.0,0
5117b5dfde3a5d23fdc50139fb39e89a48d2f3bfde9c8815e41f3a6b2c127868,0.15802923573470168,84.19707642652983,MEDIO,4,0,0.0,0
516dc2bd517b327c410ad1a2d344f88972464dd46b02107d04f6c6c5fb9bda80,0.9683870820365283,3.1612917963471654,ALTO,1,1,1.0,1
517df3ffd61d94722e52b4c9d3eec6bd93a7f277064e0ba4dde648e03ae8231c,0.01942446810696457,98.05755318930355,BAIXO,1,0,0.0,0
518ec275086e0079eeaa6a4165c3b85c4d1a4ea4b1b27ad628c01093c7827fdf,0.6120239965725912,38.79760034274088,ALTO,3,1,0.3333333333333333,1
51990898cc37fc5f7338e9ebf66a7ced2a170e12d3861e775369caa2bc69c0cd,0.1066833019929678,89.33166980070322,BAIXO,1,0,0.0,0
519d5e6542188a68f90e44de27fee30afe2332ce4e7f3095e73d1b0a2ce82628,0.02685528059275364,97.31447194072463,BAIXO,1,0,0.0,0
51b7f4b5e6ea82377ccffd55dce40e24505f6e15dbf0724575f3de098c1146c7,0.13198382848030565,86.80161715196944,BAIXO,2,0,0.0,0
51c327b019c775f91b7cab29ad73cebcf42d3cc03376a3dd5de2cb2ec9dad099,0.02783442418538317,97.21655758146169,BAIXO,1,0,0.0,0
51c5c8b071aca1c58b4f31156a0737daafff1c90279a850ef46ab0ea05b427e7,0.005278480190286047,99.47215198097139,BAIXO,3,0,0.0,0
51dfc76129469c512a725272e9e74d6089e513e5bfe254b6b20aab1ed2b8dd37,0.05769673025465965,94.23032697453404,BAIXO,1,0,0.0,0
51fb0f3a7eb5a11b63f6704848bac6cef52c1d5b4e2f1515d7cb26d201bf700e,0.03939991119450602,96.06000888054939,BAIXO,1,0,0.0,0
5239aa6b97e46cf3afc3e5130928efd674d3849d389fc999a27e091588e3c355,0.17317856139854107,82.6821438601459,MEDIO,1,0,0.0,0
525d704444bc837fd0e9edfcf104c934f7e200548868e2d528fa7d57b0a58b45,0.024982129499999395,97.50178705000006,BAIXO,2,0,0.0,0
525f8f32c24028a146209150b59dcb53b37839fe79a8a299a0791fd78125564d,0.059526308899184775,94.04736911008152,BAIXO,1,0,0.0,0
5280e27505df9a49ba81fca62e9322151a91d00d47f1a154fc0f5c2e614a6b2c,0.08903303671865365,91.09669632813464,BAIXO,1,0,0.0,0
5291354fc559a9783596f19c07ff0c2ee1ca4b5a69408f666a8379e11f0cdca9,0.0918110686455183,90.81889313544818,BAIXO,1,0,0.0,0
52b1c71aac17f92553600dac72995888b9c367a17a4ff86e64e525a45dcda079,0.06136921845979733,93.86307815402026,BAIXO,1,0,0.0,0
52bc1a4c0cfd9ae594ff2b6032e3b28d794a396de952bf9d31a1e74d86fbc4ed,0.1368289306097236,86.31710693902764,BAIXO,1,0,0.0,0
52d556736317d5d58e63cc08a9cd7b0d41061adeb1a8dec88c9db919084dac7f,0.06514045316272675,93.48595468372733,BAIXO,1,0,0.0,0
52dc447ab7c5938266fc77be2b7cfe2c8f258f8b9b4857e0075b6d89d64ce5d0,0.29135535107844207,70.86446489215578,MEDIO,4,0,0.0,0
52e8bb8ba6519c93279d186eeba1d618a57d7309834fa5d803b049bd1b822916,0.008479930581116821,99.15200694188832,BAIXO,1,0,0.0,0
52ea9330f940e349587657a7507d8d0c85be80fc2f80296a58dddfd03f1f7300,0.012248802828554462,98.77511971714455,BAIXO,1,0,0.0,0
53278d3cd8c340d3152b6904ea5e4cffc838f09f913e285cbc12b2185aa17d45,0.3778888860292566,62.21111139707433,MEDIO,1,0,0.0,0
533143e1c76befa00ad3b6b96cfe9b47837b1f6acbf3748bd319f84fa0bc26ce,0.029720937317918073,97.0279062682082,BAIXO,1,0,0.0,0
5350c457ee6dde0b3c471acf29ade806f49111ca6fe00f7b454af8c091425207,0.20892016883741063,79.10798311625894,MEDIO,5,0,0.0,0
53701951b0b3aca8ae3d14c5832f43049d4fb83da03bfaa267472ecce05dea82,0.024006180401182818,97.59938195988171,BAIXO,1,0,0.0,0
539995aa538ca48588608143ebb910be96d5b0b26054356f7ebf6aefc7b62e6a,0.05674031524660227,94.32596847533978,BAIXO,1,0,0.0,0
53a6656a89b534085e48557c6449ada3c8a2fc81e381389c1580ca1592131bf2,0.21259096716354456,78.74090328364555,MEDIO,1,0,0.0,0
53a9a1e40a1a05aaf4e1a94c9df7c9258fd9cd86fa3ffe22edea820efc55e76a,0.00382152250045282,99.61784774995472,BAIXO,1,0,0.0,0
53b132a4a7cf209f7658751d5b5cea63b29a9c8187d2d455a1fd2f19ac95aa82,0.06775216033235205,93.22478396676479,BAIXO,1,0,0.0,0
53c489e63cac3ac47a561b6483536a7a83a352326dc598df8f4e87cd6984cd8f,0.37482061343650747,62.517938656349244,MEDIO,1,0,0.0,0
53ef61b8aba17e380cb36c8eae2e139f64663dec6974e2ad5d5807427006c939,0.006879967050497091,99.31200329495029,BAIXO,1,0,0.0,0
540258dac52852bc92d524a489bf0b113865eeebae97a0d8bcc970cc71033fe8,0.006001113826669374,99.39988861733306,BAIXO,1,0,0.0,0
540328339b04df3a633c42df8df348d80e993a7b84249f39ee985661a774fc5a,0.09579243648146099,90.42075635185391,BAIXO,1,0,0.0,0
54076ffc2f1140b11c49d3308e4f2139091567e4eb59e45a87a125f261cc4976,0.014973021736786633,98.50269782632134,BAIXO,1,0,0.0,0
541cee0073b68b22e4dfba99d4428dd02ac2134118d5113d724a130341305411,0.09181719750991789,90.81828024900821,BAIXO,1,0,0.0,0
5463ac87355c76c7b38e5f13c1177cafceafab94b42e3ccec1428be8467c29df,0.09666698530009624,90.33330146999037,BAIXO,1,0,0.0,0
54764281651dd54befdfb01938f4becc03ad7ef6b1eb07626edc2e96773a7d31,0.1281065298878031,87.18934701121968,BAIXO,2,0,0.0,0
5486a8e963a529e04e19b0313946ce5588f2aa27e52b3bb8c8a5bb9811112617,0.06845579308997154,93.15442069100285,BAIXO,1,0,0.0,0
548d1d2f130295cbc78330140dbc507423a3d517d6b900e5b79670fa074bb0d3,0.10504689034026192,89.4953109659738,BAIXO,1,0,0.0,0
549a95f26cc9102ae681a532deb5f6865314cd7cbeca9707096a068cf2088eec,0.10510808087989089,89.48919191201091,BAIXO,2,0,0.0,0
54a3512119eadc412a86477e801a102bd66e483507645357df7378423e4fd534,0.18112595585914248,81.88740441408575,MEDIO,1,0,0.0,0
54bc8e76f7a9d0b1c9f2853b4ebd3be807dc208c70991bad3d8308fb6e9ff6b7,0.148546098225308,85.14539017746921,BAIXO,1,0,0.0,0
54c8bae2d00f08ec6380af804d1c1047a7f487f5ff5a904ddaa9b78328683d2a,0.08327667425079215,91.67233257492079,BAIXO,1,0,0.0,0
54e37e7ef5a06edcac08e7aa7e42d5efa7422416c4e7c77d9645b5dcfb2ba71c,0.004241565868509688,99.57584341314903,BAIXO,1,0,0.0,0
54ef51e20b86508d718f86dd6ac6c2a3ebcf362d18cebc5d8b5dbe02b3f62dbd,0.14633157504392555,85.36684249560744,BAIXO,1,0,0.0,0
54faaf86aca014ec153184b0ad42e9902477fa57fc5b965daaa21c5d245e357f,0.08210612205733778,91.78938779426622,BAIXO,1,0,0.0,0
54ff5bb93e58f399306efc0e45abdd16ea1de554d5739fe0d79507b761d1c831,0.11328161448142633,88.67183855185736,BAIXO,2,0,0.0,0
5510a39e097346b4cce09584fa2c962f7be0366c518961e8dcbd222cf1a97bc6,0.021666903098975083,97.83330969010248,BAIXO,1,0,0.0,0
5512e9bdd81fd76581f4376464941195307b74844fbd590ba554ac64148f236f,0.007919324019423872,99.20806759805761,BAIXO,1,0,0.0,0
5524eb2ab944a790fb343401db7a8742dbcfedc74ff47a1670c3ee766a124134,0.021716901707327613,97.82830982926724,BAIXO,1,0,0.0,0
55387c1d7fa789e27ea9d7456f7dda9b38d1d58f4d69bb365f868e82d704b685,0.02155005706651753,97.84499429334824,BAIXO,3,0,0.0,0
5541aadf87b936286a5f641aa3a799f0d8d83e81c67e8baf4b61b8c979e8c630,0.005860130561186197,99.41398694388138,BAIXO,1,0,0.0,0
55795532199e6e5d38b105b323cd41a881793d72531a3a8dae01db7321dec30a,0.10850374825253872,89.14962517474613,BAIXO,1,0,0.0,0
557f79c72b683776da4fc0e89237287df0cc680d92fb63cb717265a9c749a62d,0.0783105716079651,92.1689428392035,BAIXO,1,0,0.0,0
559bcf0da04d9eb001e274fd1297fadfe09078cb95d62767bd09ea9d6812c8d1,0.008694770147603222,99.13052298523968,BAIXO,2,0,0.0,0
55cc20ed2e5e18232b2f1cde2f17c10580037171fa48f488d3589783b069bbe8,0.052251052823817104,94.77489471761828,BAIXO,1,0,0.0,0
55cc7adf9b15a9f560284603153b8c504f7ce082ac6c69f9cc5402f1dd8f409b,0.05036859299731334,94.96314070026867,BAIXO,3,0,0.0,0
55f24607a6f6ad9a60c5bbe71ba1fffd4e3c79af4424a4c47d15db406bf50211,0.06556822544784946,93.44317745521505,BAIXO,1,0,0.0,0
561dc474a4cba69c5c67c5d0e8fe0b1b75f9a2d433cd60b30ef57ebd8d2159f4,0.07519040327569346,92.48095967243066,BAIXO,1,0,0.0,0
565c909f383457d14d33ac74df3f78a53d4f45fae0a3f3c413afa75659f0bca3,0.17101096316234932,82.89890368376507,MEDIO,1,0,0.0,0
566b956e287edea803ec3f9d8ec8dca49d981f55c56db156c4a845f9c04ea53a,0.025042851555185812,97.49571484448141,BAIXO,1,0,0.0,0
566e4b6ab8627c2a6a9eed08e74f543c5094ddabd9f4cbd0c6714019a304f148,0.12063227399831865,87.93677260016814,BAIXO,1,0,0.0,0
56d546e22e49d6cef2a00b897e228add7cc33f6ddd40c5915faebab302b81f95,0.14713834075415433,85.28616592458457,BAIXO,1,0,0.0,0
56d86723cfb315330d87102af58b2634616d118ea41d4a11384dc0da90d1813d,0.02638105576987376,97.36189442301263,BAIXO,1,0,0.0,0
56d915dfa52ed5b85ad85196d36462cfa64067ab4425b9579a6c7537613aecc5,0.017989713678766815,98.20102863212333,BAIXO,1,0,0.0,0
56edb3564dfa0fcf6558f365234aad7ed93a16c98e9bd78b000aeeaac1827526,0.01861128743246615,98.13887125675338,BAIXO,1,0,0.0,0
575ca95267c2b6017a678b53b945d9ea382f7fc4566f4f6d8046b0771040829e,0.1176912484162105,88.23087515837895,BAIXO,1,0,0.0,0
57714baa608ca78d405912c82ddc9222101a32094e46f0d49ec097997936c63f,0.026589303230954216,97.34106967690458,BAIXO,1,0,0.0,0
577311e4bd7e7db311ff5d28547c20870631dc4b62b56dfa560235100c1ea9e1,0.18807167728829255,81.19283227117074,MEDIO,1,0,0.0,0
57965b0b2563a2d9f60c735fcb47001d2b06a42bfc8e9e38cd83ce601a96a669,0.04293692650003123,95.70630734999688,BAIXO,1,0,0.0,0
57a4da7eaaf6771a2df12181c4653e8e191e6dfc5a53e44ff202f1454e906cc7,0.250277248401617,74.9722751598383,MEDIO,1,0,0.0,0
57b5c1d1b67f0a6e6941ea97533e7791ca5547718038091921c1717f23c4cf19,0.18154639814959472,81.84536018504053,MEDIO,4,0,0.0,0
57c0a602f789161422c0e9788df612f27d2e0c232550ec71624a4e0ebe0800eb,0.12784795755114195,87.2152042448858,BAIXO,1,0,0.0,0
57c28d5994a1e6ba1c24aaac305986a5720ccde39a75132c3bdef9c91b941afe,0.0905371113382117,90.94628886617883,BAIXO,1,0,0.0,0
57c7a5adbaf11799e6d9b9a9d42384191d2cc847a6e9a877dbe9f2439e1de0ec,0.04612694903486499,95.3873050965135,BAIXO,1,0,0.0,0
57d30e4893a1345b4a94c1314447aa2f10aa84d577a7f355acb047e275ac6600,0.14858773450402066,85.14122654959793,BAIXO,3,0,0.0,0
57d8f9d48256d9bbb7798b46bb920f319968aeda8c20960fb90a1826cf56caf9,0.19854555236822144,80.14544476317785,MEDIO,1,0,0.0,0
57e7d9285ac86c2d0bb82d28f162ac36d327f5d338e0cb1502909a01667b5f42,0.019867953758873298,98.01320462411267,BAIXO,1,0,0.0,0
57eabf73a272bb4647c929c4ce10d89823586c709a1481c73f87ae2944f8845b,0.012654707430499805,98.73452925695003,BAIXO,3,0,0.0,0
582830277ed2d32ad3fa8786fb03eca59ec5694bda1b10831413f929873a9004,0.047799762932951184,95.22002370670488,BAIXO,1,0,0.0,0
583e5747500803b1d7d73e7f33436c8ea90ab2aca0b405ef351472e22b2bbdb0,0.03165842653191413,96.8341573468086,BAIXO,3,0,0.0,0
585e179133a8ec9ba551054efdb1affde9c3bda26b96779a8920cdb85c2ccd06,0.005984827540754399,99.40151724592457,BAIXO,1,0,0.0,0
586605a172717af6270164c729d3c22353cf392222477019a78de8a863d79f35,0.0830018478467378,91.69981521532623,BAIXO,1,0,0.0,0
586c2d8a753f6e2e0935d78da49ce19749299d1adfb40d2853e4caa38f00110a,0.02134757713827185,97.86524228617282,BAIXO,1,0,0.0,0
587627d6aacc42c96cb9c4bbef9b428f43c78a4006f556b548846ca9d8990a2f,0.5917621658030319,40.82378341969681,ALTO,1,0,0.0,0
58792256211021ccec56f67d76ca3487a7aa647b9b98590898253f973020dae4,0.046783296006110434,95.32167039938896,BAIXO,1,0,0.0,0
587959fab0298d12c6bae2aa9a58837bed8897103241ef73546cdf9b6828f9bf,0.017087684383022543,98.29123156169774,BAIXO,1,0,0.0,0
5881330f52668fbf224ef21fc5449f967f17d43cf388432f785291fcf794d2ee,0.06645433849877659,93.35456615012234,BAIXO,1,0,0.0,0
5895a44b47f24da085bbeb80c0bd089abee83fb92353958f716d2ba4a4cc8fdb,0.06418809130369091,93.5811908696309,BAIXO,2,0,0.0,0
58a3e39d694c010001a0ac90b139cf3500b89abccc6f5325a710b7c76be86036,0.004251562457109682,99.57484375428903,BAIXO,1,0,0.0,0
58ad479c00361c94b1120d8544cfed5218ca98f2fb5acc52b8a78cdcc2bf1e0b,0.30909227350533014,69.090772649467,MEDIO,3,0,0.0,0
58e289b3ff0b1a821fa81b8b1d0ce133543b8d061ac96db1ba4f369ec3e44de1,0.014510856554535219,98.54891434454647,BAIXO,1,0,0.0,0
58e6e264b75e752ce7d6a29bbc58ef1eb10f15b2c81f2bbbc5af012038b3c482,0.03066153063868678,96.93384693613132,BAIXO,1,0,0.0,0
58ef1ceb22bec7ec95154f7a62cb5375a4ba6e02d6b3d1bcbd006ec806404695,0.20298837358041405,79.70116264195859,MEDIO,1,0,0.0,0
58f2d79bb40ffc955991d5e3885de3976417307fdbdd37bbfef4e8424d4d8041,0.005656499844651949,99.4343500155348,BAIXO,1,0,0.0,0
5905f98dc83ccbaa7d5177fd8850dfa0659b934d5b3850a12c056c1d87013972,0.026415721275456685,97.35842787245433,BAIXO,2,0,0.0,0
59207cc1e0318f63c1cf72646b46b2007b44a96001aa5d36fdc1d1cf19f1b31a,0.5079035201861476,49.20964798138524,ALTO,1,0,0.0,0
59322a64760e4158ebbdd7279247d9779787d38af6e6ccc157e711830660a1d3,0.06969139293277045,93.03086070672295,BAIXO,2,0,0.0,0
599420de813447c7dd263b97f0827d724acfbbbe71911993d614b00c73733a7f,0.11016601429249019,88.98339857075098,BAIXO,2,0,0.0,0
59d41fec2f2a6032e5e1b4f4a1db445fb0783ec45ee681e9119adc71696a9c4d,0.017090627177709563,98.29093728222904,BAIXO,2,0,0.0,0
59d5c02f553bec1277f9515712e1ac5b4245971524187c83d78a57c12c3dc4db,0.04678290341265832,95.32170965873416,BAIXO,2,0,0.0,0
59def72889ebcb5d3abcaf05e77cdb1232f77aba0747e204d5a1309e687b7fc5,0.28965324288733674,71.03467571126633,MEDIO,2,0,0.0,0
59ea2363b349f7d956a4d26b8ccd50ef0bd0708d9b3ad380f804ff4ad1b9bd81,0.14422076663629588,85.5779233363704,BAIXO,1,0,0.0,0
59fcdef6fa1e15431a59764e9d42200a37bf9d740a7522e18341b162b47b3cf5,0.0201025080702345,97.98974919297655,BAIXO,4,0,0.0,0
5a0b1bc5be6fc4c4da2b7ffa77b0a6de03842e0a40f44c7b6c91b7588a2622c3,0.07664936752875606,92.3350632471244,BAIXO,2,0,0.0,0
5a2d91f208ac25533808cbaeff898621191ed21e83a3a00b38ddb8e848bdb024,0.11813354302841811,88.1866456971582,BAIXO,2,0,0.0,0
5a3ea78260c67c50ebebb1f82fcfa678f6758191ed0e7fdd1a982dcb9582ac40,0.005028520113241441,99.49714798867586,BAIXO,1,0,0.0,0
5a5f0ee3c238d2b2c575aa887ffd0ccf4dcbe5b22a473bd3ceff10e1fc4873e4,0.1675084734813799,83.24915265186202,MEDIO,1,0,0.0,0
5a83b8939ffdba3af47385f79b1068f588c6bf0a4442f7c48291bde6db3f5c3f,0.09208711348005631,90.79128865199438,BAIXO,1,0,0.0,0
5a89aa0c9b64afdd788b64526e4ce5408ce7b2367eadd713db17916a604f1446,0.050164181705554256,94.98358182944457,BAIXO,1,0,0.0,0
5a8aa8678c9d87a8a62a489fd3673784246598c32a212fc07db1ed4df5e6c0f4,0.030306895820100134,96.96931041798999,BAIXO,1,0,0.0,0
5aa791ca8aa78cc1de4dde97ef46875c3267ee3c9b15a797852892b1e820d333,0.4771240204202632,52.28759795797369,ALTO,1,0,0.0,0
5ab18c8fd92195d8adae22ad356c92a7d45aecb1b5d1f0d2139f804ea852a916,0.005152964045948303,99.48470359540516,BAIXO,1,0,0.0,0
5ad22b19543d8e0a7e95e6d3189a58b86fbf9667ed153f362fd0c1bf83222f17,0.1265296873602422,87.34703126397578,BAIXO,2,0,0.0,0
5af1be6e6e110eacfadd568e1be1864644225b23ae841e8f1b6b9713ac84d904,0.08318846605854911,91.68115339414508,BAIXO,1,0,0.0,0
5b181e23f94e36deb4eb8d94c3aaa2deb0b0a512e1cfa2de11a62efa294d5e67,0.07510435109872869,92.48956489012713,BAIXO,1,0,0.0,0
5b1bf048530ae38fdc983ed58f256cfdefbd5358298b70736d58f3dc38ae3b02,0.049566712224855904,95.04332877751442,BAIXO,1,0,0.0,0
5b2374867804b96c3c6b436ce3d6ce783a257532276c9d5cf875cc426543a072,0.10483541642479487,89.5164583575205,BAIXO,2,0,0.0,0
5b9865dbc4c4abaaccd2ca7eca67ff7ad6c6e4de0292e3794468a1ef9cf8066a,0.07939358962883629,92.06064103711637,BAIXO,1,0,0.0,0
5bd224b77347145b110c5e59a0c3055050431fad3dcc38c6af577315617757aa,0.02717768992143491,97.28223100785651,BAIXO,1,0,0.0,0
5be4aa60f07c4efacead62231f3305355d10bdee14ceb6b7c26319410185528a,0.026037482733343994,97.39625172666561,BAIXO,1,0,0.0,0
5c0f29f2944b4cb4b6f6a592cdfe920753d08fe11cbc2b0d33762337e93ee592,0.017779506010953558,98.22204939890464,BAIXO,1,0,0.0,0
5c42a6a1446147affb74807085a36abf0c0f11c8f3e1af58b4fa56d3371385b4,0.11501140462532504,88.4988595374675,BAIXO,1,0,0.0,0
5c4e91478accff470d5434bab488d851def6c45cccb808b7c9efcf035b2119a5,0.06688040589664518,93.31195941033548,BAIXO,1,0,0.0,0
5c76857b059f0906bdce70e44beec10e2e1a1f3c344d6428498d391ed6d7492b,0.034454507434765254,96.55454925652347,BAIXO,1,0,0.0,0
5ca4c6e13f085d9cb991def42e2684c62e8d985dd1c9f817aea58ec986810e68,0.12598684652728512,87.40131534727149,BAIXO,1,0,0.0,0
5caf36b7a1840c7860840a7b70dd8817d768e0eb13d9bc97be75e647eb7d5856,0.02503992991517427,97.49600700848258,BAIXO,1,0,0.0,0
5cb302da75138a453fe69b9042a7b0dcac34343d565a968a013ce905ff578577,0.04562684001349938,95.43731599865006,BAIXO,1,0,0.0,0
5cb312ae950defe51c43b448230af8b0975aec288bb7bc3ca530d602f014568b,0.9762319246802859,2.3768075319714144,ALTO,1,1,1.0,1
5cd412bc646f4c1077179599ff3b502e23876fb0ee9e7ad188f811a2143af053,0.03361575290649655,96.63842470935035,BAIXO,1,0,0.0,0
5cd5c938f0c39b6b4879c8733041c0c4f7c50911106786aa70532257b6f35810,0.07255254646773199,92.7447453532268,BAIXO,1,0,0.0,0
5cf3599df3fb0e58959dd0fab0267fb0b10f2d866a9238083a0d5dd4c5fa0c50,0.18231397835680613,81.76860216431938,MEDIO,1,0,0.0,0
5d190eb75197f6cf5522bc2c2ac1fdc839c893727b85749a839b080a44c23229,0.18413783311897872,81.58621668810213,MEDIO,2,0,0.0,0
5d769181f8ebac8609f7ec4477bd6758877e4cf41487badf9b5f48dde770f7d2,0.0863366583651287,91.36633416348712,BAIXO,1,0,0.0,0
5d7a590ae585300f00e52e9939fe097fd25632151c50f0c02a2de0b8bfcd92ff,0.08375393364977542,91.62460663502246,BAIXO,1,0,0.0,0
5d7af2ab030df2c08ca1c77c419a034fc8b71b020b3827387652318095612a36,0.008385631653743843,99.16143683462562,BAIXO,1,0,0.0,0
5d878e5e5fde6667a80b00fc229683cc1f5482d08f4ac650db02954ec9ad5f85,0.009117105705363417,99.08828942946366,BAIXO,1,0,0.0,0
5d8ba6cd14d551aa217d33e072a78b3872d946430d6d5fed0d4331398c476183,0.027513588783692804,97.24864112163073,BAIXO,2,0,0.0,0
5d91d28c135a6720202bd3d02f909c4ec6b1b407b1344f04ac87d054e997a501,0.22165204652012277,77.83479534798772,MEDIO,1,0,0.0,0
5d94bf1359ce7bcc6600571d70e991ba32d280da942a4838c42cad636f9038ca,0.0226227860807673,97.73772139192327,BAIXO,1,0,0.0,0
5e0cdd86159c17f9050a31c55da07cc80e8a67527f562ca2be8c1474d136b24e,0.036192097640696204,96.38079023593038,BAIXO,2,0,0.0,0
5e13b47bcbc7864f0df71156558c143f7d694379b19af89dbe16926b849e92ea,0.05247439262357759,94.75256073764224,BAIXO,1,0,0.0,0
5e1ea614a43897c76214330a31edac1dda6ea217762c90c4c12d98e0a69dbf90,0.14042523958659395,85.95747604134061,BAIXO,1,0,0.0,0
5e2399ffe07aa7dc39f3a28cd9103cec3a4b4c5fa12029cc64b64013d2576d00,0.4335308452316364,56.646915476836355,ALTO,1,0,0.0,0
5e2773f8bfd6aeb05d8934ac6d443e7f60177bd2afddbe0b59e03e404c43f356,0.03989269084287167,96.01073091571284,BAIXO,1,0,0.0,0
5e2aecb1358ded1d66b7d5181598f1dbec6374b7249e75a8cef1e8549fec50f7,0.2591348675811119,74.08651324188881,MEDIO,5,0,0.0,0
5e2cbe888ed77b1e15b70030f47877539b9744d6dfc40915584f4cc80f3b8bcb,0.05106623140776495,94.8933768592235,BAIXO,1,0,0.0,0
5e479fcc0656083fd264e41f02f93e618ff56f23e1b8f2f710f0b1284707318d,0.004360190699047071,99.5639809300953,BAIXO,1,0,0.0,0
5e5808d3b8d6bb98e2a743daad310a9d1b9ed8bf79b8dd455c1d5412dd16559f,0.052926277873141025,94.7073722126859,BAIXO,1,0,0.0,0
5e72116ca6f61f052c9595018a7579490eed0f178771a79a9d5036ae8a692b15,0.011506221560415354,98.84937784395846,BAIXO,1,0,0.0,0
5e8b3f692436fa85ea1f1a6df16c0e7b15a532877d136272fe8dcdad10c87f5d,0.03987506730510625,96.01249326948937,BAIXO,1,0,0.0,0
5e8c0719bd2229be60b0d280d460b8b9523798f0404ef4b3efbe5c8140fae96c,0.016123889606790412,98.38761103932096,BAIXO,1,0,0.0,0
5e948f2d80d0997d8c710c9ae8c971cae0be09b9be09bc68439bc83957068a56,0.05447074711574833,94.55292528842517,BAIXO,1,0,0.0,0
5e9c793f89af52bfa59abd23a57b575e07bbfb1881f6d1a81ba0c72b13433bc8,0.1102002064274022,88.97997935725978,BAIXO,1,0,0.0,0
5ec5a842d3edda5c67276c3b537e96671e66a80803333772f672625933965be1,0.03463374858585621,96.53662514141438,BAIXO,1,0,0.0,0
5edeb34080fb1f19553af80c8584b772781d7741c97f7c92f1034ace6c480aa5,0.019925037623317758,98.00749623766822,BAIXO,4,0,0.0,0
5ef295ddcc180c736174532236ef799c23b8fd263b428bda19ca8e29394307fa,0.09194081314051547,90.80591868594846,BAIXO,3,0,0.0,0
5efcb0420d3bea22d7632199e88a17cda67361aaa6c9d8ce8ac19bbc80775755,0.021433635361064327,97.85663646389357,BAIXO,1,0,0.0,0
5f02b0482280f8227c7aab92cc0a94d88ce95c2f876bde301ecf7ff03b2ceab6,0.10878289704478199,89.12171029552181,BAIXO,3,0,0.0,0
5f15786c4b08e37040e412695fa8cfb398011d0529d770bf9193373239dc7ab5,0.06658553903734817,93.34144609626517,BAIXO,1,0,0.0,0
5f29b99fb09c8e0d89297843bceb0e686d4116d0aeafd1ca9490bf67de96098f,0.22465985908886357,77.53401409111365,MEDIO,1,0,0.0,0
5f2b89d256cd00d899230c50a373b5b718cfd79330e9235eb95b87d2f12025bd,0.13614952473910152,86.38504752608983,BAIXO,1,0,0.0,0
5f327d13ff58e7bf10feb0b192b7951a818ddde7bcbfbf44b7c92db4cadfcc7b,0.11857407197891998,88.142592802108,BAIXO,1,0,0.0,0
5f379e12024743967149b77d4cce21772ccba7a3fc51e91024f3b7767f1dfafa,0.0669994112968798,93.30005887031201,BAIXO,1,0,0.0,0
5f5475ec5bc1f3d5f115765e811f801e21e148970e21f6935877da06cbc4d00e,0.14810849242691068,85.18915075730892,BAIXO,1,0,0.0,0
5f625db97b4b93e0ae5ae1cbb370b158bf12b722d0793dcf7757ece79795534c,0.029118760414940065,97.08812395850599,BAIXO,2,0,0.0,0
5f8e277e345817f1d2f1ad0203e1d11a4e77aaa58cf5274742c5c724fda7c3e3,0.03808948189700705,96.1910518102993,BAIXO,1,0,0.0,0
5f9209a25d2bb470067053e2532cbffb18c7200d1983b3ddb28740deebf0211d,0.0056093707127055185,99.43906292872946,BAIXO,1,0,0.0,0
5f97bb456e3f215fde66fe9b6641e0f6ad0deab7b011dfdff00b3ebfbdab07b0,0.027515605454836986,97.2484394545163,BAIXO,1,0,0.0,0
5f9c6baeba726cce5831f6a11100d37cb7004c171f4b4cf79c218b3466179b00,0.14115258432285244,85.88474156771476,BAIXO,3,0,0.0,0
5fa3eb344435cd1f4d96d6bf6620d5b2e4b2c7c67dc99dcb3e8de76ff8296d29,0.03869781545232336,96.13021845476767,BAIXO,1,0,0.0,0
5fb313f5ee4175c3411ee6dc11fabc566dd9aecea4d03db17d2061ce439aa586,0.14618362976229066,85.38163702377094,BAIXO,1,0,0.0,0
5fc75b5fb026b1c9f9466f321c0ca18a85567365ea6d845d749a72b1bd7f88cb,0.011544785046315018,98.84552149536849,BAIXO,1,0,0.0,0
5fc76288c9dbb044e8ea257d1838d42ae43f6d04da864383155fcfb1b6406a78,0.07826304833410211,92.17369516658978,BAIXO,1,0,0.0,0
5fcd434e21bf7e2aa642960030db13ecffc55f2fe13812a5f8d2fa2d6e5d3201,0.0700083793110083,92.99916206889917,BAIXO,1,0,0.0,0
5fd85e3d9f917cf832a898176972669193740d675c0ea8ac2e279c1b2aa8765e,0.02023010307989196,97.9769896920108,BAIXO,1,0,0.0,0
5ff414fcec08beb5a3228fe7edc477a8db2ee26f93481e5d29b7d675ea38205a,0.2071295661049908,79.28704338950092,MEDIO,1,0,0.0,0
5ff56d92f3ebac71a111beed4a8c1dd9e2dd05705e44bd4333f38b85ce106266,0.004607588104879133,99.53924118951208,BAIXO,1,0,0.0,0
600731ee3b31ddd21b64443b14684d2b95b888b29ff5826079e360ddf30a254d,0.00924580084264036,99.07541991573596,BAIXO,1,0,0.0,0
6009814fd3674c1e2e56773482c6397da02260f53fa42d494e8a40d55ce9f072,0.5750802726245124,42.49197273754876,ALTO,1,1,1.0,1
60220134fff9be26e0035c06c936c7fcd9e1a799c3ac8d7ef098f21bccd3bbe1,0.09265526970485836,90.73447302951416,BAIXO,3,0,0.0,0
60226486d25b8fb1926b76f5025700cbcb62ff0ed2615e2cee09866908b37d84,0.05726545187241296,94.2734548127587,BAIXO,3,0,0.0,0
602a1b2ecd25d8f284a9137dfb6cabdf69dae6fb9299ea9d489b2b4620089ade,0.14140814623197143,85.85918537680286,BAIXO,1,0,0.0,0
60565ba7c1058b1fae1386da3d335abe88a0ac82236552d799cdbda6f2b9cf46,0.017779506010953558,98.22204939890464,BAIXO,1,0,0.0,0
605848e9308bf133557412be4af8831306523ae31ff636a295d11f171faec8ab,0.21120613971797284,78.87938602820272,MEDIO,1,0,0.0,0
60608b6bd4e2dc72906d170f5349d9cd0a3530e7db1933b2cf4935962b942c26,0.29846075690033225,70.15392430996677,MEDIO,1,0,0.0,0
6062fc7fa2860f35029d032a660078ae56f7a08788bc86bddfdbd92bf0a17c5d,0.03945353248041336,96.05464675195866,BAIXO,1,0,0.0,0
6076b24018954c8a4ba963e3e38f70cf9a546e092fb4a1a0b4a31c9c83b8a07c,0.06212379338369658,93.78762066163034,BAIXO,1,0,0.0,0
607ab5538defa95f6b208c36f98659fe79a5553abb99e96b0f63ec17b624823f,0.1222599688946709,87.7740031105329,BAIXO,1,0,0.0,0
608c3bac83e46113f9424a9c753943dfc810261a6afd25aab9654e90ec1787be,0.023840712632248233,97.61592873677517,BAIXO,1,0,0.0,0
608f2f35bca954d9a57c040a60f83da2e9d1baf25c47b3de7b5c1ac5d5251f5a,0.0046355634088854495,99.53644365911146,BAIXO,1,0,0.0,0
60b79723aae9e993d294d641dde2c271a9b1c917a59e740fce98c88e0d608ef3,0.07914219930896932,92.08578006910307,BAIXO,1,0,0.0,0
60c2d96cf5a404b003c8099d16e346f4bf77ab2814f9774c6dd7bfcbb50fc7f4,0.11789129153461574,88.21087084653843,BAIXO,1,0,0.0,0
60d8627cb047dd3a1736d365b9d57bd72b7dafd9bb7456ae908220ec70d317df,0.0037967021439091948,99.62032978560909,BAIXO,2,0,0.0,0
60eb969816edd9e824b251945f57c1b6d70fb88b32d68effa8b56a3b1eb6efb4,0.00919553418496881,99.08044658150313,BAIXO,1,0,0.0,0
611b4653cb8b13060876b6fff7f7587b13c1199388c3d53634fc5e2efcd2714e,0.3732608917907092,62.67391082092908,MEDIO,5,0,0.0,0
6124200c90bc27b4850bf60bca887e5d908de13775589ca5508570600062fa44,0.2976268952009783,70.23731047990218,MEDIO,1,0,0.0,0
6130e852cc5145ff8a85af96d55eed1678ab96f391a8dcdbcb69e5ed300d8277,0.1898459049252733,81.01540950747267,MEDIO,1,0,0.0,0
6137deab13a126586f58bfce1e4bbab20d65861dd47c3ba97cd6776870e5b2dc,0.08397852737398762,91.60214726260124,BAIXO,1,0,0.0,0
613f27ed60882a8dd29ed79dc7530270c467534d99c7176eecb2aba026a5818f,0.019621742005809403,98.03782579941907,BAIXO,1,0,0.0,0
614c634ea5b2b6b5b1231cacf3ed1108dca8f2036bf613116b7d336f7bd9a446,0.07670534954475307,92.3294650455247,BAIXO,1,0,0.0,0
61594821e6f4c8007accdb8ac8b0bcdd77e9ff6fe020162932fdc4f47200e342,0.018087127195175162,98.19128728048248,BAIXO,1,0,0.0,0
616a9fa0e79cd5b37b0c4f151f13ba9b1ad927d6b2804dd39e76fb4406ceb55e,0.02438601859561532,97.56139814043847,BAIXO,1,0,0.0,0
617b535fc4b0db84e32469e2e13981eaf1a1213355157da01553c40b2ddc0882,0.09003111950019192,90.99688804998081,BAIXO,1,0,0.0,0
618fba835e4cb645147651b5f06e42340c5113edfc57f348b2eebdc201f86f86,0.03569802668934786,96.43019733106522,BAIXO,3,0,0.0,0
61c0de24513f4073b0162a227a4af16bb061713203ef0a2413800a41f9c2888b,0.009616111621032401,99.03838883789676,BAIXO,1,0,0.0,0
61cb5d0deab0aebbc30d430c568543ea5c1f3e36a8af97da699d6f1f908c04fa,0.2038350562200775,79.61649437799225,MEDIO,1,0,0.0,0
61d6a5ce372b0f8972f0f6f870b8252289b9e590fb3decd21c7b015b2e03c1e8,0.09319293777518368,90.68070622248163,BAIXO,1,0,0.0,0
61e900bde0eca00036e90e87f0644a282eaeb273f878bb0f51e9e47b343a2c7c,0.8663217216385152,13.367827836148482,ALTO,4,2,0.5,1
61f0abd773b55f90e71adc9573a68b3b37449c49970845f751f725e3af0a1d9a,0.11414929282917179,88.58507071708283,BAIXO,2,0,0.0,0
61f84bd6c202ebf6f0ae4fdfc9137e38c19b6fc162bb0d42cf437df36a342c5e,0.03856431434812033,96.14356856518796,BAIXO,1,0,0.0,0
61f98de03e3495b3347f7187535ff01f28332930aba89023532642ddc80a19f4,0.07757395812621973,92.24260418737803,BAIXO,1,0,0.0,0
61fb24cbbae7d081a6c7eff18f2413c95caaaad1b41052e77879a008c03c2af7,0.024453017695033875,97.55469823049661,BAIXO,1,0,0.0,0
621941ab48e61ae77beea731de0f9e1b2e5a0d08b7cfc042dd87a5930943d3ce,0.009661553990479596,99.03384460095204,BAIXO,1,0,0.0,0
621d3ac9855d0b2b0892b6e54ef92b7bfa00ddd3f11a285b88df5ad3ae84faae,0.048256930948066004,95.17430690519339,BAIXO,1,0,0.0,0
625769ccc8062952256acd35b49ef438a6ffe3b1e3f8150d4036dc4149b2c11f,0.07626083347912235,92.37391665208776,BAIXO,1,0,0.0,0
626152ca8dd5b0ed07b8a31b432075f8e2d2721d22ec769f8b75ce7851ae1b83,0.009083354647252668,99.09166453527473,BAIXO,1,0,0.0,0
62683f3fd53b658f89e12b49147aebc86569bfbd83faf4a0e313444fb07f1290,0.015674302814653547,98.43256971853465,BAIXO,3,0,0.0,0
62716efaeff53f4f4526583f5e413d551471a4e96f7ca284ff487a23c89cccef,0.029091760087207607,97.09082399127924,BAIXO,8,0,0.0,0
627264a06cd25b9b4f34a6c3aaf80f5e1379d1feea5bd2e03116e9d35448e0f4,0.7473696373130925,25.263036268690755,ALTO,1,1,1.0,1
628244a3e18ef9edb721cf9fb17ef5f3b11a544f85af79e8cf44950418824d3d,0.2040949737638745,79.59050262361255,MEDIO,1,0,0.0,0
628c78cca3447e9d99e54dfd6d422ab6dc6df6c2fcb480856b800f0c221624e5,0.9718028195516001,2.8197180448399917,ALTO,1,1,1.0,1
62a23e7a73026d83877988aa7f487de072dd5b2c1c3c545d5b93f30e01c8a44e,0.17282641837745263,82.71735816225474,MEDIO,1,0,0.0,0
62c32401efdbd0894de6ac557970b2bf113e9ca873c9e3fe677a3ed0fab984a7,0.4474743236885632,55.25256763114368,ALTO,1,0,0.0,0
62d5a022dcc223b4e48a86ae0dbfb3e7f46829667d9f160a03d8e825640ffe59,0.027031657395931337,97.29683426040687,BAIXO,1,0,0.0,0
62dc495064406652887f8279e6369e90632b1ffeaddc6b692a3c78bd1934ae0c,0.04448391104526837,95.55160889547317,BAIXO,1,0,0.0,0
6314e6699ec19feeda67ab44e2b6adc11b63e35281724b1bcbac74a2286c1663,0.008244700680895951,99.1755299319104,BAIXO,1,0,0.0,0
632294a9fe82656443f1eb1ffcedb3955d7fde4c2ee400c95fcc2f1a3ae12e19,0.1111853205119075,88.88146794880925,BAIXO,1,0,0.0,0
633ae06d5ac7bfbc40bbc273918b4cce70aa8a5e079d9806786980d440fb108b,0.01112897215280647,98.88710278471935,BAIXO,3,0,0.0,0
63685f2e3d41d4717b6e8d24f2d08359898d6c3065f04e04b5906271f0e4c97f,0.1349208863391859,86.50791136608142,BAIXO,2,0,0.0,0
636e5331f63405a3f9ae8393113d9bc1f6505e45493e0cad41a1c39f133f5d86,0.05756824487111306,94.2431755128887,BAIXO,2,0,0.0,0
637dc7fb715ff4ed3230f5be37de8227b874d8e28b4a32edf24a1f93fb529ac7,0.031498814527459666,96.85011854725404,BAIXO,3,0,0.0,0
638a1d1066dc68b660ff1237ade9758909fac7849ed39bd7a0b4b38a1d06a231,0.35117263111874375,64.88273688812562,MEDIO,1,0,0.0,0
638a8a8d5b7428e0a1b659a1ef45c71039185c59a137db8407e8443cd273ad85,0.13218746381054303,86.7812536189457,BAIXO,1,0,0.0,0
63bbc56261bba66eb698215c535e602991254cf8e5803747214ea557f3bcd1e3,0.09243721129519315,90.75627887048068,BAIXO,1,0,0.0,0
63bc27cce0ec2b5493b18fd0fe48c9c2ca09178064a7310d8bc6dcce58921abf,0.13236276351551493,86.7637236484485,BAIXO,1,0,0.0,0
63cb66be565b78257e5fef2f6b07915debf69f2c83a8fc93c26412815b2c05a5,0.014125645775676089,98.58743542243239,BAIXO,5,0,0.0,0
63d016aae995f2882f7ee8e027bb145fb0e97d2783301c2554886b1449e3492c,0.022025856902480885,97.7974143097519,BAIXO,1,0,0.0,0
63f513b9c15c7444c8f01d49d92b6d1fa14585b2213f0659bbbb68e5ae5d6819,0.013791927320357352,98.62080726796427,BAIXO,1,0,0.0,0
642bc7baca239828a5d88373640fc336939327ae508b9ff588c69d31be8933d2,0.10804950340366633,89.19504965963337,BAIXO,3,0,0.0,0
6455b1db775caa9042fe7c44c2b4470caac41a446930f15a5638d8c1368b5afb,0.17287295874271266,82.71270412572873,MEDIO,1,0,0.0,0
64560eedfe5845fbee30bec020e215ec4766b303ec9e73f6bdb371c3f110d309,0.03847879248059172,96.15212075194083,BAIXO,1,0,0.0,0
6486bb837c9bc6df5d21249f8ff0967a3ecd08e73c6361aa421eba3537b20751,0.1832290751254401,81.677092487456,MEDIO,1,0,0.0,0
64962a283ab255f2e7c18d9d0d55e370b9c6787045bb2e1a0ee9aeac2d62265a,0.24325689858949517,75.67431014105048,MEDIO,5,0,0.0,0
64bde26a1ee759c168eb11cd89b6bd3557ef07b5b495cbea95f087820a767347,0.01050697217770011,98.94930278222999,BAIXO,1,0,0.0,0
64f10d0d5181dfe9d5b82917158196514750f017d3f9b6ae1e583425d5212236,0.04115048025405172,95.88495197459483,BAIXO,1,0,0.0,0
64f89e70a518cb2f966004c1b4e0d7bab4cd3ba730075b2a623ce1dc6305fa73,0.059874253725642604,94.01257462743574,BAIXO,1,0,0.0,0
65184389f2f52e3ba28e8022bd299717b085e18f723027aa966b260b3503647a,0.016302799211152942,98.3697200788847,BAIXO,1,0,0.0,0
652b9a370590467ef0ee5fbeaf3f7fb9893a35918762f1894058c7899d907af0,0.03806437056477609,96.1935629435224,BAIXO,3,0,0.0,0
6551c2c9ac37ae88b3957e88add7157bf9501cb54f1297aa9bc1c237cace632b,0.02165361325330999,97.83463867466901,BAIXO,1,0,0.0,0
65684e2f390a44467b54a7f2d1d693837779e3bdc0a05e87c2845ac6f387551c,0.004305090904477741,99.56949090955223,BAIXO,1,0,0.0,0
656adecd9f7d102deb2b46e06c9fb1c97d8a680e96641b224c82d3ccc6ee687d,0.013881128367058697,98.61188716329413,BAIXO,1,0,0.0,0
65717eee57d810ebddef2000031032bf23c1a73b12eb78efb71a909b1e11eece,0.09594470021236298,90.4055299787637,BAIXO,1,0,0.0,0
6573573492fc23f12cc04842ad4b137f0bc653285aa70976505bc9f9507fe859,0.5156886582945985,48.43113417054015,ALTO,1,0,0.0,0
659b40c70a9f157110eeda4d5b22e97a26a3b1de76c2ad1ba975355035ba613c,0.04125719188931601,95.8742808110684,BAIXO,1,0,0.0,0
65a5b0d93d034a55b99153b38beb8cbc32fc8d51520f1eabb18dcf2593637b01,0.015301356809399345,98.46986431906006,BAIXO,1,0,0.0,0
65a97de5c4e7ddfb2885f6dae245ce39bf8d68d2a2e91e8a9c207cd583ffd302,0.08332395068392034,91.66760493160797,BAIXO,1,0,0.0,0
65e5223534d2c8b4a493e2c7ce7c8d1268cf06e56a3715c9d33dd2a54a4c522f,0.29084925298938047,70.91507470106195,MEDIO,1,0,0.0,0
65e7f89496fb1c30624ac9b2d62fbc9552f5b5a96afb60c4181ee5aa0b383319,0.03638057646444914,96.36194235355508,BAIXO,1,0,0.0,0
660803e15cf20e8eb6b563389f3742120c57151cb8519b8b8a600f61e67c14bc,0.17853949948804404,82.1460500511956,MEDIO,1,0,0.0,0
661381166cf27c50216e8b685d3050168fd319950ffad4cd00a4c35323b66d79,0.09817267329972697,90.18273267002729,BAIXO,1,0,0.0,0
661f43db1a7dfdb071fa33a5afe76e82a5d6b11b7a1e859af7ae063c47f06876,0.030617453043889693,96.93825469561102,BAIXO,2,0,0.0,0
662440cea6ebeab9f8ae7592c87e4188ae3fb6839d1c46d3d2465b4c54214bc6,0.14284567721596575,85.71543227840343,BAIXO,1,0,0.0,0
66394a6658691f7bafc96c9a0003206fbcc79c75861eead3e3703498d3a44970,0.028557194595955196,97.14428054040448,BAIXO,2,0,0.0,0
663a181233ac4606a261be70d60a1609eb55aca97a1c68b4ab9e322df0b1a237,0.12693080395689585,87.30691960431042,BAIXO,3,0,0.0,0
663a9ce8b5d2d05daed465fb775b8f4c04b080ea3e94d7823d72899c3e3bb005,0.1775799533330751,82.2420046666925,MEDIO,1,0,0.0,0
6642f33e1f7bc4d3bb7eb7f0d0c1e543c992c713cd0714e4b0ed178dd273b9ec,0.0067178725006621365,99.32821274993378,BAIXO,1,0,0.0,0
6663cfbc54120cb71b7428119e0e3eb6c816b8826dfada2013d00b04017fbd62,0.026810031917684895,97.3189968082315,BAIXO,1,0,0.0,0
6683978d387c1ecb1a79e1ce2b3b72a2294fe773a298376e9b43ad354f7f2742,0.015377212636511588,98.46227873634884,BAIXO,1,0,0.0,0
6697d02644380aba655a3c033f53fd31e64e66037a8294eb1e1e2476b89e4d40,0.1047559235446355,89.52440764553646,BAIXO,4,0,0.0,0
66b88e8ce8e47b0dac8d381bf51662aeba7d8834beb1c363c285b9c87b853fdb,0.15087330989217912,84.9126690107821,MEDIO,4,0,0.0,0
66b9b35bbf787aced3a404e95c212adf7debd14f4366fd11672a41f7afe9d542,0.07731165071901044,92.26883492809895,BAIXO,1,0,0.0,0
66c926c3268ebae1de1a306d3a7c941900fed553d9d86aac44f7d75007645627,0.0834017018307675,91.65982981692325,BAIXO,1,0,0.0,0
66d50137a7fdcf9de815b2cd114c757a321fc3756a8ea467b7b6c2688912832e,0.055968751290451486,94.40312487095484,BAIXO,1,0,0.0,0
66dc31ac246fb375ae7f1ec1614790af103997efdc907e8734e823364dda344b,0.05517079373621743,94.48292062637826,BAIXO,1,0,0.0,0
66e1d381ba98d48627f37a8f7c3406889b5f0d28638e7de801b7e805041efb0e,0.5751675704539879,42.48324295460121,ALTO,1,0,0.0,0
66e93626f37047daa2004db9a212eb228f70d098f99adeed1043232d80c3ded7,0.20866238226449532,79.13376177355048,MEDIO,1,0,0.0,0
6710c29fd0e512e4785a793fe041cad79193bced40db63b127829a08f4fc58d6,0.18296375381608027,81.70362461839198,MEDIO,2,0,0.0,0
671a627714c636b020e7a502e4969dcdbffe5b11a3ab36160d08486e6fde26cf,0.08438450699246618,91.56154930075338,BAIXO,12,0,0.0,0
671de95e183c09d580a28d7649a805178c8560a4015f15da39adfc9fac8dfe12,0.1592148916435535,84.07851083564465,MEDIO,1,0,0.0,0
6765b9a197bf244972564283d78e62bb161247499304cfa081ad0cdd35a6f220,0.013230060967165629,98.67699390328343,BAIXO,1,0,0.0,0
67915282ecd97b99c2ae2315014df3d9389b2314963e82adb5bd7c8763a872e0,0.05129224930037298,94.8707750699627,BAIXO,1,0,0.0,0
67b49d713639426b4e5ef0891e6b8944c822c0bc5944b672caeaf7339ebaf76e,0.1259913550078073,87.40086449921927,BAIXO,1,0,0.0,0
67b4bed678014446e38be15e5ac39dd6514b91e64995171adb17f6fd9fc14355,0.10314654557223783,89.68534544277622,BAIXO,4,0,0.0,0
67b7270b4e0d7c618b18cf17b2ff5c533e9a20e04684346f5bf5269e72df27ae,0.04442059184798176,95.55794081520183,BAIXO,2,0,0.0,0
67d96eee16c83e7c26557c866f1eafd8971a7f9a828aa53d4e98559a4563476d,0.05305376310804842,94.69462368919515,BAIXO,1,0,0.0,0
67e897d77b20d3c67ced54ae094ee1e956cd753d09cb3d39477689bd6ca0aee4,0.004105499264913039,99.5894500735087,BAIXO,1,0,0.0,0
67f2a93d9c5b9d56018aab752f6925f0e761e7525c7069e94ded90fa8e8e9b4d,0.01955437154659979,98.04456284534002,BAIXO,1,0,0.0,0
680ca6311ed4588ce373b3d89f910a545c67964198d3769d64c189e908e8e3d0,0.11811110914949428,88.18888908505058,BAIXO,1,0,0.0,0
681b7bb41b1d5d7a42807090bd87b417a19813e8b5f6e2a825ca46d981e0a351,0.0899392078014988,91.00607921985012,BAIXO,1,0,0.0,0
6846ca637217c8267448b2c7dd1c6a6244084d5a2285a1ddbaaabc680c518347,0.04178315091560137,95.82168490843986,BAIXO,2,0,0.0,0
685cad162dbb28114ee6f653ea0de90cc275fef31272c3784121dfb4175e7f7c,0.14332759656358193,85.66724034364181,BAIXO,1,0,0.0,0
687c087bf86712ec041586685c3410d82fb231db512f50167c02b7b5f77060a0,0.030571799111107474,96.94282008888925,BAIXO,2,0,0.0,0
6897204b01c0343c8e613eca5aadfd254056d77be88c4884b1c2117be07420cb,0.09213735291646159,90.78626470835384,BAIXO,1,0,0.0,0
689922c10ce17bc81660caf79e231b5669a7ee160cd79e5b38aae540b78d3396,0.00643899401007216,99.35610059899278,BAIXO,1,0,0.0,0
68b3025ce6157b4d4239f2d63d043f34d49281cda44d039f9617b60fce142f68,0.030070579667748572,96.99294203322513,BAIXO,1,0,0.0,0
68c9e2f6622b3763e85c0491a07ba40a978b62c6f70a7c403f54e80da62a61f7,0.08997862198315941,91.00213780168406,BAIXO,2,0,0.0,0
68ce8f71d7deb9ca52448d46bb3e3a488a1f8a9f215d5b93a0daec1511a01369,0.5028896581007964,49.711034189920355,ALTO,1,0,0.0,0
68d1511ae737baf375f511aec403283bf4bace8b5dbd95c4375b84bbe9350ea3,0.8988578932966012,10.114210670339885,ALTO,1,1,1.0,1
68dc9dd84747931b9f5bc1d80fc2f67219fb33aea1f309f33db91322cd21e070,0.03389751198888798,96.6102488011112,BAIXO,1,0,0.0,0
68e2b7ecc0b7a98bf05c12fee5e916923c20f6c777036f289eccfe3cd1c79e12,0.15129443830590122,84.87055616940988,MEDIO,1,0,0.0,0
68e2f86d28f2c669a32bc255c129b4a4cfcfecde42abcda382fcf4a4abd17f95,0.06967364834711329,93.03263516528867,BAIXO,1,0,0.0,0
68e3efae3c043a6a1e98b6a4d7203fd3778dc976636bee50509d383dd35b4dad,0.011694210667336107,98.8305789332664,BAIXO,1,0,0.0,0
6918bba417f0ccca033e92f5ebc9ed6c0d7ce5bb1352beda8812d4b02daf952e,0.004073543532285222,99.59264564677149,BAIXO,2,0,0.0,0
692800815a80128c7e5f07fbfe4e441b97560f7283182bf836e8730b6319cc3d,0.07613562112056806,92.3864378879432,BAIXO,1,0,0.0,0
692b170c7f782f62b282f9a302059357d253103cbc49246506aaaf9c5c09dce6,0.02747624075266395,97.2523759247336,BAIXO,2,0,0.0,0
692dba288879bf4f3877cd70a5a394730537206d03c3f772a40656a6686860f9,0.05829819368766553,94.17018063123345,BAIXO,1,0,0.0,0
692f4a39b00b8af6fc4a4b7f051b08b50c2eebc16d699de74ff0977e81bc0388,0.5381157967945519,46.18842032054481,ALTO,3,0,0.0,0
694b625b8064b25561cc41ddb3064adf054d6698e714c84be2ed50b5294debfc,0.12660107425110725,87.33989257488928,BAIXO,1,0,0.0,0
697bbe9015ff1956b304fa36b0b4986358046b4de3e28ce508106e22f7817a8e,0.03578777663473041,96.42122233652695,BAIXO,2,0,0.0,0
698bdeef7f65b78395875d43b6cfcebdcced85332fca5290976f9c2cad1e6d2e,0.05736401658122255,94.26359834187774,BAIXO,1,0,0.0,0
698eee5caab449823207b00644f5cdd39e653d6048989b06bd2c89c7c06a1d6d,0.007410244221992041,99.2589755778008,BAIXO,1,0,0.0,0
699cf17fc3d220321a8151619894a83b8acf39e0b5b379332107926626b4985b,0.14793608999447683,85.20639100055232,BAIXO,1,0,0.0,0
69b091d2aca55581ef2ca43f21183acbd460c9eec92da600648bae6679cbb741,0.1617462769593275,83.82537230406724,MEDIO,1,0,0.0,0
69dd175f4c54499b9ea6514359b93c3907c24747025c5c80b7974e224fd983f3,0.1412522667298057,85.87477332701943,BAIXO,2,0,0.0,0
69fc762b2eaf5f76aa1f2748cb62f657a87e9b3d8d7c19d7348c6af459181bd9,0.05780751238784549,94.21924876121544,BAIXO,1,0,0.0,0
6a286d42c352d784fc9411f207f5e10152ebb44340f11c7e4cd2639d02aec142,0.047766271097941015,95.22337289020591,BAIXO,1,0,0.0,0
6a406f0644f5b034fffd3a275a406b4968e04f4ce87f09f2a7008fc69ea5f9b2,0.055624602260835834,94.43753977391641,BAIXO,1,0,0.0,0
6a693953000a1cb40809c492a97b54a73f4b16073ae54ea529d9887e8da90e23,0.05924729619308405,94.0752703806916,BAIXO,1,0,0.0,0
6a80d80cfd27c83397062c0a147906ccbb7cca8906b13d0ec9e89b820f26c156,0.13959726539795342,86.04027346020466,BAIXO,1,0,0.0,0
6ab1fd800e40f23dc4143a179e6991a2609969f75ff4e595fcabf9066eef3ba7,0.021434220939933944,97.8565779060066,BAIXO,1,0,0.0,0
6ad68644b26f6ea0ebf949e0d5f92ff499007735ae71b29a82e25135ea2191f5,0.38088136717629945,61.911863282370064,MEDIO,3,0,0.0,0
6af1d594dce8154b13da03ffc2f026bb2e84c5881e3ff9aa2d0b29d862fb348e,0.14971630259209942,85.02836974079005,BAIXO,1,0,0.0,0
6af5b18305335fd51b004ab6796d2e48451e705401d261aae53ac8c77fa388c3,0.038090250443914585,96.19097495560854,BAIXO,1,0,0.0,0
6afc81089491d68aa7735a173c14d33ab70c8dad161f3a60c32940be3af26050,0.10581579377247603,89.4184206227524,BAIXO,1,0,0.0,0
6afd09f996468699ba524860a1761bb1b540ad4ad4896785b2285614ef51c92a,0.047653310154663835,95.23466898453363,BAIXO,1,0,0.0,0
6b00aa76e8b33917821a6c05bbfa17d7ef37d0316a7b8b26c5fb361375a1f6f4,0.15048293593858555,84.95170640614145,MEDIO,1,0,0.0,0
6b10734a82fc8efc67cd707dce838f4ffdb4b066ec8219fbbac351b0a5b1915d,0.3936214538621379,60.63785461378621,MEDIO,1,0,0.0,0
6b196b00324dd316e6a5f97f813cbf1bca87d30acb3dfac05118c0d2bbfba6f1,0.17304073691930005,82.69592630806999,MEDIO,1,0,0.0,0
6b4c7f16e77141e7d164ff17837f5bcc1d256f1e5ddfcb9b63379b112212bf6d,0.18982482285667734,81.01751771433227,MEDIO,1,0,0.0,0
6b61062caa086a6018d9bbcb2d59725269663efa12bcec9e8884ca3d6c59520e,0.010248165245411861,98.97518347545882,BAIXO,1,0,0.0,0
6ba24974e655957a428fb86e7660ee3915ca21c364e6fdb00bbc2214727be5f0,0.12289796003345027,87.71020399665497,BAIXO,3,0,0.0,0
6be46b4ddcf528dcc7b0fdb523ac3dc4cf84160fa369b0399ec86f116ae3030a,0.0058716075658517015,99.41283924341484,BAIXO,1,0,0.0,0
6bf6c314009df0ac7be5adaee4b57045695184f05ed34d485ec519ab93860f1c,0.0905932234220842,90.94067765779158,BAIXO,1,0,0.0,0
6c29aa0ae9fec35203eddbf81dc44131e0637b21c608534e5f350e193b0dc33c,0.02745255374162293,97.2547446258377,BAIXO,1,0,0.0,0
6c29e337a603a9f3795606ccaffc41e353cf1d474d2b59336fa5ecda44bfbdfc,0.4262835534691919,57.371644653080814,ALTO,1,0,0.0,0
6c35eef3d7cf5bf472bd8ae2d2282132b1a6b4e18f4089fddefb32a1cf636657,0.10328668414829605,89.6713315851704,BAIXO,1,0,0.0,0
6c3a312bfa2f4315babc9ef4eb35275b3f7e337319b9cd12950d291fbd6aeb72,0.013860803269713295,98.61391967302868,BAIXO,1,0,0.0,0
6c53e2a9f2af5480ce8207b1764e5a209031fb5af9080c71fcb60385db386ed4,0.12407958013305383,87.59204198669461,BAIXO,1,0,0.0,0
6c65d8cd4aec88d855e0fed4734b78003480966754f8b00cff7dd50e1514795c,0.22775673598869692,77.2243264011303,MEDIO,1,0,0.0,0
6c7119e9d8ebd74f5eb269e3e6a95d1285d8884e74d6ba87330333c72634e7da,0.2924658666041836,70.75341333958164,MEDIO,1,0,0.0,0
6c7e72baf9effeb9547a02e2d9c23df1d42bc19deb59e5d6c3f16171d0370b2c,0.15112311902313488,84.8876880976865,MEDIO,1,0,0.0,0
6c85379be75f4256c51634a7f5eb7b390562cf442e4a8eeb455e02482b2e4356,0.3860011517537877,61.39988482462123,MEDIO,1,0,0.0,0
6c8d814fda8e4d86d1691d7d533cee19c40c7891678f13938d4c440ed766666d,0.06067190560970411,93.93280943902958,BAIXO,1,0,0.0,0
6c95b691cbdaa20d62cdc1980b83d26b4cd6ca93738d18b6b2b50f52d2494ab4,0.06588890990000078,93.41110900999993,BAIXO,1,0,0.0,0
6ca29bb927eddcf4027d5243aa4055cd13ad4135506f43309ed61182dddc0a0a,0.7785622400879451,22.143775991205494,ALTO,9,1,0.1111111111111111,1
6ca9c9eea3c2e1449d9f75e2ffd4a60292e610e0e11be97324a3e585acae2c18,0.5411438833803545,45.88561166196455,ALTO,2,1,0.5,1
6cd4ba94b837382cdb1e995cc7d77b9a16e8ed7b01e82faba5d7df0a0e68fb11,0.031684869357684504,96.83151306423154,BAIXO,1,0,0.0,0
6cd71b7e343166198ae25fa91dafa2f410caad390410fb86841eafda28499d79,0.11706366341670342,88.29363365832967,BAIXO,1,0,0.0,0
6cd7c1a9f8d2bc63f31965e03b0ba1a22e6d7b7e620768baeef31299a4ee29fe,0.04456746022723057,95.54325397727695,BAIXO,4,0,0.0,0
6ce3f59203223ad09ee9d2ab2600a60dcd1cdddea4727a71469bd72cd9f70cea,0.08039329507092141,91.96067049290787,BAIXO,2,0,0.0,0
6cfe8629d7d56e1215bfa48c8b26a867b193cbc88160ecb4e2b162ba4e0331b7,0.0031221389209984173,99.68778610790015,BAIXO,1,0,0.0,0
6d400687cbcca0628fd60eb356599f4574e20eaf8b8982351c6f363f6254efe8,0.1635584046055015,83.64415953944984,MEDIO,1,0,0.0,0
6d469b25302149c40a29d2d67c830ac71a7dccea47cb47917166a349662279c5,0.09739596355033281,90.26040364496673,BAIXO,1,0,0.0,0
6d516726815c1a55a33a79bc37baa1052f522e012c348646e193eb1e9b92d296,0.6025353508870203,39.74646491129798,ALTO,3,0,0.0,0
6d98e5abdef2c00fda790b67f7b4df9f26e6b3cb2e19c17c544dc2a76bb5407d,0.19307813828957116,80.69218617104288,MEDIO,1,0,0.0,0
6ddff6dbed4e25f0cc729814d86af4f1ac08e41b6e3078a98d1516a92a307710,0.1289111479034612,87.10888520965388,BAIXO,1,0,0.0,0
6df6138c233feb2711db1f85fa6ca76506d9f97b07c8e4f14ef9bea7e54dade2,0.07184242446782407,92.8157575532176,BAIXO,4,0,0.0,0
6dfd28ba592041cfca8345ed32875930ffc589a04d69ef3be7eb08066727f96b,0.3894960328389913,61.05039671610086,MEDIO,6,0,0.0,0
6e2c7702309f4b9e6f15c0d716bc2306d553fae98651d3151a4e032de6722d48,0.5133722928325242,48.66277071674758,ALTO,1,0,0.0,0
6e3472c0cc6626dc79347019824e5e81482549d1f9eedf1f913e6fc98975f952,0.002711657601482107,99.72883423985179,BAIXO,2,0,0.0,0
6e36e85489d795efde4ad153e3dcc6d78222e7661b3183c1ed669b4bff96d702,0.14507902011654694,85.49209798834531,BAIXO,1,0,0.0,0
6e3eeb305a60ecf271ad9e412ee6fb36238e32118c1c9cd6707a8c49bce956ab,0.06998243352093984,93.00175664790602,BAIXO,1,0,0.0,0
6e41330b9e6266bd1b34648a60290761f2e2d03fa0d77fb11aac8a1f860810eb,0.0385834996239827,96.14165003760174,BAIXO,1,0,0.0,0
6e5cd3aabf7e6092e8663ea15530c0af9382f68569e21f949c7627ab287d42d8,0.050887683282019654,94.91123167179803,BAIXO,1,0,0.0,0
6e65db89c18dfd3ea319cfffced19ffd7f9069e2549980e7f7eb1170bc58b6d6,0.054066606038252245,94.59333939617478,BAIXO,1,0,0.0,0
6e7a46fb1d76d2b381bf27e71134fa5aad3e5b484bc170022de1a1aa2c554dff,0.13185155869184606,86.81484413081539,BAIXO,1,0,0.0,0
6e885a722cbd83522cfb4bbcec7fb3cbde6cc3486aa3835f70db31bfa4103b45,0.019629163292351547,98.03708367076484,BAIXO,2,0,0.0,0
6e885f5f47101643f5a8f0bf8e035c4fb8984636fe5d7e50c9345a9df4f802a3,0.0068201286139926215,99.31798713860074,BAIXO,1,0,0.0,0
6e8caa73515619b0a5c54cbf9a8149f4d6ab5fb573f02484a1021578038de70b,0.026043278517100824,97.39567214828992,BAIXO,2,0,0.0,0
6e94110a587c4d671c80e6afd14d974b8fd2c6826194b6e03714becd327e36a4,0.011833712793652364,98.81662872063475,BAIXO,1,0,0.0,0
6ecbf4417dccb273a31e99d8468264fa6de52868f7d38ea80743829c26bcfa77,0.03256937334873107,96.74306266512689,BAIXO,2,0,0.0,0
6ed821591b49961d1cc3ace0d5ac2684a381f40d8c0647a7a439d8bb7fbb9d23,0.061467587121343106,93.85324128786569,BAIXO,3,0,0.0,0
6ee43faa48b0708e964c7343dd3c4cf151e0d6e7ce0a2b50eba19d3c52b4ae61,0.07896113783176721,92.10388621682328,BAIXO,1,0,0.0,0
6f1341bb059dc722662c9c0c5f429155d8724de17dc4b3b31c56062b59d8caea,0.0531664269624875,94.68335730375125,BAIXO,1,0,0.0,0
6f1e7cf72ab93d3669216b0cfe9f06ef365e3ec6fc9fd664e16692964fc05612,0.6270808061741466,37.291919382585334,ALTO,1,1,1.0,1
6f21ebdf2e3c529370aaeddc719559f847597086fe8a9a18fd45f9edae69550e,0.4397248246940421,56.02751753059578,ALTO,1,0,0.0,0
6f3440f7be91143d0e24b438bec97a25941ac50b3facf011b5a6cc559fc95500,0.07897191975439273,92.10280802456072,BAIXO,1,0,0.0,0
6f65a56d54f8291b8eb2f17dcac4dc2d49c0af429fb47a31865711601d37a63b,0.025461938740020566,97.45380612599794,BAIXO,1,0,0.0,0
6f7ef152f253ced08f6efefdd6ba21703aabab84d6cdf8457898ac22af82811b,0.06339705034791226,93.66029496520878,BAIXO,1,0,0.0,0
6f957351dad42f5dd26a33cd2e69edac8236c63ed64a392d3bb5d8380a9014d7,0.02052825336412795,97.9471746635872,BAIXO,3,0,0.0,0
6fb780c0b53c6fc0307e3c8731d02e8b2b4b871b8ac852af3db15bf7bb19ee3f,0.11050121803655481,88.94987819634453,BAIXO,1,0,0.0,0
6fc0dd26b44f79f42ccfa04f0d9a75c5cf6395c0343fbf281f3282ae56d67e76,0.05238454805103109,94.7615451948969,BAIXO,1,0,0.0,0
6fce4d563eaad3a9e749ff5b234cd0e66c660cba8cbda414b4e885ffdd7d7465,0.045272553706616356,95.47274462933837,BAIXO,1,0,0.0,0
6fd4ae78ba7a85efbc1c17f9b167d9e50c8a2e952933b9a68727633a9b3369fa,0.09343020565732543,90.65697943426746,BAIXO,2,0,0.0,0
6fdcf639b35d31ed525d6bf433e24ab6640886b941b010b95451fbe53c963c41,0.16870146134273165,83.12985386572683,MEDIO,1,0,0.0,0
6fe1bc1aa10f972b38cf97b305c22a80019e54a89796e0bc21c1f1246526bb4a,0.1690113657642502,83.09886342357498,MEDIO,2,0,0.0,0
6ffab91d520934011b6a46afd3b1c694c09acf2caa7fd9e57d4cc449ee547e87,0.005002681341015602,99.49973186589844,BAIXO,1,0,0.0,0
70101f4eb0fbb41bd1e427b2cfbaade9763b5167ec9d43b8d504fad5e9cef1ed,0.00550357642238467,99.44964235776153,BAIXO,1,0,0.0,0
703cc8799edfc0ba72908b75aebbfd1b4e52707ce05527738b998b096b8c80cf,0.10520288799944776,89.47971120005522,BAIXO,1,0,0.0,0
7051d752a54c695e3cc593983218d422b633b83701ae68255c10331374e3c69a,0.1420594061372537,85.79405938627463,BAIXO,1,0,0.0,0
70550be01d8b81bb43dd2468441647ba22a115f16924180bf35bf8e9378f3d74,0.4201359053935005,57.986409460649945,ALTO,1,0,0.0,0
705b28ecba58311947d2c9a90a103670d8e7aa716838d2f595b2751efd64c953,0.01229502375022391,98.77049762497761,BAIXO,1,0,0.0,0
7079f8b157811183273edf496d0d992badb71d3f5256f0d5bbc565d53573b5a2,0.06263952072472088,93.7360479275279,BAIXO,1,0,0.0,0
7094bbb772d688aaa0976f516f04831b70a19d16452aaf1a5171ce9df154cf89,0.05255756352120611,94.74424364787939,BAIXO,1,0,0.0,0
70ab899705be23176b008824d8a25bb42eb23268025719fb3ea7c39662bb56b7,0.006554258849654468,99.34457411503456,BAIXO,1,0,0.0,0
70b7d0d51e028b858dbb0eac27048a9a45d2ce5bc38fa837956ca3b4c68be43d,0.07988062637354257,92.01193736264574,BAIXO,2,0,0.0,0
70d5322e4188224f0f143187852061a66cf7d5cf64dc22fa6159836e58536bfd,0.17675755453994993,82.324244546005,MEDIO,1,0,0.0,0
70f4f73010acafe650b909040106ef468a73c6357d0c656bad621f8358579962,0.0069791319761118974,99.30208680238881,BAIXO,1,0,0.0,0
7112819df0668d1335cf8200c554eb1dc735be21d4b9af0a5f794e451e391638,0.04207475620753429,95.79252437924657,BAIXO,1,0,0.0,0
71182afd3365ce296ce25a8e83aee7c95c3e3e4ea0894ae3204f8529e1dd5e68,0.17580153027732823,82.41984697226718,MEDIO,1,0,0.0,0
712154796cc427e3c01ba3ce9c6d0420ab16abad6ff31beb726c35566ca99cc6,0.08890970945954631,91.10902905404537,BAIXO,1,0,0.0,0
7142225491d24d4152bef70337af15741a8c01e4da3601c5ce75c94b508be507,0.9490060099164345,5.099399008356553,ALTO,2,1,0.5,1
7143bb28ea792dbbb89dc7494267a353480d3fd2a1048bce5885189175899603,0.062478980629647074,93.75210193703529,BAIXO,1,0,0.0,0
71521a25c7971b871ae96e1858f055ced3eb791c6dcaf53df966efa7d577103b,0.07224024099054817,92.77597590094518,BAIXO,1,0,0.0,0
717cc4f2818a710397045d31f672d08f03e723c23905d4ed299b00e844a0217c,0.012883955775653861,98.71160442243462,BAIXO,2,0,0.0,0
7192523166f2b68d66803c9e6da131a8afd26ac7e0005c9dd0e33eea76ac695d,0.14303466410960305,85.69653358903969,BAIXO,1,0,0.0,0
719684ff6daa68f0728bb04cdfcc2282ce38e9a27a77ad80076ed9d7899c5ac1,0.07818814891107925,92.18118510889207,BAIXO,1,0,0.0,0
719c32ed345adf37e3e4826b93aeaf6d2283e7c234c3d90b01e2f9591c4232ee,0.08828843756043118,91.17115624395689,BAIXO,1,0,0.0,0
71a062e4b0f55a494fd82d9356dfc482370737ddd122a49dcc59d6ab4eccbdfa,0.2210616803656662,77.89383196343339,MEDIO,2,0,0.0,0
71b2ca0b5fbff1c610c988ca0e7d0d6842c719eff3144042d15e132da9fbd5d4,0.034983736900171376,96.50162630998285,BAIXO,2,0,0.0,0
71b8fc1bac896946c64556af79b29cee1e3f3d74b38bc8f9d1064a5290d2051a,0.017592040232122866,98.24079597678771,BAIXO,1,0,0.0,0
71c73947195c307364c17621dd0033912c62c8a3bc6b1bad24a9e5512b640fc8,0.12928591236990272,87.07140876300973,BAIXO,1,0,0.0,0
71f1c00d394ab08c256a0bbdf1ca1f12c9fa75da0c18d374efa7a3bf6514c6e6,0.05073964477457437,94.92603552254256,BAIXO,1,0,0.0,0
7224f032669428f0229cd0969c8afed792d5b461af0a4bec37680c9a0c4da780,0.0830569872050244,91.69430127949755,BAIXO,1,0,0.0,0
72320bf2cf6fd58592e7437563163be06b645305eedc985a7cd90addc93ae191,0.07686965760851303,92.31303423914869,BAIXO,1,0,0.0,0
723a2dcf6076b386c8277c8807b677e036549ae4feda1f5f9e9d0c99201722b1,0.02277348535413852,97.72265146458615,BAIXO,1,0,0.0,0
723f26e3a24d6749fa5978b8c4f8874004c1e3ff1a5cd1cc4ed8bed24fcbe20f,0.006499700534990766,99.35002994650092,BAIXO,1,0,0.0,0
72506de5e5f1eb2ecefcbf3557b07a0af94eb8de53bfa61e6efc97f98a19e358,0.01047195757893532,98.95280424210647,BAIXO,1,0,0.0,0
725222c654a8dd924bfdf07f47c17a7ebebc74b135d86aeee3bd3d7046eba5ea,0.13036684295884052,86.96331570411596,BAIXO,1,0,0.0,0
72528e22474b802190927bb0a40f27c9beb780cee7697323c370736a5b12dbbb,0.01400305369985551,98.59969463001444,BAIXO,1,0,0.0,0
72616afc7e23490643ac2a4871847708c2a2e88a5a55c680752be01dea3eb57c,0.0453530478563296,95.46469521436704,BAIXO,1,0,0.0,0
7276c9e43ab2fdf7058da8570c188944c7cbcafd0107834c9fecc27b28969675,0.08663260689192061,91.33673931080793,BAIXO,1,0,0.0,0
727e9dde59de43e7dd07d2685d0c56b5e9f90a4f546c3db3c001d392b13345c8,0.0485471592296075,95.14528407703925,BAIXO,1,0,0.0,0
729016dbb6207eccbb5ee274f8178f09851cdf5cff0bc3d17e25de5460eae2db,0.16993674549287013,83.00632545071298,MEDIO,1,0,0.0,0
7295b4439b2d9dc54c08987d232e2d6ee621654eb2cabf30ceb261e6c51aef10,0.12002422178151279,87.99757782184872,BAIXO,1,0,0.0,0
7298297043cb872ac5bab7086ccad8e5743f7745a3eb3711a644bf8db9a08a86,0.30141458978935204,69.8585410210648,MEDIO,1,0,0.0,0
72af190f7de2989b59cc503040881639ec24527de346776bb2c93b8a29a0ed1f,0.06664986515957921,93.33501348404208,BAIXO,2,0,0.0,0
72c0f66f5b9c7faa7f86e840460313ce9e2fde63b33758df3b5bf0f6a0e5e78c,0.20454004658002195,79.5459953419978,MEDIO,1,0,0.0,0
72c394f604d86498c032e4ad983f7191b5df6ea36ae3f6290865fab893cb39a5,0.22039776871961944,77.96022312803805,MEDIO,10,0,0.0,0
72c568ff9f33a81a1afccce491b93a7cbc93d2c4d2d60a7550d8db139c3c5301,0.09347293989994528,90.65270601000547,BAIXO,1,0,0.0,0
72dd13cbee2b3e3bf07eb49a5aab39b852b56a87a5398b616d01c4e6b8b13592,0.05224056149289651,94.77594385071035,BAIXO,1,0,0.0,0
72ff16f70da865ec56419215bc30f1618039dbb240d48e220b453040fe79568c,0.1808409569627603,81.91590430372398,MEDIO,1,0,0.0,0
73007e069e1fb1dd887b12e237e04620b947862578501f185fbf9dab0dcd206c,0.1001684018686155,89.98315981313844,BAIXO,2,0,0.0,0
730ab9db44d268e12440fb81ed13131843803e0f47e9f759aa67fa1ecd97213b,0.008407900076262157,99.15920999237379,BAIXO,1,0,0.0,0
732416fba8df42ce0d7a275bacf7959eb897efe2112e955e1a366534018923d1,0.015104822945955715,98.48951770540442,BAIXO,1,0,0.0,0
732ca36c208307531f115273b73a08a7ed72472f3eeaf5b9aff12ba88082fdb1,0.026447794339920526,97.35522056600794,BAIXO,1,0,0.0,0
733c9aa72e3554b8f0b1df417a9d1ab8981fee8233dca1d8ea57d67c51e945b8,0.02576035297989078,97.42396470201092,BAIXO,1,0,0.0,0
735feb40c7fdd5ce14dbab0b472575789df7b0a9eb49d2f55a2d8339849d4bb7,0.15803769927045844,84.19623007295417,MEDIO,1,0,0.0,0
7365a4d308e1f097df49008ace5a26d578a9358869005f53a5ddb6a02ac2b202,0.009331225617777909,99.0668774382222,BAIXO,1,0,0.0,0
739d3bc545e0f5dd609159b482fe884bbd40e71e47fa39c130b04c245bc7dfd5,0.004124806365597477,99.58751936344026,BAIXO,2,0,0.0,0
73aaf50f96e1bd9947f0ff0a1a7d4d8f3bf9eddd5e17d67a63836f6a57cdaee3,0.11570310134750175,88.42968986524983,BAIXO,1,0,0.0,0
73abd1dd7565e29cb1ceb131fdb5b900f1cc7605235591dc22eacb472fd3bb05,0.19356757040316314,80.64324295968368,MEDIO,1,0,0.0,0
73d711ca764aa952b24b8fa3c10b87f363587a1a5bd2452d9983acd647bc82bb,0.23466407101105663,76.53359289889434,MEDIO,1,0,0.0,0
7408365cc3db8172d757c51ce2f681f12136cb5f0ed57822eef470c31a49974c,0.012740804807864083,98.72591951921359,BAIXO,3,0,0.0,0
743fcd8f7bffa06c7ca12ded676a32a69ec035709f9de74280dfe15f11da94fe,0.0327665696244079,96.7233430375592,BAIXO,1,0,0.0,0
7447c082834c49357b7d8b920782d134710ce862459f95dbb29fcbbc259d70be,0.06248519207816759,93.75148079218324,BAIXO,1,0,0.0,0
74506515d0cf600a69598b7a825b76ae85cf320dd364d91089e07f84bea0998f,0.15374592865257677,84.62540713474233,MEDIO,1,0,0.0,0
745f2c550d005c6312382b8ba8406eea1625c8ab5fece6e49c68f00f128bf089,0.030009084695460566,96.99909153045394,BAIXO,4,0,0.0,0
7476d0e191ab88f244161b3b0455f0ed14e26e4f659ec5f4f1d003f10348eea9,0.12018852077895638,87.98114792210437,BAIXO,1,0,0.0,0
749a30d7a1700128461a3ee0ae39843792de7345e66a776db339d3fea86e0244,0.07367930831446841,92.63206916855316,BAIXO,1,0,0.0,0
749f0f1863e06f75e6a3666fdb76e5950205452ef64a1d1cabf9eea50a7156a3,0.040900497566633914,95.90995024333661,BAIXO,2,0,0.0,0
74a65a30e61bbb9003c9aee15438128f919474aef14472a0180e5013aba49cba,0.07076305871228,92.923694128772,BAIXO,1,0,0.0,0
74ba023925a3e5981f8f92bf7ba200db359c015ba741f72f045fa54305915503,0.010237139266896962,98.9762860733103,BAIXO,1,0,0.0,0
74c41c0c1062773531fb3ab04a15509d2411c45fa927be877fd591a92f655402,0.024395322069705645,97.56046779302943,BAIXO,1,0,0.0,0
74ecb07f5c89b6b9088a88328c92b2fa2e92b3fb1297dccaa797a0c2c47376a2,0.07398073760174997,92.601926239825,BAIXO,1,0,0.0,0
75007ef34eb604fb94a4ecd54371b30e7a830683b5cba8ef2f5069e8b5260444,0.06880565022951472,93.11943497704853,BAIXO,1,0,0.0,0
750896a13962ef8b6b7538d599b84490475d8281408a60b4f7f79b23ed5ef7ff,0.9518966431846269,4.810335681537314,ALTO,2,1,0.5,1
751bb74bb7e0769a7b191c68eb6cdb233b63838de11f0539ea418af75452f5ee,0.2504133913255045,74.95866086744955,MEDIO,127,0,0.0,0
7530b8afbe6cfc37ca70b3f892b5db19fcfb3aa4e62861ab2f728027bbcba0c7,0.029664561031536665,97.03354389684633,BAIXO,1,0,0.0,0
7544f78c79ab7d7ee895a7783b701dacdeda4aca0cb9d5f24d33df5a134c0df3,0.0733153995663294,92.66846004336706,BAIXO,1,0,0.0,0
754d3bdeab19ebeb43358644cb67dee77e97852badbb867479da27002b713875,0.11047703406708484,88.9522965932915,BAIXO,3,0,0.0,0
75543f8afe1841200fa242569702444d8660986c877abda398048b464d7c8ca5,0.09548953423530301,90.4510465764697,BAIXO,1,0,0.0,0
75660a40031e50c6b740a13016e91cb218987fdd22a5a228c1170ed17dcb1f4d,0.09666158611436873,90.33384138856313,BAIXO,1,0,0.0,0
757098873b0dcb07631ee8d71eb33f0613e04dbea8773c780d9187fd438c3b62,0.014304904154715675,98.56950958452843,BAIXO,2,0,0.0,0
75b936ad933a7b45483fb6ddc8231c88832437e6c0d9db10d2ab130c57d018fe,0.06439182750939526,93.56081724906046,BAIXO,2,0,0.0,0
75bcd5a717765c8d1a50229e1f552958b80ca955746026cc5e6b1d990aaf58c7,0.09721634721449618,90.27836527855038,BAIXO,1,0,0.0,0
75e663254cd967ee403e1297664fd6b315b90825f2e036b3940ba5daba698116,0.04806057952178325,95.19394204782168,BAIXO,2,0,0.0,0
75ef704b1bf34aa4ba997f2a83367c19fd298c78a5ae84ac2262a152e10efb28,0.058011701913125435,94.19882980868746,BAIXO,1,0,0.0,0
75f2e12ae87681705d10af5eab1904605c877a3f32cbef37339f85a6c16179ff,0.027323230562794034,97.26767694372059,BAIXO,1,0,0.0,0
75f61378b6ad7ce14f4eff0e08530945a22a50ef50cf292eb545b082796a59f0,0.008518616427152714,99.14813835728474,BAIXO,1,0,0.0,0
7600e3781a7975a2b0fa60739f4cfd93c99c3ba93572d7949eaee56b020b9b9a,0.0773605968497113,92.26394031502888,BAIXO,4,0,0.0,0
7612cd747341949636f5dd32aa209a1024cbe3c58112035ea0d4b1d6c8f6cd55,0.2363133775582452,76.36866224417548,MEDIO,1,0,0.0,0
762813e0b5941a6c67b64d1919971ec65aa75aa979a0544351c2b2da42d0fdeb,0.08365776864634061,91.63422313536593,BAIXO,1,0,0.0,0
765c71ff01ceee8116d7ddb5dcab7ccf8ebee7f93e78dfef8867eaea0f2e3c52,0.021599790777431894,97.84002092225681,BAIXO,1,0,0.0,0
766789d3b0035421fc0a854d6cb8bccbef6a8b834b0077196eb2df9c273c73bf,0.13328340374300415,86.67165962569958,BAIXO,1,0,0.0,0
7678d855fb4dcf826c2f78629bb9522a61092044629441f521d60d9da7584631,0.08982942463909835,91.01705753609016,BAIXO,4,0,0.0,0
769635fd975dc18e9cd204095ea0c5c44a61bc24a71e21c0ebb7e1218c7d157a,0.01187935368173246,98.81206463182676,BAIXO,1,0,0.0,0
76cabb76991d5422d77a09309b2ea4743c4e7c88a1f7782c87f6e45e76b6d873,0.0127319040313466,98.72680959686534,BAIXO,1,0,0.0,0
76cb44e039e55788d4b1877dd69612a79f1ba03ff8705f3beec15282dfa4db51,0.25833692951597503,74.1663070484025,MEDIO,1,0,0.0,0
76f3d80c83f176d6c2dee8a0a193b0ede95935f45460b22bf97da5c7853bddef,0.06944190061438561,93.05580993856144,BAIXO,2,0,0.0,0
773039da891b6e63c494c46bd26b90aa8617d133653b3faa4ebcb4b09537e9bb,0.8771585501665274,12.284144983347256,ALTO,1,1,1.0,1
77397f323dca6b8a6a3af2325020e3bd25a8e0969e70573a5e6051924ef42961,0.857864662753375,14.213533724662497,ALTO,2,1,0.5,1
775fc9ddee7bc31c9ab593686a75c68693da37c94443ce8a17acd0fadbb514ec,0.009044991487478699,99.09550085125213,BAIXO,1,0,0.0,0
776625f53c7634a1b5d65fb5080bce26cea18b26cdec202343485ebc04758e03,0.5457306472738401,45.426935272615985,ALTO,1,0,0.0,0
7770d98926ca6f6c00a96c6c6dd85e13ac4fed149b1e6302bf5d0ec5a3d4e797,0.013515644266208392,98.64843557337916,BAIXO,1,0,0.0,0
778d9e6fb1e5fb16971577c9bf964a63eda9976d7dfc332486b3b44e5264e811,0.019853200079805667,98.01467999201944,BAIXO,1,0,0.0,0
779d7a523bf5deae425bc6bf90d06facbc7825a9eee6e0f6a31330ca593626e9,0.09215621907039721,90.78437809296028,BAIXO,1,0,0.0,0
77a353b1b992c8eeff45c4bddbf87e3d2654c8ac5cb2ec2dab4d0db0e570d2b9,0.17453097436826517,82.54690256317349,MEDIO,1,0,0.0,0
77d79c1199b53131a1f7004847be300790801ef9e9ef7710cd3851af6c367482,0.13279064342438457,86.72093565756154,BAIXO,2,0,0.0,0
77f3e9b9fff2d31b030ed95f960a619ee7e9433257e23f7c52a7cf59432002ff,0.03169516635176408,96.83048336482359,BAIXO,6,0,0.0,0
77f569c5776907c65d9bc3489c293991f4dc87fe6fc0dbce6a3ce4242f0aee61,0.030326206544060236,96.96737934559397,BAIXO,1,0,0.0,0
77fb2f9ff0420216d5d62942b42a642ba0ad2316ebcc825a2f61e1e1dd61f7c5,0.15101052084486588,84.89894791551342,MEDIO,1,0,0.0,0
780589e0b9439aee3fb347168f709f6066f29c708263caf9bdec75e723db4f9f,0.07985939157476943,92.01406084252307,BAIXO,5,0,0.0,0
7808a0047b266d7aaeeb9d559c98f31f23aa739941a02765c16122e31820127d,0.07124060003618012,92.87593999638199,BAIXO,1,0,0.0,0
78195b0711518eb7c545f67a1594056882fa587a7f69202d567ccb1a2dedb99f,0.014606823327469135,98.53931766725309,BAIXO,1,0,0.0,0
7828af65623825865d5dd6e40bf9217a10b87f6e4bfbc4105e6784186925d2fc,0.004689521772858232,99.53104782271419,BAIXO,1,0,0.0,0
7830790bb8d0a570b8f1c0826060a50ea0742c718ee91981e7c50cdcd56843a1,0.0209142278938677,97.90857721061323,BAIXO,1,0,0.0,0
783adae4245129b9b0765d6f7d7a3c240c0a67d24ab6487fb0929ca99220abb0,0.006700689767394597,99.32993102326054,BAIXO,1,0,0.0,0
7852b73e5d7f5a56129ae262bc525e45dec3fd02cdab9d9f4192a3e3277414f7,0.03822903313655287,96.17709668634471,BAIXO,3,0,0.0,0
786a1632502aaf614311ff2068b2d4c03f7a745c50b6753e8fc1f264fcff8247,0.025775514453764085,97.42244855462359,BAIXO,1,0,0.0,0
788eb8ffa5a26b261efcae56605bbc6e303313470b6747f8368c9c81e9f291a2,0.019916531912115946,98.0083468087884,BAIXO,1,0,0.0,0
78934a21e505e1434a1f9613845ef5f369df622b4327b437ccb20eda35d0429e,0.18049536695138593,81.95046330486142,MEDIO,1,0,0.0,0
78a5059cd4096467d3cf1dee62caf00e225a1a45f99de3e63cf121e97b062010,0.08751638778896947,91.24836122110305,BAIXO,1,0,0.0,0
78bcc809c145232b0d29244b5207a3f0e7cec12fb1ba2171a268c151267f698b,0.01258932207338944,98.74106779266106,BAIXO,1,0,0.0,0
78db86c0d013b73435ca602f32f09c93ced640b71ee5fbd31d6b2faabde96a9d,0.25903840718761567,74.09615928123843,MEDIO,2,0,0.0,0
78ed9e57d06c84a1df1d91dca2e38900705a9e2d34c2d14930e90e5700b0beee,0.0380149082891565,96.19850917108434,BAIXO,1,0,0.0,0
792ce59fe377fd1aff9e5e6801641ad48ff0f5526bce503e4b59b82da807bdec,0.017748748039591686,98.22512519604084,BAIXO,1,0,0.0,0
7940310efb0d19608ebe647f47436bc64a82f588589c6e150a6b130885550d2b,0.05128716001508436,94.87128399849156,BAIXO,1,0,0.0,0
7946489f51f1f916e4acdea2e5b742f96286c88173afd2896a2a7e03616c05ca,0.21085319193308877,78.91468080669112,MEDIO,1,0,0.0,0
79598e6f98c409a0142fbadd372317cd98bb15839f1d1fcb307dcff09889cbb4,0.07015077688514906,92.9849223114851,BAIXO,2,0,0.0,0
796315eb58ed3369b83b12d6bd8a7ab202876914d7f80ce891d43966bf7c5a96,0.18777515923333538,81.22248407666646,MEDIO,1,0,0.0,0
7971f2e95479c711a8b9b9785bdfaabcc168d53bb775ab4c6a8d9da1dfc97ea1,0.06546315024102368,93.45368497589763,BAIXO,1,0,0.0,0
7995f2aaf7374bb4c7afde8d3d8b55feb5dcf7d9d855d2974a1ac7b0a4ca7813,0.038456657218570535,96.15433427814295,BAIXO,1,0,0.0,0
79a3731857d8a1b92979b17e11318ccb7593a242378e8dd561519e5232527fd9,0.0305212752129395,96.94787247870606,BAIXO,2,0,0.0,0
79ce2a7fcf69241860a81982ea5aadcc51e2c468e3d930eb9dba84ea75217e9b,0.2237049305830348,77.62950694169652,MEDIO,1,0,0.0,0
79ce7d9ae5e88d9a08b06d2bd67321957a87753fe9c65ee6654a20cb89e8bb06,0.07727818188729926,92.27218181127007,BAIXO,2,0,0.0,0
79d9bdbf47e0fe64700949c492d6000f012b12a3999e06cc57210a1deb9e1a7c,0.10912071224451149,89.08792877554885,BAIXO,1,0,0.0,0
79e6d341872b959924ae93ae9dcdffec1e0fef3eba604901521b4771715c71e8,0.22523651026481478,77.47634897351851,MEDIO,1,0,0.0,0
79f248dd99b69a2258669904febee582897e657b4a352bd84b77b59c700700ed,0.11875675010882951,88.12432498911706,BAIXO,1,0,0.0,0
7a11f6a92fd6647cf4d022da7a56017a7e5d380517712b66ee4ddfccb0642ee2,0.004775137513939544,99.52248624860604,BAIXO,1,0,0.0,0
7a26ad2addd5a1b56313ca95fbc67e5e8e580c46405312f50507d3f4ddf0f8e3,0.015447714943884087,98.45522850561159,BAIXO,1,0,0.0,0
7a3075518e48d3327fbb5cb20ccbdcd3d5029d0885929c7219463a8c681bc2e2,0.604008235106523,39.5991764893477,ALTO,1,1,1.0,1
7a3a07ac0c3a62eecdcf0410d8df585a5350ce24e230c32f3f7dc7a472eb8f1c,0.12874171537073056,87.12582846292695,BAIXO,1,0,0.0,0
7a45a8ab01d0b8a4a11253dc072eaca87217853ceedf04354dbda3a21b5d0a83,0.013794670990016385,98.62053290099836,BAIXO,1,0,0.0,0
7a5fc3cf694714f445cbcc1ddb05e80d8a725fb47617ae88b25b07a151912810,0.1162718227048847,88.37281772951154,BAIXO,1,0,0.0,0
7a76ebd45b906716c5b65d98b369c91134e7f2d7ee6cc81adbdd104b2055a1c3,0.05524425766044093,94.47557423395591,BAIXO,1,0,0.0,0
7a7ce615d262d7623fe4d0f5836604f0c7c19a3f378a3d469349f6a144bbcd50,0.07123225721222791,92.8767742787772,BAIXO,1,0,0.0,0
7a854bc28629387e6539f0098cf81ab6e7244dfcfa98904cfba014e61052d220,0.057034223638288,94.2965776361712,BAIXO,2,0,0.0,0
7a9338e54692b86ceff1a15cda47da22c07de5495e07b1f8fa96b9a836253739,0.04719345784693572,95.28065421530643,BAIXO,1,0,0.0,0
7aa05d3d9f35c628ad7972ea5ab5c231e95789782b607041c353bdb7bd2e6f39,0.006717443193597011,99.3282556806403,BAIXO,1,0,0.0,0
7aaea368470d0c15463ad87cbe701bdb364ff5b94b804f133562934c3f26f046,0.03792332982347137,96.20766701765287,BAIXO,2,0,0.0,0
7aba9bc8ca45f493992ac6b9971308c4327a7715e00bcfb860a792ba667e4fa4,0.7970175899176489,20.298241008235106,ALTO,2,2,1.0,1
7abd0b7927544f469470cd85f0854f6d141a47b4ff0aa42156f3d4a3a538cf57,0.11560579412217492,88.43942058778251,BAIXO,1,0,0.0,0
7add09090474d14c26777fb1bf21438d7058ffe85505c7f4a16f98cbaee69952,0.07107268183366391,92.89273181663361,BAIXO,1,0,0.0,0
7b0c6b3b1f1d4aa0e2c24d41ae6966fc4c9bce1859fdd40012aeda36bffece95,0.005939675807143118,99.40603241928568,BAIXO,2,0,0.0,0
7b12e3d776a94e57227213710db64e2635cc378353f042110f906ee7dbea663e,0.024763675929873656,97.52363240701264,BAIXO,1,0,0.0,0
7b33fe312a08e532a9ee82f79dda1aa3163dfc5519ce9d1aa47d44ae1213bb02,0.021035300374064193,97.89646996259359,BAIXO,1,0,0.0,0
7b37202c8655a6b435109955a2a11e49ab85f61356f88a9dc44174335d7497a8,0.10399692326710332,89.60030767328966,BAIXO,1,0,0.0,0
7b38e04c1c41e7ac4477d120b6b8348c95b2554bc4ebad59f7b0f923c5844091,0.0364027334959746,96.35972665040255,BAIXO,1,0,0.0,0
7b3fb7919718625b168a81446ec31f3a9ddde834e8c1586c8135da0ff8ced742,0.8231079633443675,17.689203665563248,ALTO,2,1,0.5,1
7b43815f66016d89d373696a5fd6bc0d662cde0883724363d10f37ac4bb5654f,0.10382800824115831,89.61719917588417,BAIXO,3,0,0.0,0
7b438fd81d0870abfbc2f247578b95372f5894018fd001201d6deed05a6695fe,0.04780923219168513,95.21907678083149,BAIXO,1,0,0.0,0
7b54097177b70122f162fa80dde1e959db393a30bec7bb43c8f1e153705361c6,0.10001377830524652,89.99862216947535,BAIXO,1,0,0.0,0
7b6950258e8d7ae91aabb8e9827613626a6a1760ebfd1430f64d6a2cb1a40f15,0.7731081123046956,22.689188769530443,ALTO,4,1,0.25,1
7b97253740bcb4cd4fec604e14dc5bcd1a8dfa003a1ebd4515a615f02da593ad,0.041266745911753125,95.87332540882468,BAIXO,1,0,0.0,0
7b99d0dac58c3d08e7b603802c3faa6d9c7489e7478b3baf76a7e297d9c4318e,0.12991685141159182,87.00831485884082,BAIXO,1,0,0.0,0
7ba762452afd5b3dbca683c366092196c176e6e15860f742be04bf46cd1ac136,0.1664918808616416,83.35081191383584,MEDIO,2,0,0.0,0
7baf12680ef97b1902d3b9950a4a768d1b6e8894a29896e62ea2b2dafdeb8cd2,0.8172577855730275,18.274221442697247,ALTO,63,5,0.07936507936507936,1
7bb137be0269094f1b28aaae36b29be48dc78dc31fb81ad2d624824cb1dda8e3,0.100810888920154,89.9189111079846,BAIXO,1,0,0.0,0
7bc60f912712a3b628c1feb1265616729b22117ddf7e6933e4354de1fc529038,0.050038335330729336,94.99616646692706,BAIXO,2,0,0.0,0
7bd255c4e141c1db246778b8086cf099e9d60028a2c68e2442e7735404c84340,0.1024230295727142,89.75769704272858,BAIXO,1,0,0.0,0
7bd41140405529c67d291ca3e79c33073dd7c4262b07c612773b49f0b7749bde,0.1134382051681854,88.65617948318146,BAIXO,1,0,0.0,0
7be798ef1e73a9ff6887fb0506f15c6c58d0191465325b2f00038bcf244c4aad,0.021912944815184677,97.80870551848153,BAIXO,1,0,0.0,0
7c308a507f94fa2a87e80f556955f2d87a44f39f5349b3aecba299637b1b5407,0.015570836506412965,98.4429163493587,BAIXO,1,0,0.0,0
7c3393a8736d5912224dcbf8133b981d73f9a73f204a4c8ef968e3735895d88c,0.024372157000345018,97.5627842999655,BAIXO,1,0,0.0,0
7c37380fc445b1b588d80b586b160d8371a9a8217d6b9b8b58c085a0d883906b,0.13519975275999374,86.48002472400063,BAIXO,1,0,0.0,0
7c3feca534df15611dedf9dd714d2837afb94f08cbe15d3f56d76253dd707ab1,0.014456974227629699,98.55430257723702,BAIXO,1,0,0.0,0
7c438fe950675cffade114104cd947fea3485559d240c9dfdfe78c367640aa04,0.11785435796176427,88.21456420382357,BAIXO,1,0,0.0,0
7c490978d75d9f3cd1ef4c3837d918a2e6d08d831feefa5a5d06748c735f4e8d,0.12711893462618384,87.28810653738162,BAIXO,1,0,0.0,0
7c52fc6a08d7862ef9bf4165883e8e9c22650a98b0bac3ef9dd77892fa69a2d9,0.006330328812421672,99.36696711875783,BAIXO,1,0,0.0,0
7c92733de2775136425a90ff8341cb3110a9c49e9b927c36dc12e3fceee8964e,0.022514731085379342,97.74852689146206,BAIXO,1,0,0.0,0
7cb0c9266a8cbb34d1bb49706712b165e55d5af1a00d8022fc3257f8725ff417,0.9789682321790726,2.1031767820927416,ALTO,8,3,0.375,1
7cbcc3adf708caf4cd8a0dac8c0433729d150c99a51a07b9725ff7b53253a966,0.06609817158395767,93.39018284160423,BAIXO,1,0,0.0,0
7cc5108854dbe1cedf2946598a9842946e0d35b1697778ad9008d92b74f75e4e,0.05949070356870342,94.05092964312965,BAIXO,1,0,0.0,0
7cc610f7a15d1f5315e4853c603637fe0585d93f11f201a916153cf9749a9f88,0.17856985117781676,82.14301488221832,MEDIO,1,0,0.0,0
7cd1fde74ac274d6a8aacb59d1dd1477acf74af02cde7e49db5d21bf5027ea49,0.010043260035593814,98.99567399644062,BAIXO,1,0,0.0,0
7cdb1f2893d674a7456c697834e2769553758f6298b438d239a03dda3e5e474a,0.03772639150784099,96.2273608492159,BAIXO,1,0,0.0,0
7cde76433d867f2ea06e86ae0278fa162f3cb50f702968cab1a369b9e7c6bcbd,0.007376345426880742,99.26236545731193,BAIXO,1,0,0.0,0
7cf112ba42a49e85213df21c89df2a8569a9d994a3476618ae8b3da87c839657,0.15972787957932486,84.02721204206752,MEDIO,1,0,0.0,0
7cfe36778cbaa261896cf2f4205ab81dc8177f256ce272ef0a56de6d0aaf994c,0.09577579463452224,90.42242053654778,BAIXO,1,0,0.0,0
7d06f8d218fa9f739ee87182eed911cabdef553adac57c602e9f74600aef61d3,0.12706446292313645,87.29355370768636,BAIXO,8,0,0.0,0
7d0855f1dcba42015160a2b2e7169b245269833b47076b42ad7d59ba1a0dab50,0.05089992025511664,94.91000797448834,BAIXO,1,0,0.0,0
7d11d459a8446f12c6e8b5a2d4d466470c5a1cc317a4aa60cecaaf2019f421e6,0.09358378828815171,90.64162117118482,BAIXO,1,0,0.0,0
7d3b85884245fa40f2774eebbfa9040daf84fee83fff17b1b678b60de4bc5cc6,0.014169805571767042,98.5830194428233,BAIXO,1,0,0.0,0
7d4e3138b1bc7539af153be7058b00095ffbcf3cd2ce01b3b169b41de7ed16e7,0.10927682558546332,89.07231744145366,BAIXO,2,0,0.0,0
7d7e3acb7eceddd72b1a88c747b95d8bdcbea7c31085349dbe367e04ad09c434,0.008363382012895153,99.16366179871049,BAIXO,1,0,0.0,0
7d9b204c558507a58636914490d91f841191a85bfb1cc16d35f1e4b8b2a8f642,0.2255431032059408,77.44568967940593,MEDIO,1,0,0.0,0
7daa13a3fa440349817b8f08adf54223a5728522efe60e5ca82425b3812288b5,0.26880452004694355,73.11954799530565,MEDIO,1,0,0.0,0
7dc2b0b2106ba28f322a3ce944f80d944a55ff2edb67447f8550186bb68e0921,0.005073312847472894,99.4926687152527,BAIXO,1,0,0.0,0
7df1310db69fa246e2a794995a961bddf7a9ec9c8f15ac3d40f675bb77b6c4a9,0.033534767057068766,96.64652329429312,BAIXO,1,0,0.0,0
7df64de96781f660b98d1b95152c0d0f9ca9afb507bbda15b88dacfb2ff2535f,0.008953420679796778,99.10465793202033,BAIXO,1,0,0.0,0
7e71a9dd8aca25ea12608dfe72d9d7fca218b8090018ff60cbb58de05e26dbb2,0.16571333723039158,83.42866627696084,MEDIO,1,0,0.0,0
7e76f6c4348592ba693563b69b56c5a0a7f5041add677f7c221e1935b2c40846,0.8410127228076092,15.89872771923908,ALTO,1,1,1.0,1
7e8139dcb3d89a6ca487a13f1c12dc144c05ffbd479e406fe35d363bc10414a0,0.11989274011340986,88.010725988659,BAIXO,4,0,0.0,0
7e98ee135fb89eff2b4d4c148461a8ce445707ee18cd2e5665f2c9204e8377b8,0.10124284979836148,89.87571502016385,BAIXO,1,0,0.0,0
7ea1a6a6fd1887663b2b47baaea9c0b6dbffeff5dc283c01dda1e213d1c27387,0.1329596156936486,86.70403843063514,BAIXO,1,0,0.0,0
7ea60d735c0f104ec15f4fa4ca74eeb1eeb566995d13aace8d83e91c19540110,0.14451908628349172,85.54809137165083,BAIXO,1,0,0.0,0
7eaaed3f16c4e6f08cf444234dd43811572ccea514a0d37c82004daf8f364c6c,0.07365142363667507,92.63485763633248,BAIXO,1,0,0.0,0
7ecafcf27dd7b07f740366b6717f095218f8a0cfbf8b13d9dbde55cfee7e3fb7,0.17645963283261226,82.35403671673878,MEDIO,3,0,0.0,0
7edc2a59fc29e17df55e2ad2eb33be5c67cc020343d8c297315af0164982309b,0.2473034847873189,75.26965152126812,MEDIO,1,0,0.0,0
7ee4ac8f95578d7b778efd7a64e16ffce5c514c510b6db2914b8f41a3035221e,0.015612539254409166,98.43874607455908,BAIXO,4,0,0.0,0
7ef044c8c3db7e165f91e0a9c7aef156ae0e9bc46fa4a16cb8c21d85b8fdaa58,0.05812445704980637,94.18755429501935,BAIXO,2,0,0.0,0
7ef7e0c76ad59e2ba389531c8e3ffd43976195a10ce8a42500905e9b9d0ac3ee,0.05549949726524462,94.45005027347554,BAIXO,1,0,0.0,0
7f29a1d70097c85156af420b91a45c90890718d1802e12a15b77f21e98d84584,0.325743719523886,67.42562804761141,MEDIO,7,0,0.0,0
7f2f4f4e1728cb979db6178c55adbf95732a2ed899f598827e7461f1fc19bde7,0.027641131681568454,97.23588683184316,BAIXO,1,0,0.0,0
7f3269a666673b74c97a518c76decf77468b0e657ed4e9c4fb9c3c319b6d1cc6,0.7136798875500864,28.63201124499136,ALTO,1,0,0.0,0
7f42089d3d4c566f47a065f54337423d40915954a35c838e474d153a7e7f92ef,0.2202957754308818,77.97042245691182,MEDIO,1,0,0.0,0
7f4423521661e86033b1f73861f04cad7e943bf11855f5b69d3605bb73a13433,0.0444037829947233,95.55962170052767,BAIXO,1,0,0.0,0
7f6a5c9edca699cc9fd61d4f02598db97aac3a47419c3396351986f0e7c1f086,0.04981936286391675,95.01806371360833,BAIXO,1,0,0.0,0
7f8412d240c7f71b21cd2c5250df5a0051d0cf7e6945a78bb333c68dc2bcdc09,0.26509438055627627,73.49056194437237,MEDIO,1,0,0.0,0
7f8cbca2a1faf68a30a22015915b5ab489550052fad235df561208046d4cf9fa,0.3520335545257051,64.79664454742948,MEDIO,1,1,1.0,1
7faf4145b50ca343247d420839bbd3f51b71466ab98a38a98e8df30f18fc44d8,0.15986704906942856,84.01329509305715,MEDIO,1,0,0.0,0
7fc54cd4aa20ccf1bfd5613f40dc347fe3abd8477f315178349c382bf7ef82c8,0.006427110656796456,99.35728893432035,BAIXO,1,0,0.0,0
7fe0513765e26c94e72476001bdb5ecdabb812c654205959bcc2ee67da6f3191,0.00766547919793078,99.23345208020692,BAIXO,1,0,0.0,0
7ff79b216db2e3ddf61fa1028bb820f0bf8ca6f0a0cac6295f5b027aeaf92ed2,0.017691175936137248,98.23088240638627,BAIXO,1,0,0.0,0
80042c165987b80fc8daed773b694528c2783f5ca850d4ed1334f9b24297785c,0.11447821971082812,88.55217802891718,BAIXO,1,0,0.0,0
8021ab0bdf8b3e5ad8d5662ae4242acfec7b2504355cf93183110bbaf4830963,0.04035909161046316,95.96409083895368,BAIXO,1,0,0.0,0
8028548893b24d8f232b1d9fa5d5568ab4404bde095096dc1c92355a00e695b4,0.0340797961299734,96.59202038700266,BAIXO,1,0,0.0,0
80309966999d42052e4d674415948fb21ced216d867a54492af7525875d07e34,0.013981044459919163,98.60189555400808,BAIXO,3,0,0.0,0
8030e998294e5b125cd0246c6a382cfda96601cebfd9aece522a5008574ae757,0.0789062798071817,92.10937201928184,BAIXO,1,0,0.0,0
803cac2bb15237b1f3048cd31d7299a30a0b5a8dd7b3ced81c586b2e5a0ae31a,0.03782797202774587,96.21720279722541,BAIXO,1,0,0.0,0
80718fcf6f8948809e62864dfcda15fedefbe636922d3b0c7c8d42a24eea3d79,0.0818163324490479,91.8183667550952,BAIXO,1,0,0.0,0
808b069e3bf9748489f330c1231df6af0dfe539a62975938ce7348a5d9ff98e5,0.1774934247982952,82.25065752017048,MEDIO,1,0,0.0,0
80956bef755810e499041a80453b49cc691aadf68c253dac203c973031c43b5a,0.013854105305791252,98.61458946942088,BAIXO,1,0,0.0,0
80b92e9d8b54f67bc96d4f90555964238cd2f1cdfacccc2a10347ff379556202,0.15031920276557642,84.96807972344236,MEDIO,1,0,0.0,0
80e954a8b305179e4cf85eaa186bfb59e3a9c26fdb9fecbee66ee6c7770844ed,0.09538270085021563,90.46172991497843,BAIXO,1,0,0.0,0
80f4c123d98caf89a5a0f679cea38bfe08cf15741194247cae142b7eb1aa39b0,0.0035455993184655096,99.64544006815345,BAIXO,1,0,0.0,0
814906ce85de60de101ea982bf7c1d583cb0f56ba4a13cdd43de53f97b6afb2e,0.805827090394746,19.417290960525403,ALTO,1,0,0.0,0
8153284a550e14fb5f68435f76546c38bbf422dc9ef5cfd5bc84021187e8d253,0.08394197851117494,91.6058021488825,BAIXO,1,0,0.0,0
81583aa6291a20cc8f62b2d109e1bed0e76f690a4e8e25dbd44ae00bdcbda108,0.10432005302890633,89.56799469710937,BAIXO,8,0,0.0,0
815ad9f9b9fdceec7b51fe058d52be32ada6b80508a73dba0086e733ec863f11,0.026905503013258336,97.30944969867417,BAIXO,1,0,0.0,0
81bd8efe2b2d2c31936b6e6ffd483e9e9cee1d459944f0aae6ffa783572d5e97,0.031738871964163425,96.82611280358365,BAIXO,2,0,0.0,0
81dc3a0d666dd10d1b4e98521f03bece18b0dd24e3043bffb02790826717c28e,0.04008280325778529,95.99171967422147,BAIXO,2,0,0.0,0
81dc880fa59b8c1711b536be74124c74b3228d94935d867e96bcedc9a3fe6695,0.3306933450930335,66.93066549069665,MEDIO,1,0,0.0,0
81e7327a1a32c556b1a22d633a19dfd18fde516a0d454e246720e915316b0bf4,0.1193609065737698,88.06390934262302,BAIXO,1,0,0.0,0
81f523db5c14571cae48b64d45355a99e0e3125ba9c90beb67eef2da40eb2473,0.504833532795606,49.5166467204394,ALTO,1,0,0.0,0
81f9c6383800efa267e317ad5be8f0aac39047edccf0817b4886a5e3efd186bf,0.047718928611899795,95.22810713881003,BAIXO,1,0,0.0,0
81fbeabcef7f6fc6458db3c51a76da4fcc21e537c8b744c7c742776ce8aad273,0.1476184387260814,85.23815612739186,BAIXO,1,0,0.0,0
81fe9f7a68a59ecf9b04d7bee050e7df628e6ffa1c487f013b47f74ad3a481a3,0.07418904318055092,92.5810956819449,BAIXO,1,0,0.0,0
82156a69d9689af7360c5ea7402355f2fcd6f1262e35188dc979af8502a8f50d,0.09047835626605373,90.95216437339462,BAIXO,1,0,0.0,0
821b4869226c1e284e25b6a859e81a41117d9282aee90f55b6f94b3d85902000,0.017961404906506793,98.20385950934933,BAIXO,1,0,0.0,0
821b745ff11587d1f8479dfa91f0919738c3faadc841b09d2dbac193449e7d5d,0.008172642018933815,99.18273579810662,BAIXO,1,0,0.0,0
821eaeccb86c2a3140a2bace17a73a5082b35e8effe3d28ac705991b12bafe8d,0.1156338583325398,88.43661416674603,BAIXO,1,0,0.0,0
821f1d7a40216f34171d007c54543f43bb5103d0eb09796f284c68aa0d6a31de,0.053531140518206864,94.64688594817932,BAIXO,1,0,0.0,0
8235d261a28f2b8a46d56ee999c7e63355d96cdac7065ee535f4b006d9816c45,0.05053391935683184,94.94660806431682,BAIXO,1,0,0.0,0
82436c0b8c8856cd3477a22ad69f7bb1257db29394a26424a0ebbacfb12ccd3b,0.12980649503545058,87.01935049645493,BAIXO,1,0,0.0,0
8254278873dc997220f91d2f11d2d65d5bea456eee9bfc3397fb256c14824793,0.007164627809458494,99.28353721905415,BAIXO,2,0,0.0,0
8258ab931b5bd85026a9169dd9193ded1bfe3744599cbdf13ca5ecc3052df3ec,0.028108408442856822,97.18915915571432,BAIXO,1,0,0.0,0
8259e880b27e506decd0ef015d3d5888a6a29af2be6a602f3c0ed7527afc18af,0.06139247878091395,93.8607521219086,BAIXO,1,0,0.0,0
82867b4f5e1b0cfabed19a5d0e0f122db16e95e8632869d4c5c0682618657307,0.03866922940102206,96.1330770598978,BAIXO,1,0,0.0,0
8292a30ce381e313d9c2d88eef9740f8fa41f2d7e8e0f89869453b42620dc8ff,0.01010046174140751,98.98995382585925,BAIXO,2,0,0.0,0
829351b9d0e6caa315e9224eea2d840a31cade1837afcf51ddcd623aabfb9abc,0.007079718769487127,99.2920281230513,BAIXO,1,0,0.0,0
829a65ef318b5a719a3fd1c8f5312180c47a7e7cdb175136797017273914e0e6,0.1647872077365908,83.52127922634092,MEDIO,2,0,0.0,0
82bb3b6c36e722ddaa70c72b13b5af42f476132eb9d335773af92f55f5200d96,0.03751061215909746,96.24893878409026,BAIXO,1,0,0.0,0
82bd7ba93e044715dfaa6a0d583e2f2bab96933cc1cb2260e23952e0515de691,0.048343271364600086,95.16567286354,BAIXO,2,0,0.0,0
82ec5dffcde53449a7df0cea29038089316f0d7f2fa8e9ce8a10ebe6ef23ee9b,0.016647504779200146,98.33524952207998,BAIXO,1,0,0.0,0
831238ff097070a2e8a63c8cf7f6f49004d6fdfe8a4298d29e5ba771ef4ae6c8,0.03899806048148036,96.10019395185196,BAIXO,1,0,0.0,0
831b373ad398a21dd40ed56086f71e5058b44d83df7079978d75daa173912852,0.0367828101721078,96.32171898278922,BAIXO,1,0,0.0,0
831c5a661b2d7ad035636a800feace77cdc5c8808822c5bf509d5f70c082175a,0.061103278933250196,93.88967210667498,BAIXO,1,0,0.0,0
83341434277693bb41a325e1e08acd3cb3d6798fa0afb43e5b5e04da6bc1e697,0.08230984706033101,91.7690152939669,BAIXO,1,0,0.0,0
833462ff30746f9aa2ac64bd410a9498dc12a2dcbc1d67d3dc8a5b82fd14fdbe,0.1703115998852559,82.96884001147441,MEDIO,2,0,0.0,0
8342b7ea074fc9f569f7c41217f7b49ee21e3e194fac78a3b54dcdafd8e82153,0.015584142810785134,98.44158571892149,BAIXO,2,0,0.0,0
8342ea3bcc158d8a5ecd7c5c7f2a10500a9282d0b6fe3a885f2fd7173faf664a,0.029480708757096727,97.05192912429033,BAIXO,1,0,0.0,0
8346f3f7f30eb86ce3f0165dc42f64e2e56a1fc67b05c7e06a478772054c8c1a,0.03511007736329655,96.48899226367035,BAIXO,1,0,0.0,0
837bec5d316bb3d2aac1a476f1bd8edeacacd9188b2304d1ec9487ba11efe5b1,0.3112047104647872,68.87952895352127,MEDIO,6,0,0.0,0
8394f025d42d99438fe306b5d2ca70d065f4b48aa464cbbd0902bc827a2e4427,0.00971891017708662,99.02810898229134,BAIXO,1,0,0.0,0
83a858aaa45e5dcee41aad87385d6a5b7f5de996796d2b971bcb35a417c2ca75,0.11901736275847948,88.09826372415205,BAIXO,1,0,0.0,0
83d9b2f4fc4a72f299519a7abfab458788663e7a22e5832459356567764eb1bf,0.16646675545914458,83.35332445408554,MEDIO,1,0,0.0,0
83e4f24cdaeced4272e978aa9cc61dae08b636bd49b2148ec8b94bfd28468452,0.008952285220385795,99.10477147796142,BAIXO,1,0,0.0,0
83ee4d4c6c6af102b53d6934493842efa1a3c48f2379cce7e16b0c03ab122589,0.04390883012743218,95.60911698725678,BAIXO,1,0,0.0,0
83f9e4c65f17613f96ce3a9eb5e4dd585cbe9616413828de2a54d80d4ef1eba4,0.041587521204601456,95.84124787953986,BAIXO,1,0,0.0,0
8417f78de291ec355dbf1c55fdef78023d6c1dc0481f6c93c1512a81f497c07a,0.23658930659996552,76.34106934000344,MEDIO,1,0,0.0,0
8428cc20e6073202a21e50e147b30140784a10303b17026341c72536ab8c5fd9,0.005409505627158347,99.45904943728416,BAIXO,1,0,0.0,0
84483ecbc651741392986aae44a8fbf22165cd0dbfe1d0b5571fa0da13c096c1,0.09575914789171648,90.42408521082835,BAIXO,1,0,0.0,0
847d5f133bc6d99c2e4d9a36f8fc093aa5a4186c5fe8f763ff006c6de21d205e,0.007940796505182394,99.20592034948176,BAIXO,1,0,0.0,0
8489482d950fd11ca5b245790dc429ca00192ddffe3258ba892a4c6920144f74,0.03990481590204617,96.00951840979538,BAIXO,1,0,0.0,0
84aee5e8c53da012541b374d0497c9d32687e9cdd95ac2b8f620d1e947a3b620,0.016638542261323247,98.33614577386768,BAIXO,34,0,0.0,0
84dab057ef9856b9dfe940dcc73e60d3014321bc295c7493775482c7050e3f03,0.10448547881357359,89.55145211864264,BAIXO,1,0,0.0,0
84e53d1100899f715840e1631108fb5b6c4fd7e777b5fe20ebf10f82030ac30e,0.03690699134121272,96.30930086587874,BAIXO,1,0,0.0,0
84f194b10c04d172ad7a3cead1c81bc1312f1be3f1dd497938f5c7f3ac1f9286,0.10650508004386221,89.34949199561379,BAIXO,1,0,0.0,0
8511c88b3e7579daa287f92b68868587124fde2efd410909fe06706b07fb751e,0.11998808012979009,88.00119198702099,BAIXO,1,0,0.0,0
8511d2c885e01a8612a069d27106e2e4d5e6d87acf7925a70915007d6a9b9c55,0.02772151960362282,97.22784803963772,BAIXO,1,0,0.0,0
852e1fd66f5ddd7a8dc80b8a4381add66a5bfd9fb8cd458fa7ff26994b9b0bbd,0.10046137333576328,89.95386266642367,BAIXO,2,0,0.0,0
85309b07c75e3dc1641ce812bf6aa767dcd0ee083d4bd017fe21524b7675b472,0.011644259539169586,98.83557404608304,BAIXO,2,0,0.0,0
853d5f44015bd526eb06c07516305889a1d540dc72c46c690203c71567e77568,0.150023921638877,84.9976078361123,MEDIO,1,0,0.0,0
853e27d593300aa6f530dfbe52f3ad509ac19f6fadcb57bec67ff636cb00d0bb,0.2089419699910578,79.10580300089423,MEDIO,2,0,0.0,0
854786bd1555974b659d18d70cc0aa110aad39a9abc17583b11a53d7ebcdeb25,0.009472857426199648,99.05271425738003,BAIXO,1,0,0.0,0
85519cb5631cf3be127645237bcafb17fff2dfec470faba22b68bf27358e107a,0.08798695954228458,91.20130404577154,BAIXO,1,0,0.0,0
8557f9d76ff0d54880806719f1f86f360d954cc4568b2e06fec5ea298196e47a,0.09694430940677669,90.30556905932234,BAIXO,1,0,0.0,0
856164ea964f335f960534523d4974e16793acfed5bb3aff381cfb2ed464b8b3,0.09932111724319834,90.06788827568016,BAIXO,1,0,0.0,0
85624a5e7486c6fbdefb15fd335ec9f8a2013e66c065fae13355828c5011f308,0.07383524016694698,92.6164759833053,BAIXO,1,0,0.0,0
856a85c5a30737b8ec98e3a184e1a294e9b39187b6e49f9a07e77caf0ae13319,0.1388480683516258,86.11519316483742,BAIXO,1,0,0.0,0
8579c17df7012f440d44dd3fc1e94ab09984292429ad3f57f1e58d08ca1fcc15,0.5338440207596972,46.61559792403028,ALTO,2,0,0.0,0
858179102e4092c2f3175df97c6ee9ce54fedab876bd233f6d1779764d7c339f,0.054993283117744776,94.50067168822552,BAIXO,1,0,0.0,0
858491a511c3fe48bdbb3f23b808a77c3acf2be531c8983ff309f7b3ecb0636e,0.011949709971242927,98.80502900287571,BAIXO,2,0,0.0,0
858e59ef8754e14dfb8c491cb6182496180afcf73f47d88b5b5f02e544fd3bc3,0.06405900756691298,93.5940992433087,BAIXO,2,0,0.0,0
8599bb4ad8530925eed8969cac7d1f752328003bfbac03bb56336572a4ae6dfb,0.06385290537809277,93.61470946219073,BAIXO,1,0,0.0,0
85a5ac141b27d413a98238247729c479355fbb600f81dce04b9bbbb5d944a666,0.1559306442638091,84.4069355736191,MEDIO,1,0,0.0,0
85a7b99194a2c54637568e3b6ecafc161a5bda6f4dc6b2ccac08c1255040482e,0.008715269511990436,99.12847304880096,BAIXO,1,0,0.0,0
85b2a93a89c692ea1e3dbd113736710ae54ffc7d0a7920a4e1c3d57df49d2f39,0.09598569385700675,90.40143061429933,BAIXO,1,0,0.0,0
85c676dd677f2cedf3ee5f245278c13b8d1f3f0acb63811c5513bb80873e0019,0.004197032228574681,99.58029677714254,BAIXO,3,0,0.0,0
85d41ebb6057a054adb44b22593befc74120e38c98d1c37d6b50b2719015ec10,0.08390492069026873,91.60950793097314,BAIXO,1,0,0.0,0
85ddaf39426268a59499b2e1b32bf4ab2cdb850fa90b0e9d2f7d1a5453a76fb4,0.033280834954275335,96.67191650457247,BAIXO,1,0,0.0,0
8612b5b28f3b97296872168513f241767b8c7e73c7fe995b2c595a2965cf7a86,0.018004016478264613,98.19959835217354,BAIXO,1,0,0.0,0
8619319b91727cbbb3011a0eb1071483834e56a73bc87cfe13d3893f53e7f0c7,0.06361137884140429,93.63886211585957,BAIXO,1,0,0.0,0
8623753105b0101c90e33925372268367a91d8704e1770128d002b30d12680cb,0.01662158762912087,98.33784123708791,BAIXO,7,0,0.0,0
8625003b734a313ddf87a3b6123de3c9a0b58120c12cdaf5b2bd358235341523,0.5142556437490508,48.57443562509493,ALTO,2,0,0.0,0
862c7ca2b458fd3e3ce4880ca9602df926406475a73db70bb024ae0c151006f2,0.09953519861178729,90.04648013882127,BAIXO,1,0,0.0,0
866a8bd6b63e4905e8cb222918b66dec5d0fa24910f7397dc4bd585c41eba12a,0.7327299091764454,26.72700908235546,ALTO,1,0,0.0,0
869e34357e737e93069cddb4e09ef3065be14bb6f415f9d922d21b8ea7c7e593,0.05498316816064204,94.5016831839358,BAIXO,1,0,0.0,0
86adb33d70e2647d9a8c84a94c8fc7eea2d6afea6a924dc7dc7346c337429a13,0.02725724792072785,97.27427520792722,BAIXO,1,0,0.0,0
86b0b692c141ccc6e794e115936cae87c7d8325d4f657f320bb345b2448dd3f7,0.01783376560954344,98.21662343904566,BAIXO,3,0,0.0,0
86c0fc31070c0c86726c6f62ba42ab1aae60466be7ab25771973ccdf4075bd43,0.42626095636203587,57.37390436379641,ALTO,1,0,0.0,0
86cc3b1ddd9b22fa71ae7994fff3e65cd9c7c143ce2d18c1d3e064b20e5e1255,0.026512520551933802,97.34874794480662,BAIXO,2,0,0.0,0
86ceef2c37175fad1e15f1d8659c71ce3b0144043b25311f608185664a01caf0,0.05027394656755545,94.97260534324445,BAIXO,1,0,0.0,0
86fab43fcbfd52509dab234c08bd06bc7ab898098eda31d5a704f5de16435842,0.14983669336384003,85.016330663616,BAIXO,1,0,0.0,0
8726e4149dfb0b8fa38379fd5295cb203030843e60d55774321d8e6c5d3e58a8,0.11702549718706629,88.29745028129337,BAIXO,1,0,0.0,0
872a9621d5ad607608b5e1f7ee49795063909779d12001470c7bd5f09518f72b,0.058049730211128164,94.19502697888719,BAIXO,1,0,0.0,0
87443fbdfb811ab40e3a977d8e91aedc97d08aa76efc2c4c0b1c1f39a270e2eb,0.12581779928434136,87.41822007156587,BAIXO,1,0,0.0,0
8748cdc07409ead0fc0fa1d290e4a8d6ff2bccc3b9adea8c09ac1dfeeacc8911,0.064317415082022,93.56825849179779,BAIXO,1,0,0.0,0
8756ad3615a5c3fd487ffc3f18642133f66cb71413b4ccebc0008149b96ab06a,0.008308129719437366,99.16918702805626,BAIXO,2,0,0.0,0
8759fa5c504f9a1c49fcc916596ab1ee2428c5c0339556b687e8c3774a09378f,0.021724524081919605,97.82754759180804,BAIXO,1,0,0.0,0
876e08ba87a8e09b1ffef1e75ffb482510398e52d46cd0230372d888d6221e57,0.23262136646410814,76.73786335358919,MEDIO,1,0,0.0,0
8775e2e46c14c7a3a17fa983fd69087a92ec0ee81109e7d32dad2b055f31ae18,0.017716064990940847,98.22839350090592,BAIXO,1,0,0.0,0
877a6bb081cfdf791fa3eb058c40fb033c9b898019d23cf3f8d40e5780569b1c,0.010420326227913501,98.95796737720866,BAIXO,4,0,0.0,0
87a93b0a82ef8ec4c757e84a7bd9f33993fff4709fa44f3f5ebba59822b9be04,0.00620100120071345,99.37989987992866,BAIXO,2,0,0.0,0
87b896787893b5654620db14be1e364c0523dbfca27045daf5f29dabd6148ce8,0.387289316405739,61.27106835942611,MEDIO,1,1,1.0,1
87bc655b9769e24019c8fc44467283949922090f22239deb9e5fcadc4f6a6960,0.02945395188843499,97.0546048111565,BAIXO,1,0,0.0,0
87c44e696a48ca4ded4d01f84c0f90bc6e826662a0bef39f1caeb2aff6f317da,0.12257775154952204,87.7422248450478,BAIXO,1,0,0.0,0
87d73bfb0143a0e685112ffc6f4f2a7b5c0d4a6f7d1b3cfac6f3c19b089838ba,0.04733240023057364,95.26675997694264,BAIXO,3,0,0.0,0
87fb468e35c71aa565d8b038d6b18f28d826a53dbec6181917f9c6399870695b,0.0367502790666908,96.32497209333091,BAIXO,1,0,0.0,0
881e1440a65580d6e85e9c6174e1b3e82d3521cd766c71046e175df9f5c8633a,0.03702364809954246,96.29763519004575,BAIXO,1,0,0.0,0
881e86c9a7b24089799d0ab62df6851852c255c5e10b7fd0dc69c5e1e90f93a6,0.7086604781835819,29.13395218164181,ALTO,1,1,1.0,1
881ff91057e6fe2223e3a28e5d00cc26891f54d8410f77b332c77462989b59e1,0.023491292407677077,97.65087075923229,BAIXO,1,0,0.0,0
8822fe07e6f187c4779f7e2d1967a9a36f9720df8a3761097c311a4e14aae011,0.4266891286521643,57.331087134783566,ALTO,1,0,0.0,0
8832e5e3176bf9978dbbbce48ec9bd4a2a061c6f114acce151cf3692d04366c8,0.024994117233606464,97.50058827663935,BAIXO,1,0,0.0,0
883c7fdf54b6dbdcaddffbb3b7ca708b9e5f4792ac8e961c90a3ca47b25bebb2,0.05319498877976275,94.68050112202373,BAIXO,4,0,0.0,0
885084a1fade287de646154f37db2a72176b8c8f11565771567fd62bc45caf95,0.09142249240393802,90.8577507596062,BAIXO,2,0,0.0,0
8879dba7a77e3b86d384051995194f4acbfdd889198f62295359953dab5d3aec,0.038091633920487374,96.19083660795125,BAIXO,2,0,0.0,0
888b0c40082945763a1db757657bde6e942bcdb666868e89bb8c2281fa0485e2,0.20497715418431775,79.50228458156823,MEDIO,8,0,0.0,0
88970870999096cd87222e3bfe0c269a055b7cb123b6be84d731796d5e30f59a,0.06670737736221331,93.32926226377867,BAIXO,1,0,0.0,0
88c3a55f710882ea027d31c2becaaf3e3f606d4c03dd8c71cfaddb2f7014aff6,0.018369089725389667,98.16309102746104,BAIXO,1,0,0.0,0
88c992a363aa36c29835c8bb45c82d0ac9942432d485f494e1814b61d6094ff8,0.1744489736961999,82.55510263038,MEDIO,1,0,0.0,0
88d7a6c1fd6f423947cde1ca1d0b1a403cbcd1c6cdbbf9e9084014fc3980f913,0.014962095390247466,98.50379046097525,BAIXO,1,0,0.0,0
88dcef655d4f40539e5dc33793ce309fc27aeb2f2cac93b3c450287f4856444f,0.2241006925368956,77.58993074631044,MEDIO,2,0,0.0,0
88f7045699a5aad48f9958c2c0dabc4c192fb3340115d82099cdc3aeffb7b2fe,0.1995670878465761,80.04329121534239,MEDIO,1,0,0.0,0
8926cb7d29759d7d5d136412b3d127333881111040eb91c4d13a06f58d55f760,0.9538219531777988,4.617804682220116,ALTO,1,1,1.0,1
89345df448c07025ca9e2ba5adbba1b54b0e95474de86c2de545312343131a39,0.09678601334257146,90.32139866574286,BAIXO,1,0,0.0,0
8942a0fe00c5d7aba07f9e659bef5f04f5a801bbc160f8f768c684872d7d6939,0.17952513291051242,82.04748670894875,MEDIO,1,0,0.0,0
894546f4eaab9642857788bb16f53016cc95729737f82f9808dc9628a60380e6,0.044671732494912214,95.53282675050878,BAIXO,1,0,0.0,0
895cf2ec2aa9bef730e8e760a2dfb555f87b48a9dd43dfe7ea1232b9c5225244,0.02292722834960798,97.7072771650392,BAIXO,2,0,0.0,0
8963b72a33fdcea87c1a2008ee545e3d2d1ac2bb92e55399fbc8f9e7f23d8f0a,0.01538363441092914,98.46163655890709,BAIXO,1,0,0.0,0
897c23bdc242b1728fb51aab26abfd6bc66393e8bee0bfde91f0847c97000bda,0.08305438524950128,91.69456147504988,BAIXO,1,0,0.0,0
89927e1d883087a141fd6bd798f8addc90d74a2c7ba75022da8b5ba52048afcf,0.03367180338023024,96.63281966197698,BAIXO,1,0,0.0,0
89a7b1aea47e0a18630e3bc9b7299803fb7a7d2947bc733cf5e932c8e84e2505,0.978081449573077,2.1918550426923034,ALTO,7,4,0.5714285714285714,1
89c3af578a2d5fe4b26ef55bb6a257793533b436b8d75c28dec2751c4a8f64ce,0.07553474439815594,92.4465255601844,BAIXO,1,0,0.0,0
89e5479589e7cef63fc7155990fa55ee7dbcee5d7cbe2e02e74549b1595a68db,0.07062107274903132,92.93789272509687,BAIXO,1,0,0.0,0
89e92dff2171b35baa5a66141830b12456ffc53491243b7ca440dced85957600,0.24143048126408526,75.85695187359147,MEDIO,1,0,0.0,0
89ebd67ee2795e57436dfcd46d261893a372457050facacf79397b1b22740a81,0.06442097602752615,93.55790239724739,BAIXO,1,0,0.0,0
89fbc69cbaef0c56c6384354c6f26d84270c825583a064950d514393e9a1042f,0.32955377569459704,67.0446224305403,MEDIO,1,0,0.0,0
89fe690260c3337a382926dcfdf5737965642cf22d1580f61fa624782de242a0,0.07122156641259297,92.87784335874069,BAIXO,2,0,0.0,0
8a07bd45bc8a5e718ec80176914608d57b16c0529d8df302c6477b530393d5d7,0.11511216471951312,88.48878352804869,BAIXO,1,0,0.0,0
8a0efb1bbab6d63873e29612b0eb0f60191fec9d25f93b5cca7aef505f34c010,0.0358672511445392,96.41327488554607,BAIXO,2,0,0.0,0
8a27bde79b535a1b7b9e8fe3005aad5709dc850ebda9533d84f9931a89ca3410,0.015265339826015278,98.47346601739847,BAIXO,1,0,0.0,0
8a3aecd8cabd52ce5416657d449d4c54201d18d9212b55e2ca8f6578787ca9a4,0.3344858399029482,66.55141600970518,MEDIO,1,0,0.0,0
8a4617302098e01c84256d0a0209d40099bd10c7be1e7a18ac4c854f77b33dee,0.4002673796852561,59.97326203147439,ALTO,1,0,0.0,0
8a59ac31229c828c93c46832ec9767f79a2cb60fdb01b3c8262e8b09b45f051e,0.0331722359334115,96.68277640665886,BAIXO,231,0,0.0,0
8a64611475dc12837aa1b92e61a0c8e236339636d031cf714a59866029a1e982,0.07074333781105238,92.92566621889476,BAIXO,1,0,0.0,0
8a72b162091f7f385a2a27d764c6bc6214617ddf1ea35b2a0170306c9554a6bd,0.05668850608709199,94.33114939129081,BAIXO,1,0,0.0,0
8a736e0c37baf6cf14837158a55c1535c0ecf9624e3d2f228557f636bfaa3dfa,0.2706547438432698,72.93452561567302,MEDIO,2,0,0.0,0
8a809ccb9b1f5ec1c753c54d73862e8436f95658833ecbce136df5b47b4846aa,0.9362386934945367,6.3761306505463295,ALTO,5,3,0.6,1
8a980f26cfa459827cbb0c51e6fc2fea9e480e6df15c167d4f1234efd72d9927,0.2784751209381312,72.15248790618688,MEDIO,1,1,1.0,1
8aaaf534b99ebff72c874d3a7fc2ecfff1d34c19e0fd6b498ccb037675cbe6b7,0.08130790910398045,91.86920908960195,BAIXO,1,0,0.0,0
8acf029708d7e5ca2b643e9c7d18e9a85c59398ec29657b48fd22b789f6c14f9,0.06979180428587045,93.02081957141294,BAIXO,2,0,0.0,0
8ada6a3910e451929ccf64ef60345e39ae97b374d6787aaf5abe768bc08bef79,0.2495582329900931,75.04417670099069,MEDIO,1,0,0.0,0
8af86f4e72ba26488a9919995da65f005a52eab3a8f40b49f465822b7b2683ee,0.009608278360237671,99.03917216397623,BAIXO,1,0,0.0,0
8b02b2d977be8fd2135e00698e0ca2da76cfe36067d62595cfb64cf568cbb73e,0.00853068569186652,99.14693143081334,BAIXO,1,0,0.0,0
8b24fea8e5da1ec8b953c4f9342fe42d90eb0bdf838105e141e5abd5d4f69a83,0.18869945997661794,81.1300540023382,MEDIO,1,0,0.0,0
8b3032f9a89841fafd76bc08d60bfa604faedd2de4ff89f0d613a411386b321b,0.3815944390715751,61.84055609284249,MEDIO,1,0,0.0,0
8b418df8e41d510f3cc5f949fcddf56a4133b9f455709ae237ef079a0ed239c4,0.08257732544640932,91.74226745535907,BAIXO,2,0,0.0,0
8b77dec5b993c39cabeeeac9e47f58b5a33814e58e46b6161f2741fad9c352e0,0.07463516729368191,92.5364832706318,BAIXO,1,0,0.0,0
8b7dc596734ca9828b2c24486f1d484f6f85b0e33a6dcae2108299478ddb7748,0.025398188962326214,97.46018110376737,BAIXO,1,0,0.0,0
8b82b654bd62085c9118bbc0e3f9c3027ffa57c8f467b2618a96177ff6434942,0.0426060514433291,95.73939485566709,BAIXO,1,0,0.0,0
8b9bc270bde85004a64b4da0a0b86b8e0d88354a132d8239560fa0932de796ee,0.11226423216520454,88.77357678347954,BAIXO,1,0,0.0,0
8bc57b211466f683269e2b3573421496f106b8264c003a77b214a05ea24b805c,0.03202011417697861,96.79798858230214,BAIXO,1,0,0.0,0
8bcaf10186ee193bb11e2e8901247d1ab5344d35faf2871c34531847fb602fc9,0.02591237855364786,97.40876214463522,BAIXO,1,0,0.0,0
8bd7d63f4a297555c0fe5774e0a9c0a9898f2bf1329e5cdcf07bcf030a35dfc5,0.0640820532031011,93.59179467968988,BAIXO,1,0,0.0,0
8bda994a771fac7bbe0360e461612b164bcc6cbc26206a44810f01b96a122fda,0.11083499551124201,88.91650044887581,BAIXO,3,0,0.0,0
8be050362ba771f319708ce94d0b9f396d25093e66a7b42d1f8532442b025f3b,0.20521464561987693,79.47853543801232,MEDIO,1,0,0.0,0
8bed2500b07306931545f1494d7986f706ad0f7942fc679dec7729c30507744a,0.008512044227240589,99.14879557727593,BAIXO,1,0,0.0,0
8bf3f9e2ee425abe94ce08875a72c4d6751ed0b9737df615151afa85fd976d5f,0.04469655103946689,95.53034489605331,BAIXO,1,0,0.0,0
8bf47f0dd60eac18dd33808dbaf6bfcce1c8c1d8251bff2c5918e991af73b4bc,0.0460330070907291,95.39669929092709,BAIXO,1,0,0.0,0
8c0296aa0cdad11e738ab02f33b943f11074cd0840197d3a4832a9eea973928d,0.052311586388965964,94.76884136110341,BAIXO,1,0,0.0,0
8c08720aec1acb13141b3cf014e7662ec47d336ef887a4a8457d475087624fbd,0.04957270432392829,95.04272956760718,BAIXO,1,0,0.0,0
8c0f60583dd703873be273f4aa20e88f75e713f5fdda9bf46ab913c063baeb78,0.00428399817551315,99.57160018244868,BAIXO,1,0,0.0,0
8c103d2a7d445878d182d3f427ff5131f8a9cab74749580361e9d0c24f6f9c08,0.01662812886319094,98.3371871136809,BAIXO,1,0,0.0,0
8c10e82b5602e4804702f876a340f7ace20012bc526a820fd7f27091e21fb9a9,0.011234418256812335,98.87655817431876,BAIXO,1,0,0.0,0
8c19a8c55be617cc5b064508f51b89c52c36da8825598c151ea66c8d0c4b052e,0.07255121343753596,92.74487865624641,BAIXO,1,0,0.0,0
8c206ff323028351c343c6b686c71e78c89d7b66b5e42d5249e7b48a335d76dc,0.028257801103075516,97.17421988969245,BAIXO,1,0,0.0,0
8c23d337089758669ac5bcae24f3ca8d22259226503def494b3e537c51742642,0.010589069711183495,98.94109302888165,BAIXO,1,0,0.0,0
8c33020c5f1070f66955069be1e22fb929c723525fc53d1490bae3f9c0116394,0.00428399817551315,99.57160018244868,BAIXO,1,0,0.0,0
8c3f63518bbab50ca0deb8221520e55f8362fbcc6eea553bb093c7b61d4b0f13,0.007024902825810447,99.29750971741895,BAIXO,1,0,0.0,0
8c44f95fac1dda27deabd878be8bcce64033e83dbf28509e430a289ea9dc1231,0.0480953683566246,95.19046316433753,BAIXO,1,0,0.0,0
8c46edd592deaefae5157bc983ee711f7343798e1ac2aa57a1999ea430904b47,0.06677099364707247,93.32290063529275,BAIXO,1,0,0.0,0
8c7515074ed81a1092210be7060b01be2a53f940dd2ff363a0abb681d7c338a5,0.20674047636261716,79.32595236373828,MEDIO,1,0,0.0,0
8c880d0226189b5995ced02e8a2e12235fdc9f5078bbbdc67f258a50d976f36d,0.062463802148384824,93.75361978516152,BAIXO,1,0,0.0,0
8c8a529128f2f816860b4753e02c5bc7d28070863ff8d259398aafb8ef54fa0c,0.04716648925390759,95.28335107460924,BAIXO,1,0,0.0,0
8c976f83da8f760923f88b816b7edf7c5a427cdfdff50bed818a0c49e39458b2,0.011406601570123636,98.85933984298764,BAIXO,1,0,0.0,0
8ca32e6552ed1c43fe31c8e8319acc93b5dd77bc5ce7c0d2747474c53a1c2a3b,0.4269500961223706,57.304990387762935,ALTO,1,0,0.0,0
8ca8572c285947e81a1b88d22ce1d3e89e3e23a7317543c6e5e30998be8fe0ad,0.007454957497471652,99.25450425025284,BAIXO,1,0,0.0,0
8cac60da5d011f5608705203cd05d7faf3b4565293d5605e2ea543009a24f2fd,0.03341513159377394,96.6584868406226,BAIXO,1,0,0.0,0
8cc29812ccb644e23b1609e95eb3a6a610659405aa2918746686d5034772f308,0.12034078081332523,87.96592191866748,BAIXO,1,0,0.0,0
8cc5f8b6cb1bd864e5e03ccf8fcd8c0980519e0c0642c629be6fa4f65ef49f9b,0.014971519172062834,98.50284808279372,BAIXO,1,0,0.0,0
8cc75a559d02f95a609424f1326c9dd1b9122494204a39f654391739c8540f96,0.20445359987910833,79.55464001208917,MEDIO,2,0,0.0,0
8cf632c6d665ddebe9c7c4cf227315fe030b36bc16fa46ae25b50073dfbbc23d,0.20826507051590842,79.17349294840916,MEDIO,1,0,0.0,0
8cf76be43a5d3f3d9f26f4a8683a9e858c8761c5b0d053a10c61654054d09dad,0.014679585037377586,98.53204149626225,BAIXO,1,0,0.0,0
8d06f2a8b6edbc28209172671716e81633c0e2dc24c5feb8a9181a53d9936944,0.04564776735297582,95.43522326470242,BAIXO,1,0,0.0,0
8d0e4484e2903bb3287354e74ff0d14b1b5b15a353133b8e8f594451f9ad5026,0.06384999295807542,93.61500070419247,BAIXO,1,0,0.0,0
8d18e4c11220a1edc6651c038373d1c77d34e582c0da2571b7e686cb80623b76,0.12192180675076751,87.80781932492326,BAIXO,1,0,0.0,0
8d2a5ceded4d531ad56c4309ac769b2e3e4d08985fcd4bb6885049d12142f886,0.0733171071872883,92.66828928127117,BAIXO,1,0,0.0,0
8d3520f68ee387f7acee3efd33f94c4f9db9ea8e0178bf046492a66f2052e80b,0.07423043719549914,92.57695628045009,BAIXO,2,0,0.0,0
8d54e42fc7397385fe5c08ae255d1ef1be400657a3a0355bf6b4d6bac9637f92,0.12877439944565797,87.1225600554342,BAIXO,1,0,0.0,0
8d6f6e1b14f05baf99d88370e3dd9154159dd36e3568e86f4d3f77902421f6d1,0.138081816476257,86.1918183523743,BAIXO,1,0,0.0,0
8d783c988f22c74b9e1c7ea5cbce240e3ae779fcc46bf9a6da74decae4fcb6c1,0.5601862480941394,43.98137519058606,ALTO,1,0,0.0,0
8d792057afc956fbac44b070f5febd7d9289c895119f9eb9ca6d9fce7acfff7a,0.2959028347735645,70.40971652264355,MEDIO,1,0,0.0,0
8da3ff93854b8e86ceda6f846d5f3e4b4b6bca22ff0aa767699ec979de1f0b96,0.10181317231047973,89.81868276895203,BAIXO,1,0,0.0,0
8da737fc056c16267f1ccb00545a030702e5c1f49ffa04f410fa27e83bdd2cfb,0.046749067827660425,95.32509321723396,BAIXO,4,0,0.0,0
8dabbd9a3e6a4d499fe8718e78db2063c4cb02ec88270817df8921375b7ed79a,0.16430830989199832,83.56916901080017,MEDIO,1,0,0.0,0
8dba41e61f7e272845c26c6205b158325f8f9ef1225663545a7cf4f7934fcbb4,0.01575058178714446,98.42494182128554,BAIXO,2,0,0.0,0
8dcb9c65eec66ecd78f29224de44b10a3e9b93fc7b5ca6bf67abf1fc82dbde57,0.1365493773906288,86.34506226093713,BAIXO,2,0,0.0,0
8ddde66beec9e6c34e6df688b8f26418d8dc9e3658afbee92348071b628ec1a0,0.13851065983459457,86.14893401654055,BAIXO,1,0,0.0,0
8dea1f36dc932e31f565221b9ab7e2d865725d09bc48761aafc659d950a55dad,0.29948693151145067,70.05130684885494,MEDIO,3,0,0.0,0
8e012ecaf6af63693df0f5ec577307b0b7925f7d5f0f151da3fcb9ee8edef915,0.1615730785668079,83.84269214331921,MEDIO,1,0,0.0,0
8e03008e93df3f2a5985687046e4acd6abf7fe22ae211b3bbf0bf262b3a43b4b,0.1494688725404427,85.05311274595573,BAIXO,1,0,0.0,0
8e155e4692f3afa98ea00d96f4d307b6c93c872e66ee1d7f534db3d09821ce6f,0.029772175878678322,97.02278241213217,BAIXO,1,0,0.0,0
8e244b74215c64eb81a1a625a6f9c6cd38a2b5f599809f2e3cfdb2860acadeb2,0.16570042302030372,83.42995769796963,MEDIO,1,0,0.0,0
8e2e25ec1d7b56bbe05d8b7e5ba1062495ece259783c7603e2d586f8636ab271,0.13617805408890504,86.3821945911095,BAIXO,1,0,0.0,0
8e6e7f32c551162a12bb9ef9edeb166d89f2880beed9708f281633de7964e9b1,0.06683085289929143,93.31691471007085,BAIXO,2,0,0.0,0
8ea848e07473eebf5e99d30f3a7b58ac3d4823d2bc0a6f6fb50e8640d7d1b0af,0.25342563932719087,74.65743606728091,MEDIO,1,0,0.0,0
8ef6737d298b40e2c1406ecb6bf4c8c7d5d357beba8e91960d57e0c4b5f82cd3,0.0811182874681341,91.88817125318658,BAIXO,1,0,0.0,0
8f23d8561a0242bac840c122935ffb75473baa944c145b6c2abead69b47a79a1,0.036631775926596305,96.33682240734038,BAIXO,3,0,0.0,0
8f599fe578b699373d222c7200624d282910745fb1aaccdaed0364954afd9ff4,0.18355079822090314,81.64492017790968,MEDIO,1,0,0.0,0
8f616bd0d401c1ae8554c2060a83f7095cacb45700dd5a751b62de1c36ae3d14,0.46533608007314514,53.46639199268548,ALTO,2,0,0.0,0
8f788639c17375fed41cc5d33a712569b6a4ebf2c3d6b3bdc7cf0243f97fb617,0.03956250079075512,96.0437499209245,BAIXO,1,0,0.0,0
8f85094cf1b1258e0dc9ade4b226af6e7e15589681485a248a08430c5c22a844,0.05140875555414578,94.85912444458542,BAIXO,1,0,0.0,0
8f896b689b19868a3304746326f8be354a676ff235a8d1a5f7dd2256e5b2967a,0.8614882160426468,13.85117839573532,ALTO,2,1,0.5,1
8f93d455c7ae447cc564973068ebdcdafd9d338c7eeae3d2727120294f8de7b0,0.2610560869275742,73.89439130724259,MEDIO,1,0,0.0,0
8f95bec561fb40ce85a67bc3e1cb143011fc22f223ca70b4ce23025eebe73549,0.024935937622909805,97.50640623770902,BAIXO,3,0,0.0,0
8f9a02a2459bea03dd8ba63dab43e691997e6b79f3cd4e1c785ef44ac104b09a,0.004511022862258122,99.54889771377418,BAIXO,1,0,0.0,0
8f9a8357bb4f34d7070633c7417b22fa731bf6af0ebbcc7038496cd3bbe970e7,0.027837060519272542,97.21629394807275,BAIXO,28,0,0.0,0
8facba2df2d73eef84960c065f6fcad3aac5e4a862abda1572d11d40409cbe48,0.060913407569476184,93.90865924305238,BAIXO,1,0,0.0,0
8fb42028cca06cb0c049a2c2c8059d1737022d8ba649ccfa78519f79a0e21029,0.054756737632126795,94.52432623678733,BAIXO,1,0,0.0,0
8fb5abc307477353752c8edd9d9a73b734608550568def2ddd46e9ff6f8a5afc,0.03086277045468707,96.9137229545313,BAIXO,1,0,0.0,0
8fb61a912936be35af6f6fa98655ad0df6ee5163a96bee4f010532508821337e,0.08270052955311516,91.72994704468849,BAIXO,1,0,0.0,0
8fbae1b9ab94af08f78dc48e1bc0e80df819c43abb8372cab604929d91832160,0.12819992331029403,87.18000766897059,BAIXO,3,0,0.0,0
8fc438f7e3a38b04771c996c300d0f66f19a89c910bf6160948de3ed2f6c9e18,0.025609445604926777,97.43905543950733,BAIXO,1,0,0.0,0
8fe83bebaf9034b456ae9b5dd43724201891745447b172e41190dfc923887504,0.01051609292507102,98.94839070749289,BAIXO,1,0,0.0,0
8ff0141befcaafbf8b04c20fc2d833dabcc06cb3dbdac59ada9d8599bd350f08,0.0530950789586437,94.69049210413563,BAIXO,1,0,0.0,0
90105194a2d46b08c187024f35749dfa4c757c6f48081addd8ad9e824c93e291,0.07551693762517432,92.44830623748257,BAIXO,1,0,0.0,0
90172ad51f65dc72ed69ec642f73c24a22ea116e644a60cd92fe0199e929e0e6,0.2881365697076932,71.18634302923068,MEDIO,5,0,0.0,0
9019bf358d5eecf8dd1e04362806b7935544a755e05a607cb929524492561430,0.016281177076732066,98.3718822923268,BAIXO,1,0,0.0,0
90289a472b71e452c1d1760db814c9e30f08559295adcca97cedc20eb3f6b272,0.026489139493563837,97.35108605064362,BAIXO,2,0,0.0,0
902d70704df9782a74fec180f2db0ff54473480acaffc2e1d183b971409e5561,0.6900117186856871,30.99882813143129,ALTO,1,1,1.0,1
9053a0ca335481de72de6cb636f2c626af59b1e81968249ef6b9fa40aff44099,0.00843872752828959,99.15612724717104,BAIXO,1,0,0.0,0
90559623c61e2f1a4c33fc4be7ccc27f26b0c63ee807566b9e377651bb804bef,0.04822393725522364,95.17760627447764,BAIXO,2,0,0.0,0
906b4e59ef3f84a4807c63f4a3cd5482155fc0ef585aff82b0887aabbe41ef2b,0.009760808902620063,99.02391910973799,BAIXO,1,0,0.0,0
90702b9ba4b450875024b0ce24cf20b22c47e7df6358d85c6549b3a6977acb69,0.08638313826027987,91.36168617397202,BAIXO,1,0,0.0,0
90858a184b42260aba66b08504f9d2c9f10622a35c6ae1b93797fc9cd668e896,0.020403609130312615,97.95963908696874,BAIXO,2,0,0.0,0
9096df14ee1e2d83fe0c92526b94e0150bfcc05a38b5291fa4c7c95b18aaa7f1,0.027751585677042924,97.2248414322957,BAIXO,1,0,0.0,0
909728117c7b90f17474f160a1cd97329ff137d9da3386a4d629e29ac6e32078,0.08378051881558252,91.62194811844175,BAIXO,1,0,0.0,0
90a57ffe94f9f04a5a3e13052c32afaa816973315e9e332982a7174e961bb400,0.06520882325770129,93.47911767422987,BAIXO,3,0,0.0,0
90abef4a33bf38ce2a0fcd4e6829434997d536c1927a10331b150083efdafa5a,0.32689192466256184,67.31080753374381,MEDIO,1,0,0.0,0
90cbb42348822966a3120511a5b144bfd475b8318a5b7cfd4a4961e8b250b88b,0.11542377685164043,88.45762231483596,BAIXO,2,0,0.0,0
90cee099ec81a9fbcda38494f3106302888a53ce82c5b435ad6a1c14c7a73b45,0.03441765640342846,96.55823435965716,BAIXO,1,0,0.0,0
90d35ed1e16caf49da734b0dfbe8e0b12c877d5b0ad2c49b8e5faff5195730e3,0.009300446449168028,99.0699553550832,BAIXO,1,0,0.0,0
90da5faff948e0bd0386bb30c36232131e510e0364cf55a7ad8380c919421343,0.025531913136531467,97.44680868634686,BAIXO,3,0,0.0,0
90daac0a5c279db0b9d674cb3a79bee481f285f0df0da6d4b7018f641f545da3,0.010457693263984297,98.95423067360157,BAIXO,1,0,0.0,0
90dac4b1349cca6474b6c51bce14ee79ddbeb73f082b25a5ee76f35a2190c14b,0.0785588948581112,92.14411051418888,BAIXO,2,0,0.0,0
910c76f4b1aa3e71e34ae367c97c4289a02b2bf939557512f4edff6fc05c76b5,0.47971304612524657,52.028695387475345,ALTO,1,1,1.0,1
91309a27e4959923f72a0081ffa8c4cbebfd23e6e33bd88cf5aa8670f082a15c,0.07022476801269435,92.97752319873057,BAIXO,6,0,0.0,0
9135140a05d32056b8e0a3fdfb106f0e4d13a15c9cfee788d8d794b05816c5fb,0.030453423542486126,96.95465764575138,BAIXO,1,0,0.0,0
914dbac875a24c4dd8a71e980a49030a0ed47149073b7c68b5a380dd59e106f2,0.033067903328948864,96.69320966710512,BAIXO,1,0,0.0,0
9169e7beaed13c0b6d28295dd2b270bad5f20c4d2c7fd226728948b18ed17d48,0.12103941278454478,87.89605872154553,BAIXO,2,0,0.0,0
9171d94bcd623e0aa2ac976c150ecfb1d5df9d6cf3c9547c7e7cccf29835d857,0.25767702503983014,74.23229749601698,MEDIO,1,0,0.0,0
9189d5f1d4dd7af7d4c143d0b67feff97896d860c7c9644bcfb75191609b776d,0.004562465684443516,99.54375343155564,BAIXO,5,0,0.0,0
91af2445dcd87c7b10b649e5c25c993730156856b743ff05ea117a3d143ae8c4,0.22632615404192927,77.36738459580708,MEDIO,1,0,0.0,0
91bd0cdbcd93d22625e8b5ed704d06a77cd222d7feb404f6106f2e05e4fbd63e,0.08002642827885183,91.99735717211482,BAIXO,1,0,0.0,0
91dc3c6b3749e670d7500404c8dfa5d71b8c342649ddd621d43cdca5f15515df,0.010447614501340184,98.95523854986598,BAIXO,1,0,0.0,0
9225e2b1f7bd3d86b11330aa27b8b8cc15be5b99dbe799b629ac818c02f2a851,0.014446189600609453,98.55538103993905,BAIXO,1,0,0.0,0
922d54f6fd816a8fa0a15f1986458bee4cef4812c114f610f24899f531c13c04,0.09596081217834525,90.40391878216548,BAIXO,1,0,0.0,0
9234dbd1bcac82e29c40d08b4597200f16b20239693882171bf6f0f9335a796b,0.09198382832500861,90.80161716749913,BAIXO,1,0,0.0,0
92404ef60253d554456a5b48c1329da2e162bd968144d7c53942306e926d7169,0.07052216536099595,92.94778346390041,BAIXO,1,0,0.0,0
9248bda3d22eb0b64181f4742f01a30fd4d8c6780997b676d69134bc0202e618,0.08452655801018819,91.54734419898118,BAIXO,2,0,0.0,0
925cdfaafc62ec5453c553313fd33363f1f54f281d93d08fc78e8d747215c73e,0.00428399817551315,99.57160018244868,BAIXO,1,0,0.0,0
92924e80921a61bea8c70a9dd1472830d28d236aa48ccf57f9ecf86817f2fb60,0.11532375499605145,88.46762450039486,BAIXO,1,0,0.0,0
92a65b571012cd8bfe26e04a083706ec9213b20e84b3823d97cc4cc25452a098,0.02654289894523552,97.34571010547644,BAIXO,1,0,0.0,0
92c485ef1493be00438a6d267fa9a9a568ce751d4a4c2783f2652fe3b2cd7077,0.08803300166306778,91.19669983369322,BAIXO,1,0,0.0,0
92e5a99771a474fbe1dae61746a6e8ae0196a9925f66b1f395c456bcaebefb84,0.025720310977552063,97.42796890224479,BAIXO,1,0,0.0,0
92e768f0b52020118d1d698e7b0937c38008d65e0a9069b65ad4f9f2d4ae8a17,0.09972825573013962,90.02717442698604,BAIXO,2,0,0.0,0
93088a09c57fa4bd31d2e67acd39d0499769c7d8dea9c120c8e9fac50c0a3958,0.06882419459711903,93.11758054028809,BAIXO,1,0,0.0,0
9315694802c76805a9932bde6cbaa257aaca63fa82e36da49a5eee5f5376c934,0.06463816459304601,93.53618354069539,BAIXO,1,0,0.0,0
932d9ad72b361d80977e6bb667355a5090776366a0ae984bf52252f3f6f0de12,0.006864921348224073,99.3135078651776,BAIXO,1,0,0.0,0
933df01ab3b06bc6d54ecf06c0d9a4f61d3809ac42a1597a1f295ed18bc4c086,0.17300496791040942,82.69950320895906,MEDIO,1,0,0.0,0
9350ed7b0a220e5dd875c111cf1bcf36769ac3c2be4034b6f3e7255128cc5777,0.049458462127553754,95.05415378724462,BAIXO,3,0,0.0,0
93665f6a58ada4922098c7423450270d0817682396a8044d22019e8a8a2985a9,0.47566082408873117,52.43391759112688,ALTO,1,0,0.0,0
936805ecb10b0959f74fb46422632a3d60f358deb5f215b209eb7a021d8918ed,0.003142146499423721,99.68578535005763,BAIXO,1,0,0.0,0
939d8e33ccd0555e649ec0201dfdfa4c47267fece7f852e498c47de8ae35a57f,0.042899605477791196,95.71003945222088,BAIXO,1,0,0.0,0
93a8dd16299401bed346572d2722ae198ebcc9e0d18187294a1d6bdc55ed6144,0.07386890262081656,92.61310973791834,BAIXO,1,0,0.0,0
93b07c22344630ffe71bee596e48d08b17c5153c5e9e8a9c9dbca2cfc63f58f3,0.10706351902697231,89.29364809730276,BAIXO,2,0,0.0,0
93b14c96fbf21a421408a4d623cf33e3acc9d0157a5e249b28becb2327206bbc,0.03732707933625586,96.26729206637441,BAIXO,1,0,0.0,0
93bba616aec5c3b15191607c231c2893341bb7b9b6252f33b56ee694ba8909c1,0.20590186404504346,79.40981359549566,MEDIO,1,0,0.0,0
93c8c1442fed49ff535f24ea2ea81752a2414c0263c449f241c269741f47b63b,0.030304576852499904,96.96954231475002,BAIXO,1,0,0.0,0
93cd42fa88267c6d94f25b8cb380d63955007e95624277bd62e87f6caa63cf5e,0.02099553511894793,97.9004464881052,BAIXO,1,0,0.0,0
93d267d3beebeba0f9faaafde9db58998868d10b6be82127707c3494c25100c2,0.11723103394119642,88.27689660588037,BAIXO,1,0,0.0,0
93d3b385316bccac12ca6c580375a4ad6fc50ea325c5365b605e3112f5696cd8,0.23630384636228854,76.36961536377115,MEDIO,1,0,0.0,0
93d7674c18bedf45e3afb4d4ce6cb67094a2b3b9e316606e178e4eb0c98f0b08,0.14969271040303173,85.03072895969683,BAIXO,2,0,0.0,0
93e0c3768a3a60ecf4c98ffde63a1afd8c7ad02f6336f9089cabc3a03d2b7319,0.12125901238777194,87.87409876122281,BAIXO,1,0,0.0,0
93e388a3294b587a37fc545e98ded87760bb42a78aba0e58dfb9fb4a1d84071b,0.2291291739364026,77.08708260635973,MEDIO,1,0,0.0,0
93fca5a77687c444197d193547529b7d4c58d7c06dfa0a5f66130ffadd83d5ab,0.05213940731856629,94.78605926814338,BAIXO,1,0,0.0,0
9407190c571c1d86176aab29b492ef3414029940fe7eaeb6c24dbb42d6110a1e,0.10234906716077236,89.76509328392277,BAIXO,1,0,0.0,0
9410aa45b78b9debf871f6f02f3a1b3648f5d171a80dcd1303464dc465b9aa0a,0.8765122882261571,12.348771177384288,ALTO,1,1,1.0,1
9468fb2377dd370bbbf85a5d2d0024610fa6e2b277c04ab15626ab052a9e76cb,0.13486608625107172,86.51339137489282,BAIXO,2,0,0.0,0
94754311815722c543f32efb38fdb562874ca31f0e4385f2c05a513e7875675f,0.005028520113241441,99.49714798867586,BAIXO,1,0,0.0,0
948846301186753648a4ec069bf2e6081fa3822200b0bd1356cb3c3b9bbe8d20,0.32551989538449194,67.4480104615508,MEDIO,6,0,0.0,0
94a68514cc0070c5441f5576e00e6a4344adbbb18283279bac6e13c339d33a6b,0.045389650208816426,95.46103497911835,BAIXO,1,0,0.0,0
94bc6a4ae186f2bba72de5f17f009c3fcda9f3a2524d4225b597a4db63ae47de,0.19166232886050277,80.83376711394972,MEDIO,1,0,0.0,0
9542fbddb617cb1c24799b6bb03d3ad7ddacf8341541dc4a9b78c19e956f874f,0.30331097114554323,69.66890288544568,MEDIO,1,0,0.0,0
955462ed3d50c1fa4fe4e50fa36fd9dd5368e0e5482204551bdd4691c47156db,0.0455039993956459,95.44960006043542,BAIXO,1,0,0.0,0
955ab28614ce02232396d3fd555e9a28d578b0035f5ab915cae9ef77941afbf9,0.10683386601404223,89.31661339859578,BAIXO,1,0,0.0,0
95627b26669115784aeba720a8e6e023cfcd78d4b60bf92657a01bb1f009c6b1,0.03314484053827769,96.68551594617223,BAIXO,1,0,0.0,0
9584f6e065829851e5bdedf1c83c9c44fd7a4cbb5b802c82f35b83d36f490e79,0.005143448354103404,99.48565516458966,BAIXO,1,0,0.0,0
9592d77603cce3bf01c05d03bc720a28809e9b88b51200648ef23075ac3626db,0.045757200036181306,95.42427999638187,BAIXO,1,0,0.0,0
959c65dc954193a322007c76d5afc71d9e202bb02d9fc3621d6ef9b200266e0f,0.10365240753037239,89.63475924696276,BAIXO,1,0,0.0,0
959d3f98c0fd8b7feaf80fb7987f1f586dcdbb7450444369a9eb7c3c08171984,0.08226477996514968,91.77352200348503,BAIXO,1,0,0.0,0
95ccc5cbb1df620294efc31c65bde42307f38ce103b029f6c46eb4f1024d4df1,0.01121146694072335,98.87885330592766,BAIXO,1,0,0.0,0
95da7fc9d7f6605d19afa2c780781812c8c5f8183ab74216a3c8fe73dd77c39a,0.045814753706502905,95.4185246293497,BAIXO,1,0,0.0,0
95dff8574d1702b1c4a39b07835ca9e4e61f135a960ad3812f8eecfef45c1aaa,0.23037820835654552,76.96217916434544,MEDIO,1,0,0.0,0
95e9a8731d08eac50c4560a85e8a98cfab794b6a4a8c8ecc5ca8339fe3119d0f,0.1725794336446308,82.74205663553693,MEDIO,2,0,0.0,0
95eaaed880f9649ec084cde88db939ab45970ae25a6615c9a7b81417b0c8262e,0.018666520413935756,98.13334795860642,BAIXO,1,0,0.0,0
95efa4cb10ce242f6f3ba91dae7e5b0d9fc5b17e5be739c055e90f26869d9792,0.10873806778691328,89.12619322130867,BAIXO,1,0,0.0,0
95f49a50710bcf9c0a7358be50a599ad93e3a6beb0bf2a77c73f166c25f59d3b,0.016511278858310843,98.34887211416891,BAIXO,2,0,0.0,0
9607536401d23a513703ad3014c068559a7df6462c77b8ab78ed4beee2316513,0.12883716405714613,87.11628359428538,BAIXO,1,0,0.0,0
96140951a7aa467bf3da3081b5601867ca357c66aa456214e6b73d33142e8808,0.0933930802961106,90.66069197038894,BAIXO,1,0,0.0,0
961960e79fc1494c8d6181f545c723d9bafeef0ef0f808e9d3fcf9062c5068ed,0.10212880810918648,89.78711918908135,BAIXO,1,0,0.0,0
961a065186aedee5dc8b07bc96672971b08e1850f3ac6dfa985141132d5b4809,0.05379191877938431,94.62080812206158,BAIXO,1,0,0.0,0
9621d89ca64cb4e333e568d16048297343d4242cd1a918a3b91b31766f133db4,0.020271440620832075,97.97285593791679,BAIXO,1,0,0.0,0
96238378cdb79cd57452acd6f44f7cb1d104f4ade96a63c4ab97c1a30500656d,0.13469097518966902,86.5309024810331,BAIXO,2,0,0.0,0
962562fa4ecf56a33dd9b88a0e94069ef6a16fb408907eacda95bbdb2537ab90,0.07111947997252108,92.88805200274788,BAIXO,1,0,0.0,0
96294c03c2ed8a3988fdd26c81e126354b10e4518777c5eeb53f1e587db452b8,0.05929467989928922,94.07053201007108,BAIXO,1,0,0.0,0
964c7453bc903328d34837eef1f6d722ffeea4d59607bf06d380984f54623e71,0.1849796542174465,81.50203457825536,MEDIO,1,0,0.0,0
965630aee5567c962dfd531e04eb8dc4598ec3e8a0f618ed97c6cd13eb5919e3,0.07739697919491426,92.26030208050857,BAIXO,1,0,0.0,0
966d083c44f7d5f84e55f5b765819650effe58e68301f6f56b9024bae381cdc9,0.25339036527128445,74.66096347287156,MEDIO,1,0,0.0,0
96796e3f6ccb0d021e2fbff5010fe77c2359e553d07ef660e9ab8a3f29a39e3b,0.024991167385396546,97.50088326146034,BAIXO,1,0,0.0,0
967a88d59d14ccfdf772cee9f38e147b0849f546898b5098346654c6a4937e67,0.0064084846941695585,99.35915153058305,BAIXO,1,0,0.0,0
968968f93687c816f3a7fd0498027762555ffa7a1805a8181a2f1c377892448b,0.0644317840413362,93.55682159586638,BAIXO,1,0,0.0,0
96b5fedb2556aa1b24ecd93a5df50980d72b7e890fbda813682d7f159a7227e8,0.036245290421636774,96.37547095783631,BAIXO,1,0,0.0,0
96c24651ef0263a0206a4342fd1144b95743989ae2649d3a37bee776fe71af09,0.11344745176365813,88.6552548236342,BAIXO,10,0,0.0,0
96eb5ca38b3e5c47c01ef61c4cdf7158e98d577252447c40590492dbf88503f8,0.07736394714936101,92.2636052850639,BAIXO,4,0,0.0,0
9707c99af6ca1d9f6084136e52ff9355c71b4b0c2575cd4c141280df74a91052,0.04559838436790055,95.44016156320994,BAIXO,1,0,0.0,0
972a5542b55eeddc8767d84c812ce60cf8f272bff7378a593cc196aebec52230,0.18123341731335196,81.8766582686648,MEDIO,1,0,0.0,0
97426934a33b5aa835ed54db7444f70552fb24b4956c06b533cd36f264559360,0.2037000445823628,79.62999554176372,MEDIO,1,0,0.0,0
9764867c2bb8d46edbc72efda2f8136e7137564b8c596e29d137418b942cb012,0.08776508382207357,91.22349161779265,BAIXO,1,0,0.0,0
976fc4a69fd7e84337c5c915df0cec01a24b17959beb0ce8e7380041cea7cad2,0.09589839654331843,90.41016034566816,BAIXO,1,0,0.0,0
9775632c44a4a2f1b8c805c5b99d2c573f4c0a3ef1342822fb5f47669af01fe7,0.005098589556094712,99.49014104439054,BAIXO,1,0,0.0,0
978f227d22277be44e853ab995c9dc1d5dd8bc98cd3444a8b4851a8b0b2b2df2,0.38280585063163614,61.719414936836394,MEDIO,1,0,0.0,0
97b5a3a5fc02775940ad3586dce950349221b89dbbdd7a81d54e7ed41bb274e9,0.2633790767501434,73.66209232498566,MEDIO,1,0,0.0,0
980667f9103797510dc7fb2373771252d5a4cefa8bfe9a6193ddb554d55f6068,0.07673175654994845,92.32682434500515,BAIXO,1,0,0.0,0
98401649ca93b865d62376d74a90a113b0c6a1aacead588dc931a540b7ff91b5,0.2777792986085148,72.22207013914851,MEDIO,1,0,0.0,0
9860f300cf0ec2e97a6db8857a1d1394df42ce941a9547ee41d717b5a265c353,0.027478309028552996,97.2521690971447,BAIXO,3,0,0.0,0
9863a58aada5422d339b20da7e6c81a7c51a427f62c74ad26c96e6c6067bbdd0,0.012626498270027677,98.73735017299722,BAIXO,1,0,0.0,0
98a69d4e050af13cb55d90ada3bf8051743c925353745c79df6d1bbcfc901ade,0.08050815917247948,91.94918408275205,BAIXO,1,0,0.0,0
98d05b7807a9017ba833ccc3690857852d54c95e8184f4589f87b8823a5749a6,0.07401803340545499,92.5981966594545,BAIXO,1,0,0.0,0
98d99b09a833e668afb2b0ccc53ddf75ab9aa54bfec89070fc20050b81cf9ab5,0.370312917210675,62.9687082789325,MEDIO,1,0,0.0,0
98d9fdfee64faa4bdbc7fa7ae43b8c59722a2c815bb8efef78de2561afe1dfb4,0.005952489420918591,99.40475105790813,BAIXO,1,0,0.0,0
98dc34430f09b95e660cc6ef8a2b72a2536463169d90c211c00e4d4f3f2a011b,0.02621659023718609,97.37834097628138,BAIXO,1,0,0.0,0
9901705403e59d16c713bc4b71fc7d9dd0638160697b6a26df6e8519ff4b1569,0.27436574232297334,72.56342576770267,MEDIO,1,0,0.0,0
9935e0d2f2b19350f2cc32a6552d00f8fca8bd35bbd6f851805e7e15a6c14e88,0.0818933851052816,91.81066148947184,BAIXO,1,0,0.0,0
9974da00b0e6d5a6d988a68e4db4a6bd309fc7d3aef880abc9c4cdfa1acf7a0a,0.1822772954965697,81.77227045034303,MEDIO,1,0,0.0,0
9981278bbc02d41bf7fa75d1a4bc7bfd8f7b6eca4027b96d00c943668172f4a8,0.025019638183726888,97.49803618162731,BAIXO,1,0,0.0,0
9982b91d6f6b89d2ef9d299822bf9430de2ebbcd1de72470375c360437dfe203,0.09720843117063901,90.27915688293609,BAIXO,1,0,0.0,0
998d9d40c035e2068d6ef95f1837f679eb28748d66dc182b1112cf4cb2c190fc,0.03078137840351276,96.92186215964873,BAIXO,1,0,0.0,0
9993ae63d1b58c48a2c0092cfda28e5f1abcc666739bcff648595410274861af,0.07244045586138483,92.75595441386152,BAIXO,2,0,0.0,0
99a6e613491e6a21ae6f6b8d3c088ffa0d1c4b4cef7f1ce5768cf7be5d08902f,0.10883154878084964,89.11684512191503,BAIXO,1,0,0.0,0
99be408a9826f207d822cc284907e90207c6b86bc65b6260de1b036c83bccf8e,0.12075784297241623,87.92421570275837,BAIXO,1,0,0.0,0
99ca53d350443a0ae516ab727651517088bebff7d1ce8d78048f41bd13a6cf91,0.0889437205411545,91.10562794588455,BAIXO,1,0,0.0,0
99d30087fd016c04d979f1b7b75f6b986450eddeb1787c1325b37c51c3c26b54,0.046759245388875346,95.32407546111247,BAIXO,2,0,0.0,0
99ec60e5187fda232064e72da338f8dc728dc8d89670e8f17d172ad397132b5a,0.04278980413719951,95.72101958628005,BAIXO,5,0,0.0,0
9a020d5937a2e7bca4cd46935c761485514c72d3aa7f8986e60a88589f3bb893,0.03610218780861149,96.38978121913885,BAIXO,1,0,0.0,0
9a0bb8eb16430b04ada644974318f5de5a17e6306b9d87bdfcd1fa8fcd493d5c,0.11136467798866462,88.86353220113354,BAIXO,1,0,0.0,0
9a31e04178c2961df0b5f1b6b6fdf3139c66b013753e900f6a51ebce41bb3c36,0.11323973423936448,88.67602657606355,BAIXO,1,0,0.0,0
9a3c43623862b54a10da091d2f0fcc93eff62df6b7fbd322af53af25bd4de568,0.03974476984956777,96.02552301504322,BAIXO,4,0,0.0,0
9a612f3d7368dad85f205c5f94930666ab43f43d6faea487db60e4a578bbbe15,0.1592118392973539,84.07881607026461,MEDIO,1,0,0.0,0
9a67441a994cb91bcb3be3f0c31953fca9f297ee823f634eaacbed3ae61e5e0d,0.19434050404456865,80.56594959554313,MEDIO,4,0,0.0,0
9a81553d299fe54cf3e0151cea555472d12d37414c1600987656c6ce2eef52f7,0.7080786352154403,29.192136478455964,ALTO,156,1,0.00641025641025641,1
9aca2a46dc61685e219acb7cdf8a325ccf2a2212f83ee76f102621b17d63eb60,0.0071046711370589205,99.28953288629411,BAIXO,1,0,0.0,0
9acad1e8e9a45c44e9b869ad73bcb00c4f710f27bbd5252d016c864512f7e551,0.11246726172019779,88.75327382798022,BAIXO,1,0,0.0,0
9ad3e19d456729389e4021b1af0e80739a81331403430b4d3cc8e8e453c3db77,0.06004124014896675,93.99587598510332,BAIXO,1,0,0.0,0
9ad900ed0f6f36143d9e3e553490ed9d37b19db515d89babf657a696f880679a,0.19053361999235546,80.94663800076445,MEDIO,1,0,0.0,0
9af5cde183b7e64c37eff5305b8ade23477de1456ab5f6de25a8eb7b7f2d5297,0.01049986831047394,98.95001316895261,BAIXO,1,0,0.0,0
9afef0d5296637a374846803dda590f48a44f0e0d28335ee4a9d242d1b00c25b,0.03551575200419481,96.44842479958052,BAIXO,1,0,0.0,0
9b058b3e70e24c75538979ff3747ff9093d72c661c83d35f2b5b46e15052b90c,0.01177361087641566,98.82263891235843,BAIXO,1,0,0.0,0
9b281f2335006e910114b0b3c1632a7963cb72754d383efcebf93cd3fb351f07,0.31194570369488506,68.8054296305115,MEDIO,1,0,0.0,0
9b2c37a64adbdf9ffa95635011224f47204a58642be8e6c328b721304a14dad2,0.028379087718552683,97.16209122814473,BAIXO,1,0,0.0,0
9b52db14dc5baf2f1270bf414eb12829703fc8820e131868f8829b7c67f22f4d,0.8740394282470845,12.596057175291552,ALTO,152,2,0.013157894736842105,1
9b5776a071e383bc3da1d83a9b148f56f16550645f8e0614d6261c7668e1640e,0.018650166987379587,98.13498330126205,BAIXO,3,0,0.0,0
9b61e3df4150eaffecf90c1b27344cd1eaf249ab0132aa518f1e76f97d166958,0.17370030456295962,82.62996954370404,MEDIO,6,0,0.0,0
9b6e114ef66056971d6686bd4c456fbcb5303a347eb717eeb1c0523f3657ccf7,0.38441373119936323,61.558626880063684,MEDIO,1,0,0.0,0
9b895fac27070b0c934d3a5a8cc3fcf56828c1bb10c0248b0b15aa325436df4f,0.015388972732097595,98.46110272679024,BAIXO,1,0,0.0,0
9b901fbc7522e52c8c3c50d91b484815f1aeba0d6f84ae4ba649ae7b0a4476e4,0.004508291385999969,99.5491708614,BAIXO,6,0,0.0,0
9b9589c5aca009cc77d731298e02fee04a0a6ad4826cc753c4cedaf4e8a81f09,0.8741080003992651,12.589199960073493,ALTO,1,1,1.0,1
9bac83ef296c3e7a31955569ce06c1dcc18963cd338224eb977354badae1afa2,0.13356559931557122,86.64344006844289,BAIXO,1,0,0.0,0
9bada23a4f5f8aea06881b2cd11ab5d3faf649e45cc77bd8a7d31df99d4e9a4d,0.1016022343394935,89.83977656605065,BAIXO,2,0,0.0,0
9baeb2f103f92303ac0abc5b5c44453ddd5395614a7c2ca8aa23e24333692d34,0.0026421602422452917,99.73578397577548,BAIXO,1,0,0.0,0
9bd447cc50f3943a12e185304f1eef57935711f8fdd1eb0b91066f94e5a6c90f,0.10286269976571388,89.71373002342861,BAIXO,1,0,0.0,0
9bea1134d225ec591932c7893eef0fff566ab7f8a41d1534c6fa0d7f5ae1adc7,0.07858331223116219,92.14166877688378,BAIXO,1,0,0.0,0
9bf0d232ba61f7e9874ab5fcfbcebbc8b10b26a87c4ffb25bee4d641045e77a5,0.022559846088839555,97.74401539111605,BAIXO,1,0,0.0,0
9c06a585d9f9cfbd3d0f02ef8f310105b9b100230734c35c1eb21e56910c4290,0.17875239473753124,82.12476052624687,MEDIO,1,0,0.0,0
9c2503e1612d444af8d123b54fb6b06b1f03c5fe4ab2eeee86f76deab5ee079b,0.3785468465094679,62.145315349053206,MEDIO,2,0,0.0,0
9c33021459e8ab15475a717644ce1b1f6334c75b4487ba08ea78d0f2158a9a01,0.03370244802230514,96.62975519776948,BAIXO,3,0,0.0,0
9c450a75a6d61a540663848a7ef9a6ff3b4b9536e6a82a9b4b7a9cf513de6eca,0.08865402087838584,91.13459791216142,BAIXO,1,0,0.0,0
9c4511420529be4eca711367c028f10ec3576e0d5c3c9e68294222b1a809b775,0.012260758403957983,98.77392415960419,BAIXO,1,0,0.0,0
9c59b92571a789c018dae3ee8c4d08fdeaf0fb44cc808088c28555a8b4a7226c,0.2801570139635505,71.98429860364494,MEDIO,1,0,0.0,0
9c702fcb134736e0d716216b0384b6a4bc41761cb124eec10f607eb6f093cdab,0.38854189847337656,61.145810152662335,MEDIO,1,1,1.0,1
9c8fedf52d2c9b265cdedbbaee63e3aa85ff006994b8d0d1ceb21617051c5b43,0.006842051650943912,99.31579483490562,BAIXO,1,0,0.0,0
9c9d24cd3bb1a491d6aa09c1513cf65577b80672981b3d15aed3f3ea1c0f6969,0.0859722009193035,91.40277990806965,BAIXO,7,0,0.0,0
9c9f0e75b7de78cb71f31f62fc861cf3763c4bbea45230017dbb45841399db2d,0.9618041124008846,3.819588759911541,ALTO,1,1,1.0,1
9cac7e41a3c268e2ecfe3fa0e3199bfbf2bce35d79852bc2dd2424c0e84a1a26,0.017338795955760676,98.26612040442393,BAIXO,1,0,0.0,0
9ccd0a22a781f3d06771c37d4231a0d63f54ff25e743bc63cf9a5fb8e143430a,0.03999070602547392,96.00092939745261,BAIXO,1,0,0.0,0
9cd0785730b4ae1369843c1882e8908045b8b91be44711c94cabb5009e6e34ae,0.017315411623839903,98.26845883761601,BAIXO,1,0,0.0,0
9cd54c1cd26d329ce09c6568ac16dbafe5e370f02b65307098ec48568bf85728,0.010819474976857884,98.91805250231421,BAIXO,1,0,0.0,0
9ce46791a81cf9a7ef774a2fa9eca82505c0da0cc0cb1ce2f7214c200f8fc9d5,0.05267218456298797,94.73278154370121,BAIXO,1,0,0.0,0
9cf2dc082f4662d42c08719d28ac7d27bcd740c97d5945381b84d3c957290061,0.13277173081650864,86.72282691834914,BAIXO,1,0,0.0,0
9cfb90739cc07da8c5f7f0ac7ae7128cdea15c92bd6d26c62e346a46fcaf6b4c,0.09625829279808815,90.37417072019119,BAIXO,1,0,0.0,0
9d093e1766143f39051ea312baa4275083ddfd7751e4f07bc13d0f67916bdffb,0.10156017401115477,89.84398259888452,BAIXO,1,0,0.0,0
9d117d9d73e8ab3596989612ab35b3c3318ba8eb42493ee04383f34289b138f5,0.7136675995687307,28.63324004312693,ALTO,1,1,1.0,1
9d3b975c69eef7d6338d700ae0f433fa2480d6c5fad828407c4932740606d4b9,0.0923669808495961,90.76330191504039,BAIXO,1,0,0.0,0
9d3daa5bd5799c986c3bbe4bc981fb8acfa97fb435c4fe58c9a964fff4bd9d17,0.015634191629512864,98.43658083704871,BAIXO,1,0,0.0,0
9d421bce5f8705503bc8f2f2c79fa366ab4a69929e12f461fcfe3166671f9b98,0.04899202467981205,95.1007975320188,BAIXO,1,0,0.0,0
9d4318016d961700ff25918339bcadf07e16e731972647282595d8acdc95d8e8,0.051182527025497394,94.88174729745026,BAIXO,1,0,0.0,0
9d4b868784f8b601337b41a0880c0d31995c0538e1bd88b9ca76ae250f2f0af5,0.14954414551308834,85.04558544869116,BAIXO,1,0,0.0,0
9d70f54ba26524d26131e3d82ee725f078cfe8a2271c418bfa4de8a52a5c61b0,0.1612944903996313,83.87055096003687,MEDIO,1,0,0.0,0
9d896f7e67ed189e64bd8caaf3bc1d5e927b892f52fb292783169994e33561e8,0.12689638182265403,87.31036181773459,BAIXO,1,0,0.0,0
9d8cec16847e4022175abc0930bece5a875ca6cfd13a1e319b09b80addb8c01a,0.00455381414346884,99.54461858565311,BAIXO,1,0,0.0,0
9dc1f0b7bd98b4456f98c15a54125b12f02420e28572fc89820a56d7d7a93d8a,0.007720176358747226,99.22798236412528,BAIXO,2,0,0.0,0
9ddc6155197cb39590e8abe5e112f8300464ae3bd8c3d521567c169837fccaf5,0.012138723354802684,98.78612766451973,BAIXO,2,0,0.0,0
9ddf7d1ac3835325bb623d15560f8c79fe65c9615922b48e0a5c182e3cce5eaf,0.07494941992680576,92.50505800731943,BAIXO,1,0,0.0,0
9de1038143138273d15530b01e2095ed8a0a22b7b47e4a4ffc172b695be4a0a2,0.08966113534598887,91.03388646540111,BAIXO,1,0,0.0,0
9de3cfb70b641a97c49e089f1f6777d34e2d6b2e8e341da02f3c4c9effc45c7e,0.0688610611702231,93.11389388297769,BAIXO,1,0,0.0,0
9dfbb074e9976b2505e31603052c5171675f373b805a63496699335b457c41d4,0.005533238677452209,99.44667613225478,BAIXO,2,0,0.0,0
9e051640c274223d6efc31a5cab79bb3a9d1c6a34e585f8b8608a17f7dbd7ebc,0.6229098753106964,37.70901246893036,ALTO,2,2,1.0,1
9e2a6f01d5a0537f2c7d247dceef2ffad5b43cbb1a362ccbd1300c4d8c763ee2,0.24634286615049747,75.36571338495025,MEDIO,1,0,0.0,0
9e3b8c336ea0cb73a7d100a2bfa8b827b5213ef745cbed837d265b89d4f7730b,0.03397324354689659,96.60267564531034,BAIXO,1,0,0.0,0
9e5c0b5e9626ef685e32774671f4b56530ca7aec32ce52909e05bb2a7064dfac,0.060380420927178685,93.96195790728214,BAIXO,1,0,0.0,0
9eb881c7ec6ee9c01c1256ed0bf22a1b793527dff3a3c29d3235f9ef29cb5e9f,0.208686876617839,79.13131233821609,MEDIO,1,0,0.0,0
9ed2b3e1f6d09dd921f5bc1c20b2abc63dbcb29bd6596a0bbf502a4ba0aacf0f,0.033408772188541054,96.6591227811459,BAIXO,1,0,0.0,0
9f000ab3e9d5d6903b617fca71f7448bf466097b73d48f8a218ab47a5bae0d4d,0.09709311179466931,90.29068882053308,BAIXO,1,0,0.0,0
9f2bc65203e1b9fea634969a7aa3bd9dd41045a5d6fc53929c98fe29bed1e679,0.3422091929003935,65.77908070996065,MEDIO,1,0,0.0,0
9f30fae6c9f75b287c0eee784d9d820f98507ee0f0010b484a3c55c6aa7541b8,0.0073847742601851,99.26152257398148,BAIXO,1,0,0.0,0
9f34829e01be8267ed727ce4119d94460b8bf0b090ec8e4e751ca00e7374d25a,0.0272014495551431,97.27985504448569,BAIXO,52,0,0.0,0
9f3f1d03663345015cc041723561363816ed28f9edc32b4f4c2959caf6a8fafe,0.12228498721307489,87.77150127869251,BAIXO,1,0,0.0,0
9f494305596854ac6d9bc623ad24924f45b3a920b76a17ae59b874659a1413bb,0.024086833739562198,97.59131662604378,BAIXO,4,0,0.0,0
9f6e8600ef24c07f71c8e47a0541969f7705b4629bf2af6e3552793e16118c04,0.005708593094448354,99.42914069055516,BAIXO,1,0,0.0,0
9f8479fd0ae66de70d1759eea73813e5232ad31b30b70daadd02668ffbb3829a,0.005583742488703707,99.44162575112962,BAIXO,2,0,0.0,0
9fad2593783c82ba32f83a5521e4698169e034c737015f5941da3e211679ec84,0.12920975869370152,87.07902413062985,BAIXO,1,0,0.0,0
9ff611588205957772035e2103ef6d38d68169b8f00bdb55a33dd17ceec81a1b,0.026111111893564534,97.38888881064355,BAIXO,1,0,0.0,0
9ff62ccf8036e42514052a3e688064d5d7546d44952492725acc03596a57eab0,0.055019641132564995,94.49803588674351,BAIXO,1,0,0.0,0
a02097442841529ba199a2d72506075526d2bb57254bad99d3f9897b88553c03,0.06021857059771097,93.9781429402289,BAIXO,2,0,0.0,0
a0291cf73cfc668fc32ab3b5a0bf99c3634ce6e77b092874d4f0ab7ba9f48bee,0.05740779146015916,94.25922085398409,BAIXO,1,0,0.0,0
a0496c05e46b2a5ced9f50fbf907a8dcad812cdba6b1ef89d779aa152a5a28c7,0.16557201192901844,83.44279880709816,MEDIO,1,0,0.0,0
a07b23cf5bc3fffcf22244358662724bc2cb5237c201ccad7601b8331bad8636,0.013244681928592579,98.67553180714074,BAIXO,1,0,0.0,0
a0a8242b315a97d0db09b7a30478ce10816e0ee1d9c940baf59330793840375a,0.014098847127216034,98.59011528727841,BAIXO,2,0,0.0,0
a0b31f39dfd0e252638e489da35392783c90e511fd43d26ca0975d57f33c6520,0.08951434998209029,91.04856500179098,BAIXO,2,0,0.0,0
a0c855ae57d398921e950d8b5a240b2996cc281c9053302183e597a5422d0993,0.03767235146398971,96.23276485360103,BAIXO,1,0,0.0,0
a0d4e72d8fcd60531c78e52e3dea329b89f618f46898444591ff149af33663e9,0.09915500544578294,90.0844994554217,BAIXO,1,0,0.0,0
a11ca6f94c52814cc1804e6807fa0774b4f1454a6d7cf8277aa1aff4bf8840f0,0.0335894880955914,96.64105119044086,BAIXO,3,0,0.0,0
a142d595925c76fbb4fdd3745eda527ccad53c9df94a896a0fd7cd63421a8ee0,0.04922312068026717,95.07768793197329,BAIXO,1,0,0.0,0
a145b8d37ce7bea92003714a0b5aa08402538cf065a6ef994d97f19f2086aaf9,0.05934601131745322,94.06539886825468,BAIXO,1,0,0.0,0
a14edabe219bf3988ce7e2d7d8c9d9327af63418b1ea8bfa0a2ac93d7c557529,0.06350610036368431,93.64938996363156,BAIXO,1,0,0.0,0
a1547b9c11fa1c1ef3a8620cf128067df50420ce23bee3d118afb49c0402aea3,0.19275498223890972,80.72450177610902,MEDIO,1,0,0.0,0
a158fae961f17fddef023aa026e4701e78aa139fdec10396d34a421098abecee,0.05141388464592345,94.85861153540766,BAIXO,3,0,0.0,0
a15e38a302b386a20e19e6c59cf4abe3fa4bb192b53982701dd32ce9cf17b6d5,0.1316401391246193,86.83598608753806,BAIXO,2,0,0.0,0
a16c7cf2e6b224fd3722174f239f0206cc68ba1ccc872dc4d8e138ce4c51b328,0.19190075029486076,80.80992497051392,MEDIO,1,0,0.0,0
a1725d86a1f9371b38b1a02591d54355fa29bfe8ea9d26df565c28a313325b12,0.08079941491589916,91.92005850841008,BAIXO,1,0,0.0,0
a1827b4062f17792eb87efe1e1d3ef5f04a13e7b022f15c12b076fde1d320a78,0.8457572529702182,15.424274702978181,ALTO,2,1,0.5,1
a197d6b7b26bf9c04063b9e09476dc497d7ac6cfa2ff6b92af2e39e12e581198,0.02061578935270649,97.93842106472935,BAIXO,1,0,0.0,0
a1b1c82cf5a06530092689e552946eeb89deb3c2cb492849533c10d3038c91f2,0.8950317078577962,10.496829214220382,ALTO,1,1,1.0,1
a1b6188decab86cb23655e5a8c99029ed76ff097249bf6bbc99abc05ae6d70a2,0.609671766326967,39.0328233673033,ALTO,1,1,1.0,1
a1b93c534d2d807d47bcd8b4b1511de559edf9480851f918272644eda49362f0,0.12451724454123309,87.54827554587669,BAIXO,10,0,0.0,0
a1c92072fe22918dbc664942389bb74406e5c25da26e3c287d649c55f21d77e2,0.06554609716500186,93.44539028349982,BAIXO,2,0,0.0,0
a1d2a8d2c83013cf8494226783b681bcea8ebfb177ddd908549216d140dbe2cb,0.5217910971747395,47.82089028252605,ALTO,1,0,0.0,0
a1e117313106f9d538e1cdfcb4131b082d420d5da0db7f5037bfd7b41cb53b12,0.07081723108750891,92.9182768912491,BAIXO,2,0,0.0,0
a1e89e063ed4fdda19397c27e8b4e93ae557e0d18277f8cdad676843796934c6,0.07138031671098863,92.86196832890113,BAIXO,1,0,0.0,0
a1f827386c4c1d1e93d13c702894c3d5e96f113675e4704bee7d16aecb0c2a83,0.17894422855367362,82.10557714463263,MEDIO,1,0,0.0,0
a20c6b907668b42a0afd7d7c04100fd9cc42f488fd1453230ce00424ab459dd3,0.07831236747403321,92.16876325259668,BAIXO,1,0,0.0,0
a20d28dc9df8bcb4f41226f3b83afc9170fae53ea171bb1e8f38bd85e90a7e1c,0.05965905276676728,94.03409472332326,BAIXO,2,0,0.0,0
a22cded995a280f4b5f9d74d68650c995229fc9de292d39f621a34af8056b0ab,0.018894948566031296,98.11050514339688,BAIXO,1,0,0.0,0
a241833f8b4048a5505df7a4e4ca6af355df802a2f5132c2dc818ccdfdb7e914,0.1395503445778001,86.04496554221998,BAIXO,3,0,0.0,0
a255a10cd809ebf9eea1067de9299272b721dbfdf471383d6c01ce8ccd7246ec,0.585710074127038,41.4289925872962,ALTO,1,0,0.0,0
a271bdc5a512c72670b8b726dfb634417631d9a3e667a698322a460496a7e379,0.020942765328837362,97.90572346711627,BAIXO,2,0,0.0,0
a283cc5e114715927ef358be9106e28becb9a3933b00634116cae3a8f08757fb,0.1268245235553429,87.3175476444657,BAIXO,1,0,0.0,0
a29076ca30ef9797b702c6b935e656b0a199012f8c04e2a9b24432af9361de01,0.057931480746758836,94.20685192532412,BAIXO,13,0,0.0,0
a2ac43079a9a82d8944583cea536a97f38c294fd045cf9a166f81400a6dbffae,0.0035455993184655096,99.64544006815345,BAIXO,1,0,0.0,0
a2b1617b5ce52be169224ac1065407ab58cc2b6e105f1adb8d170a1f3b42cc32,0.05374441338601541,94.62555866139846,BAIXO,1,0,0.0,0
a2b8497646c015dff64b4ed5463bb0ec1a83efbfabc30819380ba5758885680d,0.2616883913192953,73.83116086807047,MEDIO,1,0,0.0,0
a2e4401dfccbda9d4696254980b40b86506a50bb98b95f50a555132d5b085067,0.022749941065233797,97.72500589347662,BAIXO,1,0,0.0,0
a2e82ea1c2eb8dcad549fb4559a5062c5ae53de084dc26b98d14f7473dd2b0dd,0.09727084702747262,90.27291529725274,BAIXO,1,0,0.0,0
a314b35ee8e7b3ff63ac02475a08c7447cd965218c04359262b3c42561653ed4,0.02388431747728936,97.61156825227107,BAIXO,1,0,0.0,0
a3158a309262b30f535a90b4c53a762aac9d217b2d276fe12a07653c25039522,0.022525744408259562,97.74742555917403,BAIXO,2,0,0.0,0
a31baf4286e53077d3e60a1b25ea63f01299402dba4eb20d58479fe745b92312,0.021863014272675774,97.81369857273242,BAIXO,1,0,0.0,0
a324558e55a221f6834b47219af786ecf0485569440657f3bd7785249c644e8c,0.0713966900403538,92.86033099596463,BAIXO,1,0,0.0,0
a327dbe0d7fba77bfe582cb62bcca2ae61566fa0c888a947037d5852e0ea7c15,0.02807616006627878,97.19238399337212,BAIXO,2,0,0.0,0
a36a327ca6c40ec608ab18162bd8daf7950824ef924217bd146b3a76dd7dfeec,0.07610004254373424,92.38999574562658,BAIXO,1,0,0.0,0
a36d80f21818549f5efd9e697180509659898ef05725ce6b11fc91e34212c859,0.020032868802084946,97.99671311979151,BAIXO,1,0,0.0,0
a3789c0c4210d11254bc88d9a1bf8c13a44dc02283f27b36d6135f1775005ea4,0.002822170109701808,99.71778298902983,BAIXO,1,0,0.0,0
a3bee15f32ed002ff07a92e592c0f508a06de8bafc8da60a70b5f55692481d91,0.12842099437108323,87.15790056289168,BAIXO,2,0,0.0,0
a3c2ddf0bf065fdc52c6edb16ac23d756e9e96e1623fc9f5ecbacd66b6e151a9,0.12159451133595174,87.84054886640482,BAIXO,1,0,0.0,0
a3d06fb452729e2ddb3aece693d70f884a37e2cb1fa7379483b9dc6ced18a845,0.017039113645134676,98.29608863548654,BAIXO,1,0,0.0,0
a3dc83b056622d069e8f91228a45478f60da5ee5f2ab5224855e1075b25e1449,0.20631838883361692,79.36816111663832,MEDIO,2,0,0.0,0
a3edb9308f0d9061066850dcfed292ce0c890df34a78e958c8af96a1c6800b34,0.019686466300489456,98.03135336995106,BAIXO,4,0,0.0,0
a4242d23979c283a613be687e7c56a63ca8fc01b47e23c44dcfcb30e29a3dd54,0.22214019533713103,77.7859804662869,MEDIO,1,0,0.0,0
a42fc7243ba88c29a1fe488f230b48e95650335d51d60b3c4039d3a97a77348b,0.08470536624447556,91.52946337555244,BAIXO,1,0,0.0,0
a453fd5143d560cfb8338e735e1153e53ef16ae1db88b1a6c738cac82e305743,0.017955557786750558,98.20444422132495,BAIXO,1,0,0.0,0
a45c0495222040980c591379cd591d8ced5f5e8f1a03175b598bb85442484242,0.021294762994380115,97.87052370056199,BAIXO,1,0,0.0,0
a45e61f891fb39656b69bcd0fdb9fdd2f30f058f02d8d26bb58ded0406b121a4,0.005896373867599521,99.41036261324004,BAIXO,1,0,0.0,0
a463fb47055d9f0f6dcca17087db42b4ab34d5e015aa9a34e88a16a24da24a7f,0.0038142064788816905,99.61857935211184,BAIXO,2,0,0.0,0
a47ce52c75d91ca779a16777f80f78380a481b47e292071a1d130ebd715fab06,0.13199196926249163,86.80080307375084,BAIXO,1,0,0.0,0
a4b4baa758cf5d5c8d51f118a39a982f6401d2b716d67e00dc603ffa2cf1ebd2,0.030878882390233335,96.91211176097667,BAIXO,1,0,0.0,0
a4cf03ad8c0c46f85461a031d75b16b79624509333f73b07ae08edaacbee8054,0.021821629420722306,97.81783705792778,BAIXO,1,0,0.0,0
a4dd485b7c4c04f2813684d91247983b25da9d7321852fe539c6ebe88b49d969,0.07557182008604159,92.44281799139584,BAIXO,2,0,0.0,0
a4ff1f37d5732775a3e209ba2608b49a4df67b71f484434653d3c81dd4ac7cb6,0.010156986396950639,98.98430136030494,BAIXO,1,0,0.0,0
a5034ebfc4262f9d24edb33f16dd24272a11334d51d2cea142cfba900627211c,0.022549812940089252,97.74501870599107,BAIXO,1,0,0.0,0
a5142649ed9aa645898f92be6adda10fba7bf90f314364e5fa0ae88620c81951,0.08926359026221074,91.07364097377892,BAIXO,1,0,0.0,0
a51568ef33190c31006780bac4edca3c35d7a2dd36c87e0c818bdf4fff1c23d9,0.14378771800727805,85.6212281992722,BAIXO,1,0,0.0,0
a520288bf33871765cb96f5a7109bba2824c0fe09ead8ff6eb9e2f9a01604210,0.024180290965385917,97.58197090346141,BAIXO,1,0,0.0,0
a549608ad164552f939f64655a40291131a92e82b65b9f58210202bd57982238,0.12002441166746453,87.99755883325355,BAIXO,1,0,0.0,0
a5675d23718f07ee2ea9beae6964a6e6e5fda082a99dc4c29c7c14919b92cdab,0.042590848251398555,95.74091517486013,BAIXO,1,0,0.0,0
a5676b1b857a8e0532ff2b37f539846e4f44d3cd5480a3914940a22c0231b24a,0.014371134856117115,98.5628865143883,BAIXO,1,0,0.0,0
a569751622a19e59bdbec2805b223431320dcf2d608890d00a262365c9611c90,0.028770379876039143,97.12296201239609,BAIXO,1,0,0.0,0
a588fe4743d19ecb45ad8f067714d668735ffaa5f2edbe0ef8207821b49f8781,0.055561874260802745,94.44381257391973,BAIXO,1,0,0.0,0
a5951aa36728292d13c533a1034d2eb93e0421f9936fa2ca8aac33df0cb30446,0.04247642796658312,95.75235720334169,BAIXO,1,0,0.0,0
a598aeb55bb615b47fbc95ae0c420fa735e8417d76f5458bafcbaf7354522c3f,0.06697500825373086,93.30249917462692,BAIXO,1,0,0.0,0
a59c8ca03814bffcf6f07214aba569529afca6a6e6ad545a20be765d44eac585,0.9695446984812062,3.045530151879383,ALTO,1,1,1.0,1
a59cd5a1f9a38c9efb6582f5767a3267ed35acf40df764468ee9ed8acd201800,0.16697378339536495,83.3026216604635,MEDIO,1,0,0.0,0
a5c0dc041d1ad84e9f888be06dd75124409ecfe522412f1c376e6659d91099bf,0.10832552340097479,89.16744765990252,BAIXO,1,0,0.0,0
a5d49dd1522e14102166ca7557905708eae960753e79a2985746c06bb2de8ef6,0.1259106982856558,87.40893017143442,BAIXO,1,0,0.0,0
a5d5cc713155542c130c7f10a4505758b5d31f6cbc3fd1b20c6a9133c9f02f00,0.14783951271712706,85.21604872828729,BAIXO,1,0,0.0,0
a5f3956c2686bed3fd6b274613bd1c02b59e59c1f4cfd8ce8bdf6eac650ef8ab,0.024365495699110132,97.56345043008898,BAIXO,1,0,0.0,0
a5f798b5567ac1e870e96a74f146c5cbc37faf81eaa1fc7fe22233149dfc1581,0.15987411387657138,84.01258861234287,MEDIO,1,0,0.0,0
a608598d9da45342f482618e66312597be627fe8d8d4fa4565fb0b9838219996,0.045948841764086416,95.40511582359136,BAIXO,1,0,0.0,0
a6096fe7ded96ef9d979d39ffd3752936c2f76bfc1b509faa8c1782ba44e712a,0.035163593570837016,96.4836406429163,BAIXO,1,0,0.0,0
a61e2bf25b46e4fa759e9389620dde7a945e3529318d3e6541bc4210c193a0c0,0.025436172527745927,97.4563827472254,BAIXO,1,0,0.0,0
a636af7fd17fc0aa472eb93397cbbfd3b82f18bc020cb10d8195e94709051333,0.05156837913599801,94.8431620864002,BAIXO,2,0,0.0,0
a64d97b2b3cf8d3ce84896aec5612f00acc023788d1a0720fa74274bea761bc3,0.04294582143802086,95.70541785619791,BAIXO,1,0,0.0,0
a65b83042f38ca96cb4c086ab6f8dd77e330b42e0fdbb9747101104f8da27c90,0.208152153696476,79.1847846303524,MEDIO,1,0,0.0,0
a662c039fb7a982e005d8984e7d4feacf03f60aa43ea2f4048587c0c7bccb224,0.03992187772383349,96.00781222761665,BAIXO,2,0,0.0,0
a669eb9c0f063a704c5eba96f44708495c989ff98d081f6f960943b3cdcd9c94,0.10222245857459401,89.7777541425406,BAIXO,1,0,0.0,0
a66b6543c17a90db634b131a6d5f348ad8a641636ddcc9165cb430ea097ddaa8,0.023880025899966396,97.61199741000335,BAIXO,3,0,0.0,0
a66ed80c652eadfc0995bf785fdafb9c64398fc69c045148e1eb4b7ca05384f6,0.09971257123485694,90.0287428765143,BAIXO,1,0,0.0,0
a67978d51352c4b0842ed13a9e0f800d36efd4859c9c3f02c653c7117c18c234,0.05885873865199584,94.11412613480042,BAIXO,1,0,0.0,0
a6859d96ef7abef868cbffc1ae7db429bf6e65b867de32e2845fe050a310846d,0.005136052674953787,99.48639473250462,BAIXO,1,0,0.0,0
a6ada13760a1fbac5cda56c4c2175d85625993c35b447af8098dbc536e208cf6,0.03317540272851569,96.68245972714843,BAIXO,1,0,0.0,0
a6aec6e6820120bd39fb7ecd079e7ca17555cd014e58188fa8107da67172bc22,0.09991631340196222,90.00836865980378,BAIXO,1,0,0.0,0
a6b35f798fed84792f8317643f4023c8a988293419e694343a1a1015580cb48d,0.13793713798171683,86.20628620182832,BAIXO,1,0,0.0,0
a6d6c75b3e48a63d3837b209954ce8d3e08b5a378c9363bf7183448294e60327,0.12329560921081928,87.67043907891806,BAIXO,1,0,0.0,0
a6ecb8dc32c18df818cd4de2e30f0df87ab9367372a000ab4d1860cdc8a02d68,0.09410756155332176,90.58924384466782,BAIXO,4,0,0.0,0
a6fa9e298d10de848b7f81c4f77923df5c1cd03724d1f137932a55671bcf81d6,0.09966224714337431,90.03377528566257,BAIXO,1,0,0.0,0
a70e10581a3cef6b4c22025aade44cbb030f09d46499c1151736a4d0898224c5,0.21479654245788968,78.52034575421104,MEDIO,6,0,0.0,0
a723b0a056c4fe10d5447e094744b5747ae53a51953c14e04459d788a7950710,0.0063310392088246625,99.36689607911752,BAIXO,1,0,0.0,0
a7327d0e772ee83d8afd89ec599c26dbb091ae5737e91b66df801f0b1b7d6a64,0.17654121128736242,82.34587887126375,MEDIO,2,0,0.0,0
a744714dc5c62434fdab5f65002ceb82fba000b42bf06f7dc800af070740b8c5,0.03572101081136432,96.42789891886356,BAIXO,1,0,0.0,0
a75bb571a79daec5245fb4a9c4e04734e2540a88522d8675d9525cc66a48c9a4,0.005196857439918873,99.48031425600811,BAIXO,1,0,0.0,0
a78b739b13a5d6f271422d9a680d70e262a2058d57ee403cf94c258cb3955a48,0.035246625867197005,96.4753374132803,BAIXO,1,0,0.0,0
a793014857154792986d6dc380de646fdf4bacf4995d6c3668aaf4c750b5e58c,0.11769568594951636,88.23043140504836,BAIXO,3,0,0.0,0
a793823b822234cf40a17cd4433708a047e9ca2c08a5487fb498bd7acd93ed8c,0.3283013512972015,67.16986487027985,MEDIO,1,0,0.0,0
a79bcbcea003bd81f4812d1d2d2e1d1d3c2e669194e30fa8373449d23c53a8d5,0.061700976964500234,93.82990230354997,BAIXO,1,0,0.0,0
a79c6cbc96c2807a8fac96a013150328c7172a1af9158c40a06f2582fe216c17,0.03368860548957991,96.63113945104202,BAIXO,1,0,0.0,0
a7ba89e86dcce3efb3e722e7c3d09d37f0ebbd230d84421e189d88c9fd729a7d,0.42046160079117506,57.9538399208825,ALTO,3,0,0.0,0
a7c2ada4dfc3666f2ea153d21c2a157d7f02a005d6a2d041a19f1b26f05dfa09,0.07863141852053047,92.13685814794695,BAIXO,1,0,0.0,0
a81122f761eb1f6967bb0fb76031447d0500f46fe8905d535babc822210d0cc6,0.13648075271501892,86.3519247284981,BAIXO,2,0,0.0,0
a84454152274c35ab9cf57f3718440f0fad51d3b37ab1541b207724739627bd3,0.20380241846629638,79.61975815337037,MEDIO,1,0,0.0,0
a8556b337262c2b1d61f22a8b8e68b4ebf1823a6cfb8514d96ac19f7f870677d,0.10771305656918766,89.22869434308124,BAIXO,1,0,0.0,0
a8616a12ae85f7934846fd41b768095aef3cb3be191cdb5e22c9827a48a6ca69,0.18398323695898097,81.6016763041019,MEDIO,1,0,0.0,0
a869779c098b8bc8ac9bd814a67c5e768e735c42da7797d9ea50ffe794d7c75b,0.02090469912368745,97.90953008763125,BAIXO,1,0,0.0,0
a87273c5e31b9a1fa2b20d373235ab7d2724532e941fe308053d6607915683ee,0.14609201607971964,85.39079839202803,BAIXO,1,0,0.0,0
a89affe5ad613044ea346a0ceeeaacb8ae766f0a20afa942780333cfb6cf8e4e,0.005028520113241441,99.49714798867586,BAIXO,1,0,0.0,0
a8b3d03518e8109e04bf2a7d6ae1b99f7f7dcb6931649e0dc9249dda3aae6ff0,0.1053436424760329,89.46563575239671,BAIXO,1,0,0.0,0
a8c02d20f5d435ff8c051a52852abf358710effb60446e69ac8dabb865806437,0.09637469573541027,90.36253042645897,BAIXO,1,0,0.0,0
a8d494edecaf479590d7668bd5a5082099be2b83b12b7d7a0ab2fa704ea978dd,0.12561086482346204,87.43891351765379,BAIXO,2,0,0.0,0
a8d62856bf3f50189c0bfda1427a9e5f7ec16bb38253b3348de7cb6dc110b4ba,0.07735726064461702,92.2642739355383,BAIXO,2,0,0.0,0
a8de0066b64427a0e6a4eda11acec6050d800f1c266afb33a2f3f1d2193bf0ec,0.0434338118243388,95.65661881756611,BAIXO,1,0,0.0,0
a8f15eaac9c90294628ca5004ce258db92b0b2cba97241b4a8e2581b3cebc70f,0.049599756295511006,95.04002437044889,BAIXO,2,0,0.0,0
a8f1cf8619a8eb89b1cfd74bebec8aa3af2b67b67e3b144dc95e81a53d8fe944,0.0556216745136726,94.43783254863274,BAIXO,1,0,0.0,0
a9063d75936a1de9ba3dd89a0f716e18b0c8402cc7d95a706c11c7a316621db6,0.029775555486909557,97.02244445130904,BAIXO,1,0,0.0,0
a90dca58851848d766e287f0ca386d04fff9071dc0db27b20f86c3ccede659ff,0.0035455993184655096,99.64544006815345,BAIXO,1,0,0.0,0
a92433d487ac99b0eb2062bf8b78c9b2fe20800b0af8886413102bf022de7e1b,0.20872565491999276,79.12743450800073,MEDIO,3,0,0.0,0
a92f64b739f44998deea24f118f84655f5b2cbcbb4d4304c46ed789931cb5c7f,0.035069390434462576,96.49306095655375,BAIXO,1,0,0.0,0
a9322c75b9b45fed2776ea9cbf564644de25aace9f7ee111198ff64d094b5c96,0.04125993976798148,95.87400602320186,BAIXO,1,0,0.0,0
a934810dce62b663d6121fc705aeb9bce7c19cea13e70d7ebab165c2bddc5f47,0.02119878783808909,97.8801212161911,BAIXO,9,0,0.0,0
a94882a534925feaccf3af086429a09ef002a91f24c1412898b67f6459d06792,0.14352252071476043,85.64774792852396,BAIXO,1,0,0.0,0
a9757c045dbbbcf5aff66300cd6cf8d43929e43802f8b56cac29cbefdf6566ca,0.08769978180367226,91.23002181963278,BAIXO,3,0,0.0,0
a9806371f45a1e0678b45656c58937ba65da3173c94ace154fe2fa3a7b92811f,0.9697802939186604,3.0219706081339615,ALTO,1,1,1.0,1
a98987fe351c789ce8d78387438418c52c2af0d0ab65baa43d88afc01ab7447a,0.01306823000130824,98.69317699986918,BAIXO,1,0,0.0,0
a9a088b774022ce436f0bd33f34b821389cfdad497c07bbc6749047f274df690,0.005831287886957698,99.41687121130423,BAIXO,1,0,0.0,0
a9a18965365c1d71ffc23b013b91e7bbb1a9d1a315a998d064c435508d087569,0.18632416865503604,81.36758313449639,MEDIO,1,0,0.0,0
a9a7e07c22a21504b9d6d3e3d3379d25b0d02c4cab7c3ed977d1bee818108355,0.016166518675327333,98.38334813246726,BAIXO,2,0,0.0,0
a9a7e968ef5365bc4750ce2142bde3b6a077a2c2081f15bebc298cb6fe6bc558,0.13918620463438597,86.08137953656141,BAIXO,1,0,0.0,0
a9a9e33763b4420fc9713de4f316c23bc3ebe1901a10279b1ee125fcb013d3e6,0.08189294171181719,91.81070582881829,BAIXO,1,0,0.0,0
a9aec20ee229d0aed2c65df769289979908659189cd82f6837e22975fbe95705,0.05444218539777637,94.55578146022236,BAIXO,1,0,0.0,0
a9b669459cbbf6b00c4b6e92684b8d60dd12f87f057fe0429fcc77f24d98442e,0.057390291837538,94.2609708162462,BAIXO,1,0,0.0,0
a9ce33438d74d12f77beff60dc12caf04bae5af08e8cc2ddd1d96120ab9f49d3,0.16469647058438053,83.53035294156194,MEDIO,5,0,0.0,0
a9d1ee9648d1948b9679e93cf973782160d970d12e4e52c1dfd69c6273b1346c,0.4899342415436655,51.00657584563345,ALTO,1,0,0.0,0
aa083bcbd03dbd17285f8e0ddbd7add349aed8cd847eed18cbd3f43f3f8cebfb,0.05680535312324282,94.31946468767572,BAIXO,1,0,0.0,0
aa138928d5d39851043475ae084d2d2d9d2d0a827f82041e6ea57e349628d58e,0.03232335065355178,96.76766493464483,BAIXO,1,0,0.0,0
aa2870fd1d6eab03ef3a4cbd6cb402fccb3e492b9351251556a53867cdd19ef2,0.026037944532275228,97.39620554677248,BAIXO,1,0,0.0,0
aa4942331d5e41404c4ccd363ca68c89d191905a0c0361c7b8ea414cd63cd329,0.1521704853672135,84.78295146327865,MEDIO,1,0,0.0,0
aa88d9e14afa917171f03e014f32061c77ad3900a11e1e1e4185c1a4e676171d,0.038432958288675836,96.15670417113242,BAIXO,1,0,0.0,0
aa8a79e6628084dbf38bff523c59681d6bfb3e5e6336aac96e1b994cf17fb0c9,0.08604180654656862,91.39581934534313,BAIXO,2,0,0.0,0
aaa9743d7ab41e50b76a4adb6bef28b51fd46019caddf70d451095a60b98a719,0.007615645926334142,99.23843540736658,BAIXO,1,0,0.0,0
aab98edbe428d3d4f0add2b68b547d0c43c164f7581b1d7d424ad0cf7a247053,0.0359704725157773,96.40295274842227,BAIXO,1,0,0.0,0
aac2d7626f63a75e5388d72295e25854467d2da1749c09596e5224e3f98cec3a,0.8861696684782568,11.383033152174315,ALTO,1,1,1.0,1
aad30e38e456334d6abe3c29a458e4f234d7f8bf1d7706b7b923481d876f00c5,0.0041496689985879446,99.5850331001412,BAIXO,1,0,0.0,0
aad4caed65ed25b134a08be06aa76e6221e48c77ad8debedd3494ff5aae78e2d,0.14256656945848298,85.7433430541517,BAIXO,1,0,0.0,0
ab0a517a05ae642b0b48507a30d4f8f69af16f315b04d7636478d32b643739ba,0.05530732145262135,94.46926785473786,BAIXO,2,0,0.0,0
ab0ba05fcc2a411ff3509efa5270a1d9485159933af147d8851280a61a123ac5,0.061253781305886414,93.87462186941136,BAIXO,15,0,0.0,0
ab11f92000115b06592c83e0730d5fd85fc631a7506c77dc95922ad44c26ed43,0.0762737670276261,92.37262329723738,BAIXO,3,0,0.0,0
ab228cce5016eb7f092af300f1d7d5066915d21f0cf3b8337a6b9fd3d61a91fd,0.06422441197661649,93.57755880233836,BAIXO,1,0,0.0,0
ab2f19bee6c3e95110df3190bdae6c0ce751c1f0cd1d440a70d5f69c777353e1,0.03262443800207227,96.73755619979278,BAIXO,1,0,0.0,0
ab35f663a960e2c19c6dee899bf57a4b58d4b2999d294728fc54c4e917ca4582,0.017406888965976287,98.25931110340237,BAIXO,1,0,0.0,0
ab3ccc3a696a7093c999d04e4b87171bf2d964acc0d2978cd3d795f02aa680d8,0.15408910484451394,84.59108951554862,MEDIO,1,0,0.0,0
ab637225319e1f87dc41d285c56d1c7eaeb4b143acc7579ee8e1e139566fa4d9,0.13157262829280672,86.84273717071933,BAIXO,2,0,0.0,0
ab67921874e17918b5e045781d8ab015c26be19ff6306fda6db847ed12661e50,0.07659253106934395,92.3407468930656,BAIXO,2,0,0.0,0
ab8c91aa12796f9aed71a5f47c2b8fd4f73b60df0475a9b5eb740e1adf3ffbe1,0.1278963268299259,87.21036731700741,BAIXO,1,0,0.0,0
ab9ca5de34e5f86db13150e9edf340ad3008d14f6b44276c829b4839285b9911,0.10635279199066193,89.36472080093381,BAIXO,1,0,0.0,0
abac735d6b1059bf08fc8aae8d0e9d8ad2cfdbef099b604f35a3ec386a0350d6,0.058384698707548505,94.16153012924515,BAIXO,1,0,0.0,0
abbad2d63f38a69d571d5bbc7e203020fe9030733d3173c00148b1f5f1c6e589,0.04001111323631144,95.99888867636885,BAIXO,1,0,0.0,0
abc527a587bc1ed22c7e2db6645d5d8d27758d59247a4b048b29535eb93c88d2,0.023538081743264785,97.64619182567353,BAIXO,1,0,0.0,0
abd14022da580900611d596935b01f44f9180244694c27a38385c351344ea169,0.0809114073814547,91.90885926185453,BAIXO,1,0,0.0,0
abd3c7272c099f74729c365ea5c1cc8a4b987015cb7cdcf13f50cf8fa3e4e4ff,0.10513472516737316,89.48652748326269,BAIXO,3,0,0.0,0
abd83f7f1d326c9dc18687d782d7fe9cd562485b181e71948eee6bbc1015f206,0.004466399718709598,99.55336002812905,BAIXO,1,0,0.0,0
abdbcfbd972b3c0bd0a7011243655a6bc40c597d701c7f266b01160488c02a5d,0.036430964883014616,96.35690351169855,BAIXO,1,0,0.0,0
abe96811ec0fb8e7cfa42d3a8500d21a5dc4f194ac0801d1068ee37d1da0fce1,0.15207213044310466,84.79278695568954,MEDIO,1,0,0.0,0
abe9fa31888e867557fd91dc1e6a60a6dd99c97d74bd457133379bb5dcdf383b,0.09556362145563699,90.4436378544363,BAIXO,1,0,0.0,0
abfdd4fa27b6a4432f64dd897dc8cdd794778f182e8842752eb1ffd498f22f63,0.0239287604835721,97.60712395164279,BAIXO,2,0,0.0,0
ac14baed01242c4e43be0cbc8dda6806d163d1dbd633e396ac49217a0991b2bd,0.012869194134595882,98.71308058654041,BAIXO,1,0,0.0,0
ac1dd3b95aa133e02633bc04a8303abb95ad132482ca7c4f84a4fe17bcf15c28,0.056782931588969125,94.3217068411031,BAIXO,1,0,0.0,0
ac2043421c02a7e11fcf3d1afd62f7cbc7f68af333ac743ed86e83068c243fb7,0.06602852162470035,93.39714783752997,BAIXO,1,0,0.0,0
ac63a46cfac937ddd3faa51b00f11b90971350acc820cf8317c0722664051963,0.049420579317220166,95.05794206827798,BAIXO,1,0,0.0,0
ac69837002b2e704edb69997b8591f5c519c8ad43f351cec696c0580ddc24dfd,0.18009195671327094,81.99080432867291,MEDIO,1,0,0.0,0
ac8f0f2f377ddfe1ebd3bc83cb860d6236c253a3cec0bc3e19534f9174b812bb,0.02053288874101175,97.94671112589882,BAIXO,1,0,0.0,0
acae2cccb5c10f76ddc9e84ac4c7aedf1e05c0756aff1a8b93995196174cec96,0.020984615699229534,97.90153843007705,BAIXO,1,0,0.0,0
acc11da8f5f2683aa883048b1270f159be0c2b530259ddd5f1da2df56b2cec72,0.021698172492300386,97.83018275076995,BAIXO,1,0,0.0,0
acd22e4bcb81ee37fd4cfbf2e9dc995b94113b3ccd4c8f362dce4887a811f59f,0.02871014219636706,97.1289857803633,BAIXO,1,0,0.0,0
acd503359d282251d48305117cbf44a62f5495903e5fbbdcea9e79ba632b7a36,0.048824996509393793,95.11750034906062,BAIXO,2,0,0.0,0
ace49b655cc399f8c24d857c8c8d060a86fc3a4f16c78fedbd4fe80f18df528c,0.0475700870308081,95.24299129691919,BAIXO,1,0,0.0,0
ace648d24bcced24caef2a6817dbfe1ad9d252c984c3209bce79d5aaca219508,0.048484389970549595,95.15156100294504,BAIXO,1,0,0.0,0
acf8564666f6d59610930da8790764e872a51afc841f4b6e9c4a539f749febe0,0.030726729048367294,96.92732709516328,BAIXO,1,0,0.0,0
ad1e06d9664d2f99992884dc053e63a45b2b3edd28dcdfc92473381972aefd7f,0.026857646265142438,97.31423537348576,BAIXO,1,0,0.0,0
ad2dc3d7a9b4fe0e4690c448430c9a569b731cb4365a3325d32b5df658c45407,0.11403863869491938,88.59613613050806,BAIXO,2,0,0.0,0
ad348b5b92ade0f48d56cf3119e313d559a156269011a5dc94167880de1c4de8,0.13785411985019919,86.21458801498008,BAIXO,1,0,0.0,0
ad582a1154ae30cf1699164f42fdccf5331fd83866a962197f2faa6214e9c1b7,0.05616285007217422,94.38371499278257,BAIXO,1,0,0.0,0
ad5d4274db5c3298a84aaa980feac087b4447ba776207098c4c38a987581394d,0.13772249340771997,86.22775065922801,BAIXO,1,0,0.0,0
ad77fd25937b3046500619787a45994345588965892e004af8a297e751950952,0.18178110350616544,81.82188964938346,MEDIO,1,0,0.0,0
ad8091f12937569cdba688d5454da06d78a816b68374e5fc4d01c2d8823a5577,0.05347736096235682,94.65226390376432,BAIXO,1,0,0.0,0
ad88a8d58e4214d1ed79f97cfd0f5a3b69f06639ec8f2c5ec67d20efd2213f69,0.10580604928676905,89.4193950713231,BAIXO,1,0,0.0,0
ad8a22ec25bcaf3d39990d69ecd05f69f18fcd1b78e49f13162402e7f44f8e22,0.10865908228621994,89.13409177137801,BAIXO,3,0,0.0,0
ad970215ade55f00bc67e20a902cf00c19d91874cc47d33860f5131b1a8cf600,0.04082770987033925,95.91722901296608,BAIXO,1,0,0.0,0
adb6f0c2c23f1ea1d144d8082c980a23c3247bae34ef86c5546e8bded2460b7f,0.27068375259280136,72.93162474071985,MEDIO,1,0,0.0,0
adb775a715a1877dbec1e60828be5fa518911fd4c15f05a278ecbe123d8d22fa,0.07293375543208269,92.70662445679173,BAIXO,19,0,0.0,0
adb84971e61bda16c673edd5f35b35c0aa5747971be6f6bbb2cf80272c088b45,0.2482183078731765,75.17816921268235,MEDIO,1,0,0.0,0
add2be138f1bf7ac9b569859451db14b3af64b2d528628dd78359b54fa0b5503,0.01587017005747601,98.4129829942524,BAIXO,1,0,0.0,0
ae18a7c469bbc64b27ffcfa31407b1b5b9e4051b31af36e9f1b9cfbc5c7152cd,0.13747378061831134,86.25262193816887,BAIXO,2,0,0.0,0
ae1feb6f996e67d20380ff789ce77fd4203658becd9299ec7ac43778f9b8ee2c,0.10505408603442672,89.49459139655733,BAIXO,1,0,0.0,0
ae3aaf6bb683c233123a988fbe6ef14e4f8ec518f3dce0b98a4176baccad6e9f,0.1285531749378927,87.14468250621073,BAIXO,1,0,0.0,0
ae55ce8830edd84f9feacd4050388d0325860688c910cb6a570c6ab279a0ab4d,0.08312541921049917,91.68745807895007,BAIXO,2,0,0.0,0
ae5ee3b201c26895726a3f768b3e7ad3ab5950baa5dcdac50359b972d9b3f158,0.16746726546618035,83.25327345338196,MEDIO,1,0,0.0,0
ae7d7c1e6975056ff6eccf078b747ebfef87fe8a084f6d9964b3ee53d0ee739c,0.03793157957848076,96.20684204215192,BAIXO,1,0,0.0,0
ae8c6cab044367bc8148924a4abe016d083e229a78ed81b6baf283a99393628d,0.1576644295358019,84.23355704641982,MEDIO,1,0,0.0,0
aeb94d6d3177a3e57a277263695e7bc2f29c0189ea118e6d38d8553fa1c3dd52,0.04739600412657437,95.26039958734256,BAIXO,1,0,0.0,0
aec3801d8596ad03bdfbbb49bb3263a6c46dadaaccfbadfc7ad7baf7f8ed4f2b,0.08714150164592951,91.28584983540705,BAIXO,1,0,0.0,0
aecbe9437289257630c3109a02b66b25a495d4bc05b2df9c33a60a4e54206f09,0.0275155659805053,97.24844340194947,BAIXO,1,0,0.0,0
aecc9fac099f4fbfc21a166054b79d0c1722460bee8eca07e38faaca3f4c8c38,0.07434694733622643,92.56530526637737,BAIXO,1,0,0.0,0
aecde72cde913966f0f6931846d586a1621534c301f47f1a8c15136a53efcbad,0.03584257551442131,96.41574244855788,BAIXO,1,0,0.0,0
aeea07f18f1556dbb8b3ccaf3c1b60f5907b301afc82dc6878421d4355a59b24,0.03951073928452878,96.04892607154713,BAIXO,1,0,0.0,0
af2b1cd026e0aa6aaceca185ab4fe7cbe3a6bec4f2d1057a3df8ad2877acc0fc,0.07613143534347909,92.38685646565209,BAIXO,1,0,0.0,0
af2d0a78f1eee81d48a65f652ba5f17b69c48ce516eafdcf9952b406c8b55b25,0.09671226796565818,90.32877320343418,BAIXO,1,0,0.0,0
af3e04f42de6bdf831e0f56a1e56868e9f26ca989403b81a47b053c2e1f29816,0.023175993448403483,97.68240065515965,BAIXO,1,0,0.0,0
af3e7544f6e28208f8f4321e1fded18b16c362874ab5d899889cf59686ef7393,0.09414256893747434,90.58574310625256,BAIXO,1,0,0.0,0
af3f2fc7ad9fd8cfc12e314a094893327ec3e8b8ceec6ff5591d622ab1ec2990,0.41231094166012644,58.76890583398735,ALTO,1,0,0.0,0
af4b928076d4e9f70764803a18a2accb1e6ee22507d106b1feddce0fd85e2004,0.07587090616281209,92.41290938371878,BAIXO,1,0,0.0,0
af5e631b73fe3b14cf44a9948d42fe294f3209c5e0b9d95e537e50e8f33c3a63,0.22401329796363142,77.59867020363686,MEDIO,6,0,0.0,0
af5fb38e7d9fcf16e91e8b6cd9eca0cb67a1c3630956304cfe54c8d8ce5092b0,0.13025061372676727,86.97493862732327,BAIXO,2,0,0.0,0
af73c8d577728f5f9dfae011f7d9be99e7640787a3d1ee0d4cfca079c41d90e8,0.10111913664896377,89.88808633510362,BAIXO,1,0,0.0,0
af7c27868c4d7f118db62fb3793fde077ba3075d08f2b4caffbbd965b3638909,0.9477473516051146,5.225264839488542,ALTO,6,2,0.3333333333333333,1
af86d96c88103c7c8acddfcaa7e40d619b7a153cc0b5369fba70926e453bd105,0.12751904912391337,87.24809508760868,BAIXO,73,0,0.0,0
afc6587a0af64a0b6d608b30d9e8f6b351a02d72b0f390fc51ec4e0c81a48e7e,0.3491138726006468,65.08861273993531,MEDIO,1,0,0.0,0
afcb53973843703dbad66776ce70f25476b0922c906275f6e821d88bc45b8db0,0.12681221352085398,87.3187786479146,BAIXO,2,0,0.0,0
afe31eee19758bd37098fd101f1b24c2a8329f490dc9c32658360eccb171138d,0.10011912724246567,89.98808727575344,BAIXO,2,0,0.0,0
afe4173f55c76114135e9c4c3768e131fc193ae86ec86401a69d8d051b9325f2,0.018651807157534256,98.13481928424657,BAIXO,1,0,0.0,0
afeb7224d6063a38cefbd97ba34bf541167c4f5d019da87d18e3b9c8da197a25,0.07264750057738166,92.73524994226183,BAIXO,1,0,0.0,0
b011fa67dfc824691970f7df9b77fe1d74b6aea799f727bd4181eb93e9670d74,0.23773172294533684,76.22682770546632,MEDIO,1,0,0.0,0
b014db3b4cb0202fb9caf24a1c6e63e9bf5e077f219606ae82491818eb727268,0.11321687804290889,88.67831219570911,BAIXO,3,0,0.0,0
b01951ce4fd724a6e8aabfb55d35155834e97fa59ff5b6d46b23aa8138207160,0.08399530437642337,91.60046956235767,BAIXO,1,0,0.0,0
b023f75d3788232d67333d23f87ed24e20cf4c0cd60a3f26beb68f05b6b2927c,0.17461812197886858,82.53818780211314,MEDIO,1,0,0.0,0
b04d95cdbc625317a47d2c5cef4627cbe71717dfcd5193a75467f00eb0e7b6e1,0.08897441180389423,91.10255881961058,BAIXO,1,0,0.0,0
b05d00f08fd5536aa8bf549b8853869959698b9dfcb245e58f720cfecd5adebd,0.03062141151123108,96.93785884887689,BAIXO,2,0,0.0,0
b05e761ee0e8ac5c97fb9f3fdcb83d424a82c7c0b2da9ff723d672cf08429812,0.042812444317052785,95.71875556829472,BAIXO,1,0,0.0,0
b06651a09b309cb8afa7682e470d959955ed40d75c61c32ce8b4a78589f1ec86,0.02967866303114813,97.0321336968852,BAIXO,1,0,0.0,0
b06a218d7d9889683f9012e120df09e93d76351db3b1f4bc1d364e1f74afc90d,0.01888024865672689,98.11197513432731,BAIXO,2,0,0.0,0
b0709a8007f7e9ced50f451ddc57b770d2ffa9cfb9e23dfd429c035606d7662b,0.016596629585330678,98.34033704146692,BAIXO,3,0,0.0,0
b0958240c852a49eb3bfcf77b0f0d0cec8a7f6a2196b03655a5b7787801916cd,0.9823912173819666,1.7608782618033447,ALTO,1,1,1.0,1
b09ce681d6ac86cbd603e8833b0bbdcb4f3facebedfcd91c5b63b01dab8dcb7c,0.1278659483898804,87.21340516101196,BAIXO,1,0,0.0,0
b09d0b5c26a93f1bf0cc2418171fe206e2d7967d2a90f9a0c6a4b6c820526034,0.41769816401022025,58.23018359897798,ALTO,1,0,0.0,0
b0aca11d8c18725c3edec20af4ef96ac499a106478834422a58df9d96cec503c,0.008195062432784637,99.18049375672153,BAIXO,1,0,0.0,0
b0bf5b333f0638a2fa60313a27cb544a408d783cdd28ada82ff2d95557e1c773,0.004593064099500772,99.54069359004993,BAIXO,1,0,0.0,0
b0d7da2dd48c5fb269c3eac6f3c1584c9bd913918127a6df0c2f4ca5195a2276,0.01792185803396934,98.20781419660307,BAIXO,1,0,0.0,0
b0e1046b8c358514553da7325bbf506414bf9a045732f51a0e83a9b836205898,0.08260216526927362,91.73978347307263,BAIXO,2,0,0.0,0
b0e40ddabe66c2997299318cf6cd210f81e5599f66524e3fef230d01519dfab1,0.10270302447723398,89.7296975522766,BAIXO,3,0,0.0,0
b0efa9ae14560bdf0ced2093e4f55806b9e2cc307a77312ff0f3659806ddbcdc,0.053521146604633835,94.64788533953661,BAIXO,3,0,0.0,0
b0fa05d2802e439fa3961f38dca20a4104f39ab5c75293d05f6d7420346fce7d,0.02256777198046208,97.74322280195379,BAIXO,1,0,0.0,0
b11314223fc28db1b7ba6939a80d7d4baf5dc389b90e30835a56823ca2e59610,0.04854382593068877,95.14561740693112,BAIXO,1,0,0.0,0
b116471a4b077c1b8e30db3158c8e9f34e124b64df1a8c5108a51511dc7155ed,0.09862438732482512,90.13756126751748,BAIXO,1,0,0.0,0
b1286a81db80664d1445013c16b06d42209e4705679f97417d070d97940e1321,0.036878226253757744,96.31217737462423,BAIXO,1,0,0.0,0
b12a224e98b5b2597c08c85fdf1fb30361d1ac0e062549c5b769afe53ca913ed,0.016238011737999963,98.3761988262,BAIXO,1,0,0.0,0
b14af0480c62b0270cc9fa340fbc9ad264a92ecc4a332915ed8f3343dae46e0c,0.05300624614130738,94.69937538586926,BAIXO,1,0,0.0,0
b159b7ade4009eef4afdd6e45d045208bdec2faff5144968c2ca2b5ebd151f8a,0.14793089622777678,85.20691037722233,BAIXO,3,0,0.0,0
b1687928b0adba78f788a7aedb3dfe37fcff18a70d587552a990ddb216695f24,0.06032227353234286,93.96777264676571,BAIXO,2,0,0.0,0
b19359cff8d6f51740a15587f4773308bf20711a049894938a2ee7c269b74ff6,0.11814849681375746,88.18515031862425,BAIXO,1,0,0.0,0
b1acb25aef58e7a0ccd8f1268ee12e32075fba5315577f77cbb50d7da2203603,0.08575046401610886,91.42495359838911,BAIXO,1,0,0.0,0
b1bb807c40ce30f95cc5259ad2eec9b9b9296e5b65a7fa242619b31bdc49c43a,0.24381013798689258,75.61898620131075,MEDIO,1,0,0.0,0
b1e1ed3f7a9d0129cb6c5523ef497972999c66571fd6677d41fce8dfaf33cdfd,0.21315759969543652,78.68424003045635,MEDIO,2,0,0.0,0
b204b9fe91983b35ff1fc6fd7bd53717985295808bda3645bcbc10750c28c6f4,0.05394777005791127,94.60522299420887,BAIXO,1,0,0.0,0
b21273d233553a7fd33dfc37772eecdb14ce34d3ba4d587ae63f3273e828bfbe,0.03624886418510326,96.37511358148967,BAIXO,2,0,0.0,0
b21d4dcba1d9f9205f69d7d3c20f5bfbe5dbce7f1187f81327970a97b36f4651,0.8453088511869961,15.469114881300394,ALTO,14,7,0.5,1
b222e7c7a7f9529ea134f9184ddb533b2b19f7be1cf5a112ae74fb6b778a623a,0.05795864216687028,94.20413578331296,BAIXO,1,0,0.0,0
b2582bee43f613a9b266512b98971b9b4c91030b2c9f88a1c1f2cbca316cedeb,0.08496574378225497,91.5034256217745,BAIXO,1,0,0.0,0
b26e7565d7ba6aa15fd0861a3aa0ef07755065725f1e6f86775babba544efb07,0.0654568175676239,93.45431824323761,BAIXO,1,0,0.0,0
b26f3b08949895e21b25303177e135a85587c1bad543a6c6c10051f124488ec9,0.9549485862887315,4.505141371126853,ALTO,5,5,1.0,1
b2729a67b36f69d1a8d7c1ca6ba0e3666aec9dbe5adb4690aec7bdc2d7a2dd84,0.013724545645789525,98.62754543542106,BAIXO,1,0,0.0,0
b27bdcc3776a9af4482cc39d7868553e16804f7629a777843b047a4cbf83d911,0.012878145783895475,98.71218542161046,BAIXO,1,0,0.0,0
b27d820c12d1cccb4e284da4d51927621a9748331b9a34360cf2152cbf5ca55e,0.02333346890221264,97.66665310977874,BAIXO,2,0,0.0,0
b2833ceb4c9061dc52acacbafbec5e3e8412f60a5365556e28ed35f15f5a8e7b,0.068423349331063,93.1576650668937,BAIXO,1,0,0.0,0
b29377706ba99032cd9ddc5319fd9aa99aaf5b22c43517b28b0374d8d819cb13,0.011067381614929674,98.89326183850703,BAIXO,1,0,0.0,0
b298e0c61e85f32efe204e282deed9fbebfa30f33d5426eb43bac52b44c9af37,0.2565075338100124,74.34924661899875,MEDIO,1,0,0.0,0
b29dda40dd36b37ef80aca80a6b742ce4c8f7856e2e1874aa6927218d66bfbd3,0.10489902579915539,89.51009742008446,BAIXO,2,0,0.0,0
b29e811b5b507b154b522b8a96974058f2806db6209c7fe8256b4c9f5e263fe5,0.015266470456738427,98.47335295432616,BAIXO,1,0,0.0,0
b2a7da82daa8c37d0c06894fdbff397284178346c004469475b2121592b42b8e,0.050265500848837644,94.97344991511623,BAIXO,2,0,0.0,0
b2d91eeeef0cd226bddd68664cff37d338187053dd60692a5d26d1244794b442,0.006271620415562519,99.37283795844375,BAIXO,1,0,0.0,0
b2e1f477f8290e3949fab10362a7ae3cd9e8755ec3f890e95034992463c7a459,0.10980460549554025,89.01953945044598,BAIXO,1,0,0.0,0
b2e468ffb76e440b890f044ef53766f4cfe34f094f45c33ab2b85b3467ceb565,0.2567797513959814,74.32202486040185,MEDIO,5,0,0.0,0
b2e74cc0960ab5679da0d304bbdc9614bc7abfbbd852a8f12aa00784ed29e037,0.18239329658063055,81.76067034193694,MEDIO,3,0,0.0,0
b2eeb2bd7a1fb684c2d9b259370dbfb882bed2407fe798b807528f759c325e7e,0.9848906854492856,1.5109314550714403,ALTO,2,2,1.0,1
b2f005eedc0d9b430b773201e1fefd0792c8e9441d930abb9bedc76828fcd9d0,0.0856371230999254,91.43628769000746,BAIXO,1,0,0.0,0
b2f510f3072785c4a814ef93d90013f6ecf3a0ece2539f26410dd04d4f8ddcb5,0.013529483313567686,98.64705166864323,BAIXO,2,0,0.0,0
b308dc8e50b8489ecc720f193af8a554151a8ecf6acca2d0d7f38e2204d1d179,0.05224706398499552,94.77529360150044,BAIXO,3,0,0.0,0
b319dbc4fa0e0dbf5109bf624298d290e9fd5f77e22ae9c59de74a67a64d46d6,0.02369706408883981,97.63029359111603,BAIXO,1,0,0.0,0
b31a6c6bf3b980cd9ea10c5d4fac16327578a7e65aa75050594bd1192f3872a5,0.023759087198964517,97.62409128010356,BAIXO,1,0,0.0,0
b3287ea09305bff9f80af559c9c980bfa56e92405cb4dd9da88e63df648e3773,0.08646320952988472,91.35367904701152,BAIXO,1,0,0.0,0
b34a994dc3382795bb71fd23813dc98b497f7a43886e6b494c8b011b53352d8f,0.045180769397380506,95.48192306026195,BAIXO,5,0,0.0,0
b3625b49f5e665affabb014a57a92f950578d26a29789be55cd2307e92ac698c,0.035296139485736885,96.47038605142632,BAIXO,1,0,0.0,0
b3a1d7803f62b01bbb6267d4ef5cc11bda8c410a662f2f0e9edf3ca34ea64b79,0.06180817000952634,93.81918299904737,BAIXO,2,0,0.0,0
b3c3e6e3fd308e405d0c5b98002a7a472f1532ae5fccf322cc95d4d5029da854,0.04044646224978489,95.9553537750215,BAIXO,1,0,0.0,0
b3c5117180f7e43d14078eb4e49cd5e64b4358c9e533cfa695916b06f7895da5,0.0698386137407755,93.01613862592245,BAIXO,13,0,0.0,0
b3df15c44ff09921c6666dd8bd757f951f1ed031626cd226773d142c15fa81b9,0.5373853194111614,46.26146805888386,ALTO,1,0,0.0,0
b3e783cfcc7b7423363128976b27ac947f018428dd3ead8f70258c64cbb12187,0.07545497201063421,92.45450279893657,BAIXO,1,0,0.0,0
b3f2db17d3c14a6193b1432820eca7b47d9fa5ed4c2ddca6df2e1b547f4c6f18,0.3402185951485291,65.9781404851471,MEDIO,1,0,0.0,0
b3fd8a07c454d8ad2c484af058cb03a911b90a59c1c7ab2f766a3b82146933b8,0.047801652670484945,95.2198347329515,BAIXO,1,0,0.0,0
b414038749ac507d39184ec9d9800e0fa4c671c5fb1404300def392e0179849d,0.023150242534797333,97.68497574652027,BAIXO,1,0,0.0,0
b41e9459a035269fe3025934d129ba929c027dfd220674e7ff300b9a378dbfa3,0.0950874271073086,90.49125728926914,BAIXO,1,0,0.0,0
b423f79fe44557fe3638eec257ebb935ae13c1531528e68eabf31a6304283e29,0.05359428263554502,94.6405717364455,BAIXO,1,0,0.0,0
b428749ddaa46e65a13b44e0edc7179516ed380333d9d7cb87452d2f9deb6a3b,0.05611781596029438,94.38821840397055,BAIXO,1,0,0.0,0
b43c20aad20b5cf320712948fa0cbf0c815d189e89f568591439e824ba3a872f,0.16652802594802832,83.34719740519716,MEDIO,1,0,0.0,0
b4419736b0c287b8666901dd3c16029cb0247cfa16a1f12f043f5884b118daf9,0.05039684072551184,94.96031592744882,BAIXO,2,0,0.0,0
b444c4408474015eeb5971972869b6ed8e30e3d39f915980a37c0bf57645cfc2,0.1261945529958871,87.38054470041129,BAIXO,1,0,0.0,0
b4478794908248e365a0465f941ab2c0f0785ee26e501f77b66f3c0bc4fd8fb3,0.1608266354197747,83.91733645802253,MEDIO,1,0,0.0,0
b4514e457b462aa43df44a77ccb13c9b7dd93efe3b5265b56ce2b00af9722914,0.02851126601802844,97.14887339819715,BAIXO,1,0,0.0,0
b4515f660d50a50223907f3764d6f67a0b8b396ff2c45e5f8ed6ab49e8f73990,0.2539194763777896,74.60805236222103,MEDIO,3,0,0.0,0
b458538c5c583b4763e17843e46bc55018383ca60e86209d21953f9cf4ae13ec,0.060766770036085126,93.92332299639149,BAIXO,1,0,0.0,0
b463675eda54713a0082866ca9bdb471d620bea82e5ba6afff71481c74b873f2,0.2801210061915729,71.98789938084272,MEDIO,1,0,0.0,0
b46f7f08ea0281ed2b5e61cdeca11aa7f6e13339a0eaa85d6bda8a83d69b2d88,0.6704168538985433,32.95831461014566,ALTO,6,1,0.16666666666666666,1
b470d1393520270de3d7643c2322d973fc8a4d81bef752926811e2b50f72e64e,0.34849898841047056,65.15010115895295,MEDIO,1,0,0.0,0
b476058effe8dcc00f4cdaa7b4528fe1a445555897bc341e69ca78a408b19085,0.10697603633428152,89.30239636657184,BAIXO,1,0,0.0,0
b476cba2e47ac61e7bd29c47321aecf098ffd1cdfd9f1f1500af78eeb15a187a,0.007049677512400772,99.29503224875992,BAIXO,1,0,0.0,0
b47a1f91d6b92e0e47da58a29edb27dcd62fa9a89764f7e7a644c2696a1cf90f,0.10746138187340111,89.25386181265989,BAIXO,1,0,0.0,0
b47ad4c7908079f3860a49bc9af20101b2c44c8b4012a1f42867533a4bced923,0.05085505964841447,94.91449403515855,BAIXO,2,0,0.0,0
b47c1ff346a0091bcc96476ad0dc26947d3544b97c793db95873a85935bd19ff,0.013105132368180202,98.68948676318197,BAIXO,1,0,0.0,0
b4805855bb666f329fd0e8059cdadb4ffc3c17fd006899b0a4f61548312aa5c9,0.08691768102334912,91.30823189766508,BAIXO,1,0,0.0,0
b48469d427edd18f65af3e8b57a271f4aba1e44374e28f75b78099e5d4e14080,0.05523043060577258,94.47695693942273,BAIXO,2,0,0.0,0
b4915d11d9804d2517fc708a27fa4af045d1589021797f84769802e659d016b0,0.025720307573831945,97.42796924261681,BAIXO,1,0,0.0,0
b4b3ce668aa581bcca85fc48619ae1a8eb3c02498f067d22a7e1d47ff1e20676,0.03121907070498387,96.87809292950162,BAIXO,2,0,0.0,0
b4c139a987c568a3bc0c8e2a70f198a8ced71c2e6af4edc5dcf2193e2fcf57e2,0.017306981236696575,98.26930187633035,BAIXO,1,0,0.0,0
b4cbef10dd0edb54ef6de102c10b93cfc811ca42d1e33380f5b2ce429c224127,0.36775793592940964,63.224206407059036,MEDIO,2,0,0.0,0
b4cd4c110ed332872ba06e60e03a4a1fcd0dbca065028e8ae6d588fb5f5a66c8,0.08307811407568055,91.69218859243195,BAIXO,1,0,0.0,0
b4f6e93bcfdac6a517def30890db3a7071ee72186ee4df15c7044fd8d9072318,0.042552202368001946,95.7447797631998,BAIXO,1,0,0.0,0
b51a9e4fda4624b1cb942d19544f32f216706d22daf6abe58ebbaa64db12c12e,0.2687033566773339,73.12966433226661,MEDIO,1,0,0.0,0
b521ee460c2ae2f7b40ce8c74d12e2f0a98c8ad7e2f9e4a8503856a4ff20e09a,0.0447626180933074,95.52373819066926,BAIXO,2,0,0.0,0
b52d6698d402390335f335055d710c41e35f222820f389f92d7c9191818b7fd6,0.02993512649122491,97.0064873508775,BAIXO,95,0,0.0,0
b52d6702fc2bfd364556dc40f5152760fc7f278455db15b3855548168332867a,0.09345580580877282,90.65441941912272,BAIXO,1,0,0.0,0
b560863592bb7731c83c768bae9b145a53b383b96c54edc307fab8933d1696b9,0.1511469199374125,84.88530800625875,MEDIO,2,0,0.0,0
b58e3ad39539dbf12a45d9343c42b6a516f4f5516f31352bd18797956c928c31,0.25086986048952786,74.91301395104722,MEDIO,1,0,0.0,0
b5ac43c88bf45203f686812fff53013995ecf4313fbe08693760e3b331b671e1,0.013719815287334373,98.62801847126657,BAIXO,1,0,0.0,0
b5b94f4844786b30fd0d35079f9ad9d187c280e8a8302d0188f9aa1f95955cd7,0.09232262917948818,90.76773708205118,BAIXO,1,0,0.0,0
b5db5e6faec578011da45eeffa369c5a1475c776508a2ddd74ccc03b8d4e836a,0.2023012377490063,79.76987622509937,MEDIO,1,0,0.0,0
b5ee403cd60b67b2ca7b8dbc69875f8c94e520d7a6df3b50f18ee1654212c770,0.01446509903952493,98.5534900960475,BAIXO,1,0,0.0,0
b5f0ff81d162c8ccd16d1c3111d8dfa1569d5e010b0b1476efe3840c9392216e,0.06962752704173267,93.03724729582673,BAIXO,1,0,0.0,0
b5f3b3b58f678c8e15718c0317a49ddb3251e046cc459c0f7e6de151bed61e33,0.043306446071369784,95.66935539286303,BAIXO,1,0,0.0,0
b63d853edf560f72359c6d154a1ccc45e69bfbfc89d69147d9ed1fdffab83980,0.0709967811449727,92.90032188550273,BAIXO,1,0,0.0,0
b665b1e9615ae82b21e25e01a9dd656b37436de73d65705ce94ad6768d7fd35b,0.014140743418176628,98.58592565818233,BAIXO,1,0,0.0,0
b6798ac6747d6403a82aacf57b5ac04ae8a5389d173a16f2c5ec40e957891e4e,0.06870854914775097,93.1291450852249,BAIXO,1,0,0.0,0
b683d359d2e5dbe45b5071596661ef57096417aa574d974501dbfef91698b7fe,0.031313818928358966,96.86861810716411,BAIXO,2,0,0.0,0
b68f3340bd9062e8bd89a101e3dff94445e60f76be817bb841366491c47f35bb,0.11873452802239132,88.12654719776087,BAIXO,3,0,0.0,0
b6908d7534f212f945737f175997d487fe9f4aca693c3e4743e73d27f0f767f9,0.01958487520296867,98.04151247970313,BAIXO,2,0,0.0,0
b6942e7fd3c6558724ac843aa1ae64be86c36eba3e82f322b53640ba17f8a8e0,0.07231355440606536,92.76864455939346,BAIXO,1,0,0.0,0
b6aa8f8e9c1c2359850d577ed64e9425900b350936187e93d1efd7944b14ff5c,0.029936450997537712,97.00635490024622,BAIXO,1,0,0.0,0
b6c58f81f4d53cd9d6e4d3c163ad500af3ef9378e744307175a4a430b39ae2ba,0.014923752728842462,98.50762472711575,BAIXO,1,0,0.0,0
b6c76a8f8eabf886c5cb70522aa8af6fb00a7bd1c39f846bb4c80395753b7ed8,0.04943852819587618,95.05614718041238,BAIXO,1,0,0.0,0
b6c8aaf76ad61c70056ba2d2ed02821c84314ce6b5e8161d7c59eeca7a5e61ac,0.009915881657449605,99.00841183425504,BAIXO,2,0,0.0,0
b6ea1c5f18f54945087435627a17fc3207951a6b9d29830078e9e8cbce046d0c,0.26560667389056625,73.43933261094338,MEDIO,1,0,0.0,0
b704e3a1521358546515c38b1d9e2c38ec5fbba48291214df48270e1a428c8fe,0.06773866837092161,93.22613316290784,BAIXO,1,0,0.0,0
b705baabef7eadb7d03c297b80825907b395497d295dac2f1fb303f5fe70e54a,0.1080700257714301,89.19299742285699,BAIXO,1,0,0.0,0
b719c2855dddd2a9e29c5df24c8c03c2730c78316a6ea95f0efe4aa4532edaee,0.03023932892445421,96.97606710755457,BAIXO,1,0,0.0,0
b7356969b1bc55a360862f9e2888cd23f70a24ccf68ce482872f367a366d3475,0.010805600266369614,98.91943997336304,BAIXO,1,0,0.0,0
b753e3d6ab50f722e2b16274be023f80ddf30b02ba9a1c4d691b832604f575d2,0.032410187251413716,96.75898127485863,BAIXO,1,0,0.0,0
b7775d4a3976c42f611ca8d91eb29c9e8df0aa0d1ce26b14da955fd37ae3fc73,0.008340082255418694,99.16599177445813,BAIXO,1,0,0.0,0
b779b1c4fcb25487bab7ce278e8ce1f650d94443fefed8c8de37efd2a3e48a11,0.058238244138517685,94.17617558614823,BAIXO,1,0,0.0,0
b77cb329f9cfee6a9a2d5f42d52541c81d91ac58a888d4ec4b2c9da72caddb46,0.009504025476105474,99.04959745238945,BAIXO,1,0,0.0,0
b78cecdf1aaef96e5297d9c289afc8210b5ac5390d0f2e0d702e7e31160ea20f,0.019252696268724397,98.07473037312757,BAIXO,1,0,0.0,0
b795eabf66dab311bad12b19192abdb00fce3d954361533d163a4db6e5bc0e17,0.09579974087849766,90.42002591215024,BAIXO,1,0,0.0,0
b7a8c67fa5bff54b43f22557a5224d6c0ade087a1675e347c461ed8ad37c5221,0.10644106743003798,89.3558932569962,BAIXO,1,0,0.0,0
b7aed643bbec5e76593ecf640c00c4eecced75da4e58168d6da7c18d43ec26c6,0.8395977432640455,16.040225673595454,ALTO,1,1,1.0,1
b7f62d4970582538470c2b73e821b535e5792d2cead9f7b6e75012cf5a8b5bf9,0.019857477112501784,98.01425228874983,BAIXO,1,0,0.0,0
b7f76740596ec11608468e5f641407e35dbf2d81e8a0e75a36bfc7b866650d4d,0.024736337128355525,97.52636628716445,BAIXO,3,0,0.0,0
b7fbea8e056878e92d6a669d14929235fc707e49bf0ae6b8de3b264a4c96f365,0.10236683172227702,89.7633168277723,BAIXO,1,0,0.0,0
b8050163189bb9000154b90b7ef90a53a489d238813c38ecb7b4a12fcb2d3fe1,0.020575999112152025,97.9424000887848,BAIXO,2,0,0.0,0
b80810618f7e08dbf5263a1be0e427eafbe32b3b91272a384d4454f071ee9c27,0.29543540277096647,70.45645972290335,MEDIO,2,0,0.0,0
b814ae2759356f0c158d745f0259fa990d803f59be4a07b129a1b985168e6c0a,0.09469196311742442,90.53080368825755,BAIXO,1,0,0.0,0
b816b3429b44028cb850005592427b52dd9f159c68eb716db132bfa8e98e227e,0.18728167228592174,81.27183277140783,MEDIO,1,0,0.0,0
b8291c12d03cd9662053ca4511575d447bffe4aa67c9123917205f2a09d7f112,0.9073963374597906,9.260366254020935,ALTO,1,1,1.0,1
b829fec22c3d8f48c13f7daebf0c77840534643a26ac6dbb0787e30cdea2ad1c,0.08225506577596614,91.77449342240338,BAIXO,1,0,0.0,0
b843fbf21309a57614ae781ee6342f7b8c866914f24fac92b19a3bb08b7190f2,0.006457095510962854,99.35429044890371,BAIXO,1,0,0.0,0
b8860d563701b98acf7ceaf58a29e67a3ba8d9d9ff11806342d9bea6c464239b,0.032797822150572795,96.72021778494272,BAIXO,2,0,0.0,0
b88ad44a464259d725ee983cbd95a448042e6f330999c83fe2907f0aaacdc948,0.08769664356793956,91.23033564320605,BAIXO,1,0,0.0,0
b8917f7b8dc7be0761e9d862a3b0ad04d23a2acc061557f95ee86cdc9a1a85ef,0.09682519221463734,90.31748077853626,BAIXO,1,0,0.0,0
b8b82c80d83a52db766fa06087d7cf9de67a1caced5f318ecf3505aaaa646b57,0.150183404085673,84.9816595914327,MEDIO,1,0,0.0,0
b8efa3d27119a0cd65f0e36798654e563be4ac93b8ec9a92917d9ddff06c8148,0.14520248530947083,85.47975146905291,BAIXO,1,0,0.0,0
b91bba99002d1fd04daba6c0b2aa15cc9ffa90d8a5baa9f60b8ba60daf0f2d1a,0.35837016539870786,64.16298346012921,MEDIO,1,0,0.0,0
b926ac1a01c3344ca5618712a00c682c7b139487930d847c96c9b939dd55928a,0.11027202181652485,88.97279781834752,BAIXO,2,0,0.0,0
b9562bac13a74fceeb9b12272ab0de520fe9e852a12b2b6679b0c5a79c685d67,0.2697407786018907,73.02592213981093,MEDIO,2,0,0.0,0
b983f5b082cab100825a6abb76fe271771ef2ed1a9e48883bf536d839e93c18d,0.0344117262863088,96.55882737136912,BAIXO,4,0,0.0,0
b991e3dcdfb086c8eb4f280d7f8be24b998a59c6dd933ac89fc5103c3cfed957,0.27492227368273686,72.50777263172633,MEDIO,1,0,0.0,0
b9b1b76555021ddf8783c6640b0afd808f0207efe408e83b2d7b9e9cd081c466,0.1126585654083656,88.73414345916343,BAIXO,2,0,0.0,0
b9bff87c0f1ff1168e2b2e1e5ddc04386cb6508653aac6c125150efcc7630401,0.00813970783358431,99.18602921664157,BAIXO,3,0,0.0,0
b9c252f4c61f509535c3899ecf67ff7d85963a401e77dbf54ccf387bd04ae08e,0.037180539675726786,96.28194603242733,BAIXO,1,0,0.0,0
b9c8b1f2050469be026c0f168560fe30a9dbabcec2ac51e48b23f703962b5249,0.007499750231703106,99.25002497682969,BAIXO,1,0,0.0,0
b9ffbfb538d10c840cec7e17f6f11fd65ecdcd5506a65803980894b5d5b20640,0.036063814076822076,96.3936185923178,BAIXO,1,0,0.0,0
ba514e4a81c9ef7c7d9500f634410ddf9c84776d5e3c4e7cd3d5a02ac1b0203b,0.02204369957560823,97.79563004243917,BAIXO,1,0,0.0,0
ba616cd10637482d4dbd419bf8c881024e4b29c79ed95bc632c3d51e03b59a64,0.014318839578618731,98.56811604213813,BAIXO,1,0,0.0,0
ba6f4d66e5ff91bf8c3ba045934c34f110c139f494613919212f8e7dcc949eff,0.015753536357026365,98.42464636429736,BAIXO,1,0,0.0,0
ba6fac92079b01457dbbcd8f859668b955d2b1ad78fc81361f2e8cb8cf182040,0.0976443385468223,90.23556614531778,BAIXO,1,0,0.0,0
ba93f0cf64be830fa0b417dbe528ae44291bc4404110b01f5feab33259daaf40,0.010872833715811952,98.9127166284188,BAIXO,2,0,0.0,0
ba94bd5c4b453af30d8f98b578ba75f5ed97e8b177125f0e3eaffbb0c2411d77,0.13800288310461822,86.19971168953818,BAIXO,1,0,0.0,0
ba9c6e7fe16aafbb1d36abd43d136c846e1f35cf9dbcc3ef21ad61665a68e213,0.015039337597339629,98.49606624026603,BAIXO,1,0,0.0,0
bac443f2c4719f8f63e0d82da50cb98444dbb8caf8fae4102960682571bc8aa5,0.007331935850583587,99.26680641494164,BAIXO,1,0,0.0,0
bac53596f96ce532bf8150b62b20218ab2a6b1e25452795815a2bfe160c33863,0.0726963297249808,92.73036702750193,BAIXO,1,0,0.0,0
bac79201394d871c63ffcef8c4ca3dc67ee5cfb60e0fea372aaee91859c54965,0.05576574818987184,94.42342518101282,BAIXO,1,0,0.0,0
bad113db12e4a2eb94f7c05093652a529e6d66eaf130461706d639bbbbaee68d,0.037286084310668745,96.27139156893313,BAIXO,1,0,0.0,0
bad9f2385bf9479104c2247e1f17e1427e87d638cef8eddf549c79b2ead46db0,0.34012992765102834,65.98700723489716,MEDIO,1,0,0.0,0
bb0003af91f27fb3a25085580f4d34042f10bdd1b88d98d3307793191cdc53c7,0.02831365543047632,97.16863445695236,BAIXO,1,0,0.0,0
bb09e482b6a8be28d7e95b0899352091e7b30fba5218385e26add7a3ecb5a2d3,0.023154243503061844,97.68457564969381,BAIXO,1,0,0.0,0
bb1c07ec2f00d582b5e85e756dfc3baa36bac0fdb00aa28b6fa89704686acb51,0.034882566239463376,96.51174337605366,BAIXO,1,0,0.0,0
bb2c6801ec878ab650e4365d1d6e568f033706b4a3e38c2af612792c9b82f695,0.08811143754766576,91.18885624523342,BAIXO,5,0,0.0,0
bb3b5315d866fe70390d285001988e429c1aa390ed0a009133683540462d1779,0.10347643306357855,89.65235669364215,BAIXO,2,0,0.0,0
bb86149705493df7f473d703299bdb1986ae8baf49d8aa4e17db65f4389769b8,0.14230773590962079,85.76922640903793,BAIXO,1,0,0.0,0
bb99cf32b6f72b91ab18f8a7e7aec759cb9a72422563b2f697ff66c37410e02f,0.004840214988401271,99.51597850115988,BAIXO,1,0,0.0,0
bb9ef8cb5b69d50cec595a4358fc3f51aa820b70423647f9b183309a9fb40c7e,0.04205299629387746,95.79470037061225,BAIXO,3,0,0.0,0
bba4627ca733be314c245801278fd2c1b8d6a01748a540f7e57b8bdd0b6d2557,0.05491583940901826,94.50841605909818,BAIXO,1,0,0.0,0
bba8c27704d429a444abc8ef487c00cae651db28450e5fd9fe8bd85667a1fe09,0.10141507535890847,89.85849246410915,BAIXO,1,0,0.0,0
bbd0bc4ab07bd87cda031b2aebaa1d31b93d2a6c88a16ece0e80a08645ca7510,0.007675498086315591,99.23245019136844,BAIXO,1,0,0.0,0
bbd2b2e7774a1575d6bc7ab899090beeb959cb3cb63b5fa28adc10c271bbe669,0.0466738153763784,95.33261846236216,BAIXO,1,0,0.0,0
bc058eff451895638758f433eef687d17776056eebbb292d87150429872691c0,0.014253257320637166,98.57467426793627,BAIXO,1,0,0.0,0
bc0dcf45eaa7777e9d2301c8a9e1755b3837e693a80b619569c2c53d41838fc8,0.11490721205470827,88.50927879452917,BAIXO,1,0,0.0,0
bc1750303fc81dd1af9c129168b0805d63fcb9c7c1e900ff3dbaf1d540c51541,0.24682518633575104,75.3174813664249,MEDIO,1,0,0.0,0
bc297bdad8014a3937819ad583614d7ccd65704e9816c71ab4021949e8b95b53,0.03264551849692691,96.7354481503073,BAIXO,13,0,0.0,0
bc29d74e0dd7a34cfcadaa7f902a0d6e7921444774b3e39091c0d76a0575119a,0.07090419554551908,92.90958044544809,BAIXO,2,0,0.0,0
bc34ee70204d377d9b4447d4edd6b784e50430ab0fe6ff218cef43415ecb8a5e,0.03302846435922638,96.69715356407737,BAIXO,3,0,0.0,0
bc3781cc867425982b260a384bc4a6e5d33ee898f018abe1e0b7e870b26eb262,0.18858526082367288,81.14147391763271,MEDIO,2,0,0.0,0
bc3d8a6bb8c021e9ecb806cf92fe40ec46d38575ba1d9e47865941d1cfdc4c58,0.6196866836205533,38.03133163794467,ALTO,1,1,1.0,1
bc4d436d0484dcba3214955c1c30ea285fbd8f3bb5100917df02b1df64f222ab,0.032134348831983024,96.7865651168017,BAIXO,6,0,0.0,0
bc54c3000f316963719e14d1231f90885292e027efc245296bf1f1229768d5a3,0.06332020144127379,93.66797985587262,BAIXO,1,0,0.0,0
bc564dec2cdee12ac05c2fd12a014581b44f3811abae58e2a7f171e6052ad9dc,0.059289158512059854,94.07108414879401,BAIXO,2,0,0.0,0
bc640fe262164de78ab1ee92def8aa7c3a7a0686b3225561de6f36016d6c2c17,0.05770453604274217,94.22954639572578,BAIXO,2,0,0.0,0
bc913aaa1d569fd222446c503af65c3852ecf2f219f33a0ac14193c40e2b5a4d,0.00906845995024917,99.09315400497508,BAIXO,2,0,0.0,0
bc9774d0f38b19700452e20c6f7f99ef0acaa121ea32ab72eefa1736978382fe,0.01389212360339685,98.61078763966032,BAIXO,1,0,0.0,0
bca4c4e370c94a21fb5a3a89000d3d57d997de66619f60c36b92515ce721be1f,0.020980462772222114,97.90195372277779,BAIXO,1,0,0.0,0
bccfd799845e1ecfb985f23a0a968540a75b6dcded629d06e225b5bacb26c764,0.04747663423760145,95.25233657623986,BAIXO,1,0,0.0,0
bcd45d844d3438f02cc57706868a21d05a97d5c75397e00443ba85f3321a277e,0.03477229089582154,96.52277091041785,BAIXO,1,0,0.0,0
bce8c340684c3bc221fe9e5bc28f2b3723bc90025e0bdb91a1f0fa0dc02d0a28,0.09454345131305124,90.54565486869488,BAIXO,1,0,0.0,0
bceb0d632eaaa8d47be3d7e8bd91ea4ecdb911ba37171fe4ad93af6972f32547,0.754657249418559,24.534275058144097,ALTO,2,1,0.5,1
bd1ec863421d783372b102bc46d4473c032c0fd6caaf76b70d22203a4f0381f9,0.8907294172946408,10.927058270535916,ALTO,27,19,0.7037037037037037,1
bd4db55776e27171d919ff76c2e362581c466150e4ac89a48825055ed750b64b,0.11379410020244488,88.62058997975552,BAIXO,3,0,0.0,0
bd52e18ac8aa4f4aa25579a10a1b47310af80d8b321903e556a95ca636e636eb,0.03349081063156404,96.6509189368436,BAIXO,1,0,0.0,0
bd53feaea5dd93aa41047222c25cdc624f12186ab338772a61c019d13ca602ff,0.060345799720972565,93.96542002790275,BAIXO,1,0,0.0,0
bd551da4133daeba88ec1ca46c6aa1b5b43d2e4e75c381f2a507b3471537d87d,0.10505179702267653,89.49482029773235,BAIXO,1,0,0.0,0
bd74e845ef1c0c72b773a78fce940d7196c082b83be22a2531fab426e0eb6837,0.14944083234502342,85.05591676549767,BAIXO,2,0,0.0,0
bd79db8afd6f944472f50662927fac24faa0a818dd2f1ba8c8211a52824740e3,0.02516680966171779,97.48331903382822,BAIXO,3,0,0.0,0
bd83057e68142a7605c48d74f8543821796b655e20edaa8660ffbc2b8f6e6549,0.01651499315682773,98.34850068431723,BAIXO,2,0,0.0,0
bda18e3fd6b163e43fadbbeb63dae08589d75ae14aabaae6048e3ada9579ee0c,0.8716235990953664,12.837640090463365,ALTO,1,1,1.0,1
bdac5566e44ff0a8438319c1c16a9bbfd6e153993155416c28cb757089dfa138,0.1224500841096652,87.75499158903348,BAIXO,2,0,0.0,0
bdc21c543738522ebce90238389067e51501500542374ba3f4d3bd485eb14675,0.08667785826528247,91.33221417347175,BAIXO,1,0,0.0,0
bdc4798ac7da89b36a0d0a6c177d571a3c497c6033d9b9a53ee4366b027e1548,0.027478743699909422,97.25212563000906,BAIXO,1,0,0.0,0
bdd68b959f53cbbf701ad55657f20783390d925557ef72ca13b5fe1bc4894a94,0.029240696088431443,97.07593039115685,BAIXO,1,0,0.0,0
bdd83d529170aa363c5738d6094e7fd90acf7e7bf3493764579dfa30740a54c1,0.03725120645770847,96.27487935422914,BAIXO,2,0,0.0,0
bdf54ff3d4b5c209ccf4642f127a204cec84b98f9fd6645d529b3d9e184a61df,0.13554097566039663,86.44590243396033,BAIXO,1,0,0.0,0
be050a97a287d19193ddd10865ecf7e618d9e5f1675cd140acb11983230559af,0.0939314131674709,90.60685868325291,BAIXO,1,0,0.0,0
be114d7d8c40142167cb3fc8086057b8154a41563e684eefd4c5aff992a3cd5b,0.043485072400678636,95.65149275993214,BAIXO,1,0,0.0,0
be43fcdd101ef833f65f59238ea04ccd030f299a97c98710d19b0ffc9c157dc0,0.010591459172063928,98.9408540827936,BAIXO,1,0,0.0,0
be484b07471fd6baeed1d7a54f6485f2cb7741820ef70c2e5796551fa897f1d4,0.06730314839597791,93.2696851604022,BAIXO,1,0,0.0,0
be9f9467cdc6f5f299dcc7b145f6bfe06a3988c7ad2bef44b494ccd751a97153,0.041927442737935736,95.80725572620644,BAIXO,2,0,0.0,0
beaadb82441e0215802ff4145aa20e98db408c7ee3430c7a06abe17d280751a9,0.03644075953303816,96.35592404669619,BAIXO,1,0,0.0,0
bee6295e42eab553f95725aa2f345e21e10d98d62af3d42692b3a12f051886c3,0.03167784042642387,96.83221595735762,BAIXO,1,0,0.0,0
beeaffea750df82f73879bdd0194ea75bc4d3adbf64ad628ccf6860994a04c16,0.029273182840081156,97.07268171599188,BAIXO,1,0,0.0,0
bef02d22c81974ba4a59a822764168b8486450524a872beba3ff6b4c84fc8674,0.21972210463467623,78.02778953653238,MEDIO,1,0,0.0,0
bf048b0850fda2a787ebbc53d735939c0df70eee0e8a0b3a3281c9ad5f281bba,0.06876405820807678,93.12359417919232,BAIXO,1,0,0.0,0
bf0e84490fd703d22000dfdc1b64dca74598be9c84e960170b9a42317562bf15,0.5144739621602527,48.55260378397473,ALTO,11,0,0.0,0
bf0ede80e8ad319f95b81a92ccae523be904bdca5cfb46d0a7d00c39d254b8a5,0.9643740432349847,3.5625956765015343,ALTO,1,1,1.0,1
bf116337fdd01cc26b4d88412a8ce5083db14d482e55d16cb7aedff74933c425,0.11142804413157395,88.85719558684261,BAIXO,1,0,0.0,0
bf12a3fb9e2c4acba3239869eb65506f3f549dfd28a66f2b69f379c08e36d0c0,0.09777274204844097,90.2227257951559,BAIXO,1,0,0.0,0
bf1d711cc7447a1dd1695d36432f2bf92b56a99ba2047748918abf441e87dbcf,0.1462464319433409,85.37535680566592,BAIXO,2,0,0.0,0
bf533457471641b05021ebea7f3c074451584128ff1aa0a2ee5ac166c280eb04,0.4596395100892756,54.03604899107244,ALTO,1,1,1.0,1
bf799637fac10f2d12f025f398cfdbb3e42cde9843107dc38515d13f4c0babc8,0.1447351284014955,85.52648715985045,BAIXO,1,0,0.0,0
bf849b658840c4fd5aeb36569f08241620a8b23308d8c33cbb3984c06d36f149,0.06605226851090018,93.39477314890998,BAIXO,1,0,0.0,0
bfa6b7e39aaed500ac4b5cea4ed353545a2c87f5d965fb21668c46cb2eac5240,0.03571913292043847,96.42808670795615,BAIXO,1,0,0.0,0
bfa8b6030857fec7f22ff87db1b53224a65c0e8f7380fc743f049294454fd610,0.07271303341965488,92.72869665803452,BAIXO,1,0,0.0,0
bfb1453e286b638fba2aca28d0c9ba4be18c117cdd93e617c19053494b704d1d,0.19731847386710558,80.26815261328944,MEDIO,1,0,0.0,0
bfc2c2b996987fb82beb24ff85e926d6267438fb419a1b07a99c504a2c12516c,0.08090849153137755,91.90915084686225,BAIXO,2,0,0.0,0
c020f612c75abfd7915f28168471d10f37f793ea30f8e2113412e2ed6685c017,0.7769108305999136,22.30891694000864,ALTO,1,1,1.0,1
c021f559eea6bf082dba30ace0047169c0818f3c121c269d2be6dabc75bea151,0.025134546958391922,97.48654530416081,BAIXO,1,0,0.0,0
c025fa214297cb40c20d48446f8156ac0cdd1c161ffa3ba37077994d2c1fcd08,0.1592021554525821,84.07978445474178,MEDIO,1,0,0.0,0
c0681f58a411eb412534efdecf1a410cecdcccbcb579e655df3fb4fc07c8cdae,0.07999520668076611,92.00047933192339,BAIXO,1,0,0.0,0
c0802f7d81a892d9423fccd950caf00431a31717ea22e9dd0c26cef797bf0609,0.050204305064930184,94.97956949350697,BAIXO,1,0,0.0,0
c092af2cdc993e919c6164e13404c27f458b30bd83f8f8bb82d99b881adb9b7c,0.032163462559543415,96.78365374404567,BAIXO,1,0,0.0,0
c0bbd364fcb6d6b02a244285adbc23d16fc635299fdf059491ef54926727e780,0.11546749450215346,88.45325054978466,BAIXO,1,0,0.0,0
c0c0141ab52f14f56b7493692c23e8dba0c560ba5ddcc50c81be209c4d7384ae,0.05234872222304024,94.76512777769598,BAIXO,2,0,0.0,0
c0d40b2f1cc9f1255748d90051f9e39e01c1a7ecc2af44a960856b408f0120bf,0.15241768670675335,84.75823132932466,MEDIO,1,0,0.0,0
c0e4e7deabb7ef4a507607f1da409f67e96e8d246cd4e765a21dbf13beae3ebd,0.11160792245775997,88.839207754224,BAIXO,1,0,0.0,0
c0f072ba65992e516f10bd0ebd321e230147688359c3f727533308388750a1fc,0.0248128996953288,97.51871003046712,BAIXO,1,0,0.0,0
c0f3486584c05572bd32532151ebb1ad321936a6d78b365156808b281588169e,0.0741065264917569,92.58934735082431,BAIXO,3,0,0.0,0
c0fb282db21be9d455d969d6629ad5c6f4a43aa8f08026f929b19dbb65480329,0.08977672961289228,91.02232703871077,BAIXO,1,0,0.0,0
c1044deada7e7ec07df38669a006e99c53466dae90d38cfd29eaa53d8ca42963,0.08181870226648556,91.81812977335144,BAIXO,1,0,0.0,0
c137becbf8aeb57d1cb29eafa0506837ae986c18e10ba4ea5c0b83a88f2f3926,0.09403070325435894,90.59692967456411,BAIXO,1,0,0.0,0
c161079ecd008b08d0776da2a2dcc80ccafd225a2ca0b7219f71109612d7745c,0.01948883035187611,98.0511169648124,BAIXO,1,0,0.0,0
c164b58e486d5cfe9891e9916e97aba6ce9e38df582378da955e1feaae713254,0.0676545626438067,93.23454373561933,BAIXO,1,0,0.0,0
c16ae69bab6318bd497b3449b5b856ba8008827026e9fc4ebe6173b38243c9a4,0.13567958817470396,86.4320411825296,BAIXO,1,0,0.0,0
c182de4d37dfd433c3adb37b3bdd333eb79a407ecabd0697aa5f632564fd5cd7,0.003118962525304323,99.68810374746957,BAIXO,1,0,0.0,0
c1a1b41b91f0bb0de4033bbaccc26cd331820d5d69e8d30e321cf76aa8a992f0,0.03673635088224661,96.32636491177534,BAIXO,1,0,0.0,0
c1a594955309cecd71d9f1f7207d2469a01f554745f0fcad75141086d8218637,0.05636610022473157,94.36338997752685,BAIXO,1,0,0.0,0
c1a790cf3c5fbc87a4205cc160d2fc44e732ac90250eafaa8475ed2f978550f5,0.0970939948620413,90.29060051379587,BAIXO,1,0,0.0,0
c1a94228c7dc845040eae8f35dfcdebc5bb34cd0737579969a986067793ba484,0.04412780113135117,95.58721988686489,BAIXO,1,0,0.0,0
c1bdcd559bb7cfb5a4e14fbd044dc88ce59d10097a152cb53802ec81d05fce8d,0.014614785704722468,98.53852142952775,BAIXO,1,0,0.0,0
c1bf2a1c8645a0d9658d0dbebb41156453f3d3e634359cc4eaa47f9f2247832c,0.13722656425785437,86.27734357421456,BAIXO,1,0,0.0,0
c1cd2f183be83d13f486d386e85a85c2ba7e94212826f0b7154d2c726dac4c42,0.08476841062559429,91.52315893744057,BAIXO,2,0,0.0,0
c1ce267dfa6a3afdaea4163b72b3cd43600ebce2853b861420b824ea1211c115,0.9689459261586073,3.1054073841392693,ALTO,191,186,0.9738219895287958,1
c1d4ad6086a48af8a4e0d3b05228a9e953e01b8f8cb7427b25795144b89a51bb,0.0191042981021028,98.08957018978973,BAIXO,1,0,0.0,0
c1e7532407cd9b4bbc4c0649da8e281fa9ab64af846e9bf66617736f42355f18,0.08672630484695422,91.32736951530458,BAIXO,1,0,0.0,0
c201138f38f7c235f9457c2e4c81c63eae590b001cc8aff4da7a7422dc1d9e68,0.015326869017615609,98.46731309823844,BAIXO,1,0,0.0,0
c2257be1ce082ccd5a0427fc513c152679ecb44d81e15841c97f596bd8c6f5f1,0.052326911310921306,94.76730886890788,BAIXO,1,0,0.0,0
c27d332d269b7cd724c507eda57071baa8f3fa4561a9ace79f4ac2277c77bc47,0.36435663334112794,63.56433666588721,MEDIO,1,0,0.0,0
c285b0b12e948be9955d354e97600486d3785ac9f8c5a276e3746c6b7f8a2a48,0.04532253878012795,95.4677461219872,BAIXO,2,0,0.0,0
c288482196ec5303be4fa7a637acebf3f5d3d81018a4c3c59576e118a8bebe9d,0.2832247459714152,71.67752540285848,MEDIO,1,0,0.0,0
c2af45e9be8dc795ac16cb2f48cf0d9d45b58c38c0162d7165a72efef988a77d,0.010414372752343033,98.9585627247657,BAIXO,1,0,0.0,0
c2cd71c23abe18f219b7d69e7ae760a112727db130733e03846483a4fb7a8ed5,0.14087171513677854,85.91282848632214,BAIXO,1,0,0.0,0
c2d7fd2958a02a0ec7704111548aecc0e72978f68c738cf21c891223920af68d,0.005984827540754399,99.40151724592457,BAIXO,1,0,0.0,0
c2e06da127ce7732d3e6f83d10a2459bc14e34341f02cd801fd7d34b3122483c,0.004717997529022904,99.52820024709771,BAIXO,1,0,0.0,0
c2e1ea2fff79c2f5997eff6261c5b531fdd454a249c379b73572d1bc680c732e,0.14932143340501275,85.06785665949872,BAIXO,1,0,0.0,0
c2efc56ce7e190b2e3b34acc00d2ffb98defad7decfb722bedaf2e38b42d537a,0.03448314826773284,96.55168517322672,BAIXO,1,0,0.0,0
c320e29f0bcf0bfe770e7b99f7405fd3de5deb551aacd60dab1711bc970232bb,0.12864155517327028,87.13584448267298,BAIXO,1,0,0.0,0
c337edf127e14595b5505b95908e35efcef2c4425d0cc1c39efc754c88936374,0.06788198819628603,93.2118011803714,BAIXO,1,0,0.0,0
c33b691b4abe9ab52d63b19b3d10f7b737266e04bb38a4ef94b6d2cc05c7202f,0.05934848283688434,94.06515171631156,BAIXO,1,0,0.0,0
c3439a302c9fbbd14306230e9fe13ce18c9c19bf1cbf422f30915fc8823a5743,0.1173014398248593,88.26985601751407,BAIXO,2,0,0.0,0
c377a698bdb6c71a6c63f77e01472f895cfe337310d8c90ae811863cf95c85e8,0.07168818536849128,92.83118146315087,BAIXO,1,0,0.0,0
c37a88c9791101b15b1c72c0b27d0ef140e5c04c3bca00bf15a041b947399896,0.015513507327259654,98.44864926727404,BAIXO,1,0,0.0,0
c37f6b0f5931faf293c9eadff45a1d99e5c701ae6deff85e5973504ce431a3ac,0.03661131914220421,96.33886808577958,BAIXO,2,0,0.0,0
c37fac8946c3f4d6106edf12dfe5805ea138d75d511367c45d66849f4519d0e0,0.09286565837477566,90.71343416252243,BAIXO,3,0,0.0,0
c38eaa2f2b4a9d1869861847875f1b2543ec1c532c44871ecca26137ed2cd2fa,0.024617303914112362,97.53826960858876,BAIXO,1,0,0.0,0
c39110a3b1817c429565f5e8e68e39394d648a4f957e7dfdc5a8e4a9f5e3237e,0.004414268931089883,99.55857310689102,BAIXO,1,0,0.0,0
c3c888a9f16760174597e06d90e3d54697b0bda791e55d3d5a1419edd531b9ad,0.0075247885082397395,99.24752114917602,BAIXO,1,0,0.0,0
c3c9896b940d11791f04a4d1ddfbb7f292f16b976a8049ff3cfd7fc6e1a6dc50,0.014195028762622129,98.58049712373779,BAIXO,1,0,0.0,0
c3d6cbd457eb296542e4d323d2af55819dcb01f2f3007f2750496721b278f15a,0.0079419647291993,99.20580352708008,BAIXO,1,0,0.0,0
c3ebbb595617454a63d979a852287594ee5dc9f95ae5a53605490c91fec76192,0.35386590512749994,64.61340948725001,MEDIO,2,1,0.5,1
c3ec18c3bc2c16f900adabdef4253f485a6eb5dbf472ccdd2be920236fedf9ba,0.9704963667614506,2.950363323854943,ALTO,4,2,0.5,1
c3f022a6aef0b86047644d7c07bf8bf5ced797f8ef7a0cc19be0fbbb9a79ad2d,0.21756812137496037,78.24318786250396,MEDIO,1,0,0.0,0
c404e0b18c2d09f68a7d7a7eb9e48c89611fffabeafba602a92bc15af9efc85f,0.05316401894405293,94.6835981055947,BAIXO,1,0,0.0,0
c41b0268ef69a2e2c05858b1732c60efe82edf05c4b15bbd1ee0571464bd0ca3,0.05004843964550046,94.99515603544995,BAIXO,1,0,0.0,0
c433f6fc018538fc2da18b9bc749265c7289d33b75f2dba2d801e1babdc01577,0.020020871298526536,97.99791287014735,BAIXO,1,0,0.0,0
c453275b0f3cc5fffbef48cef4d81deafd7e58c53f2efcbb498a98b32c234ca4,0.12044844834445291,87.95515516555471,BAIXO,1,0,0.0,0
c46203c92f28212eb4b5412a60b49b0c2ac5288a958acd48e274fc403bf8dc54,0.0232489336140961,97.67510663859039,BAIXO,12,0,0.0,0
c465ded951cde5d9415e2acac11a9b8d85e69eed2b4db4e897344f525e6e40b7,0.029226733935797857,97.07732660642021,BAIXO,1,0,0.0,0
c4877cfd287ab216dec58d4545f9d24cb2ff8c371ba964d6f756c3200ca8851b,0.010610470753192047,98.9389529246808,BAIXO,1,0,0.0,0
c48c24fba7ed76339ae1d78d90960e965457348d5795bab7f73781fdd916b751,0.09240011174021551,90.75998882597844,BAIXO,1,0,0.0,0
c49cfb36932cf2aadda544b0df79270019c5508a294930f4da6ee7956f0d1897,0.019014050073943675,98.09859499260564,BAIXO,1,0,0.0,0
c49e86c046999c02473d8fb512e3d8cf4b2255577cb7ebf3d645ebd3fc66971c,0.49104569878301163,50.89543012169884,ALTO,1,0,0.0,0
c4b08a1ca311a297a60519b53eed63de0eac6ba9b900c645345ea489cc56aa22,0.019664691481054746,98.03353085189453,BAIXO,1,0,0.0,0
c4b40b436abd95a47e3e8364c85f2e903b137c66e62fc8ba678cb0bd1d4938af,0.3496735660133067,65.03264339866934,MEDIO,1,0,0.0,0
c4c8943643c55c7319484a1ecff1acf27e8294ee92651bbb367765b435e29190,0.019954687237835236,98.00453127621648,BAIXO,1,0,0.0,0
c4c8f0bcec0deed3f2ec21b528725cd3265cf137ddfee6aa4fa40e7c3058620b,0.029868017515423992,97.0131982484576,BAIXO,1,0,0.0,0
c4e501ae6180c2e588d8ec5aa61b6c9e273572908d33e27175c692fb77b07747,0.030836712681499834,96.91632873185002,BAIXO,1,0,0.0,0
c4f3e90ce1dbf999ba883421a50f40d36e16a4f587bd75b6c64afe6425faffe0,0.016173534313742015,98.3826465686258,BAIXO,1,0,0.0,0
c5144c8bf9e1c9a3dfb07b845731cd71b61da5a555b07dd4a999b64517920fed,0.027210636434902593,97.27893635650973,BAIXO,1,0,0.0,0
c5225d8c0d5973f5d2a1498ea8240ce69faf6c1262d0a7b9719dbe2b555b98f5,0.07933648627006067,92.06635137299394,BAIXO,1,0,0.0,0
c522b612d0d0871f00d64aa92d7dbcb0fe7f30c5673fbb22ef699c11e25a3046,0.06115173252001091,93.8848267479989,BAIXO,2,0,0.0,0
c540c98525bab0996f3d31bf00ff2a53d529681ba10b423c68e58f646f29a0e6,0.01657590740625574,98.34240925937443,BAIXO,1,0,0.0,0
c54e323bc4bb0a3330af42d3f47dd684918b18b2f3a1ba7a4b34d6018feb35b2,0.07961005070355166,92.03899492964483,BAIXO,1,0,0.0,0
c575d292f76c14d5cebebe13290ff282b40332e85329cf5e5a3f5d59dd9b86cf,0.05021566355066031,94.97843364493397,BAIXO,8,0,0.0,0
c5804d56c76bab582d0a44d83c60f971b44e6e8a06c5eb42aa581177ed5c263a,0.34720064679521206,65.2799353204788,MEDIO,1,0,0.0,0
c59708de0725bd1e516c704a2049f4484252da0fd3f0dfaeae95703d12344066,0.016684747788540663,98.33152522114594,BAIXO,1,0,0.0,0
c597d3bb1d2a0eb47d0c3d7dbe312a47e11c4c0f812218cf279a6c8cf380fdcc,0.09919412986935605,90.08058701306439,BAIXO,6,0,0.0,0
c5a24b77ddf4f4ffbb618356162c556f749e5e8c1c62aabd5f6314897e6ad018,0.2789941585350688,72.10058414649312,MEDIO,1,0,0.0,0
c5a48e1bac17633b2f54fe465d597297c7a6361d94cff1e7ec9f6db1da4e1830,0.08862756366826,91.13724363317401,BAIXO,4,0,0.0,0
c5c92059f4e7283c431d9eebabeac7ea92311226cb670b50de218e071edd27d4,0.29080898336609823,70.91910166339017,MEDIO,1,0,0.0,0
c5d1243a386e79dfed623d956d43a79778a624f09419215cf281b0fbb3a900aa,0.3088680719360097,69.11319280639903,MEDIO,1,0,0.0,0
c5d22f32cb381d27f73fb72c16f77d4fc45974ccc36c47c9050a7f5984d4fbdd,0.15603453964669273,84.39654603533073,MEDIO,1,0,0.0,0
c5f78a5f3115985504e5427558c1814341adb73e30cfa6f455318d043afe0230,0.012328444390730485,98.76715556092695,BAIXO,1,0,0.0,0
c5fbb6b55803b3f44b26b016df085ab2c95afdbbe86583979f25fff18929d8ef,0.19364736461503446,80.63526353849655,MEDIO,1,0,0.0,0
c62fb014a5fd5e7ffb179407c8f7d02410e13c7b5a9484b98b3f40888a4dfe40,0.07282971734909817,92.71702826509018,BAIXO,2,0,0.0,0
c6611076e7d31a079ceb262d088367464a22844a4233c586096c77304bd070db,0.13000644485986104,86.9993555140139,BAIXO,1,0,0.0,0
c66fa3c0f2296219f30acda181ae26c461e807c54b0ae098a48c647bec5cb5fc,0.1294795272965754,87.05204727034246,BAIXO,1,0,0.0,0
c6836111458f55d64b2806a9c1a9ec57b4e9a68e142041c60b2df419c2f3f34e,0.029314556004219464,97.06854439957804,BAIXO,1,0,0.0,0
c69216819e88e4b0494a36f4db0425ce69b0d330b376982514bbd3dfb389853a,0.04783207350995238,95.21679264900477,BAIXO,1,0,0.0,0
c6c0738b0f7d43680dd381193ac19d0d1c7cf709839db72a66c355d6cd663e57,0.07170344628720042,92.82965537127996,BAIXO,1,0,0.0,0
c6e2484c0cc0ec029e7b421ccae0d2a79cf93374e70a6d315ee91ef2adcffecd,0.9514053782436488,4.859462175635121,ALTO,1,1,1.0,1
c6ed9f988b1356dcbc498678e921d03bedb8fb4a9691d568f2361b91404102a2,0.0639191058530806,93.60808941469195,BAIXO,1,0,0.0,0
c6effd153056c3ca5cfa69c621aa161d91b5cc54eac9d42367f3b8db5c57abc3,0.04822630666549522,95.17736933345049,BAIXO,1,0,0.0,0
c6f58f96d236b64e3977b1b3e2fe61224775b1a59cde5a350e9588b5d6105c68,0.08749679955272899,91.2503200447271,BAIXO,1,0,0.0,0
c6f7c4e5bfe2f9726132c799a2ff5754878d032bc415e6e849f8b41c495d6f0c,0.005739536296494012,99.42604637035059,BAIXO,1,0,0.0,0
c713564d3fce11edda4400b6a06607cdf0abed4211c3823a76cfb01244d05265,0.21537378968340168,78.46262103165984,MEDIO,2,0,0.0,0
c718dc4d2a110e7ed2b72f708d20d5044204df6defc4b4d42d4c166898a9280e,0.021353419681806457,97.86465803181935,BAIXO,1,0,0.0,0
c71b22fbb2225b3337e45d5dc720a7bcf51fbd950312598e19e70858dd53c3c5,0.07569642250706121,92.43035774929388,BAIXO,3,0,0.0,0
c71e0fe00f726251404cd57d035a78a562de08684680a316db27ee72bbe2f20e,0.012325232083501347,98.76747679164987,BAIXO,1,0,0.0,0
c72777b07794c690618c244b732383a70028c1b39a94b446981f1ac9e59c7025,0.01696876567518907,98.30312343248109,BAIXO,1,0,0.0,0
c72dff3cf719ca6c98f9d85c0b32835807e3567dc40c73949d6c9d31cd1cc8af,0.07364150698858889,92.63584930114112,BAIXO,1,0,0.0,0
c740d1efdcaf45c6468df0f266e76eabfaad6d842b09ec9f3616ab8e380af20c,0.051525819150424486,94.84741808495755,BAIXO,1,0,0.0,0
c749c7a7a9ed0d9b9d13e50f0668d66ecee5df38aa213062926bb22dc9a03a86,0.24408981226763765,75.59101877323624,MEDIO,1,0,0.0,0
c7605b704fe08c546d4a22b28adec7c3bdcd5f1fe9746541920fdfd44f18c722,0.009038295167585968,99.09617048324141,BAIXO,1,0,0.0,0
c77828ea34760c39929a49a42657873a7a8f446212d2ae7c9d75cbf6fe865302,0.3138197521580185,68.61802478419816,MEDIO,1,1,1.0,1
c7ac0cd90c2f04f6cca7d9bacb98153848ddb144ceb982097ccfbfaaacae4906,0.027704734073477785,97.22952659265222,BAIXO,1,0,0.0,0
c7b39020c1513523310bbb49d9f08548c2c45abc2668cb0274c7b861b03c6179,0.018488613766568365,98.15113862334316,BAIXO,1,0,0.0,0
c7c2e5bbddf6123767b2ebda6c96bdfe4f81ab4aeff6c108d8e039cd9a2fc9d7,0.1738262446666553,82.61737553333447,MEDIO,1,0,0.0,0
c7d8ba2e56de6ddeaa62422be143714f53597527ff38995bd79d8c8371580dc6,0.05770350135619484,94.22964986438052,BAIXO,1,0,0.0,0
c7ddc7f1a4e7b15384517cf33e0e4f49826f2a8fc7ef1743edb597faa4e5e60c,0.4369014348375121,56.30985651624879,ALTO,1,0,0.0,0
c7eb32fec078d86721aa498d11e0c5520f421994210e602b16c2514974c5e7ba,0.0886929790102728,91.13070209897272,BAIXO,1,0,0.0,0
c7f955501f447fc5ad6b978b9592e639605e16dcdc26d327197a86906a5e7884,0.27281305380407855,72.71869461959216,MEDIO,3,0,0.0,0
c831ac3ba29a0b764980e2f711c3e3d02dea63410ebb6a1fcdc6e48303bcaa2c,0.05746366309595062,94.25363369040494,BAIXO,1,0,0.0,0
c83845d0808f14ff7c74d0bfd45a59b173c997f979ff8d7e1add5ae81db77c5f,0.042823916294279805,95.71760837057201,BAIXO,1,0,0.0,0
c852d7215399faa3aa7ecd8a784fb9f88a31fce6079115ac145cdb24d65bd4b3,0.07513830756842423,92.48616924315758,BAIXO,1,0,0.0,0
c87f33700f876af351b5dbe86a2a2ec5f97c03989f45ea9f25e61254e18d60b5,0.17079586714907077,82.92041328509292,MEDIO,1,0,0.0,0
c8929e290858206639af4c6e82885a8f7886715a11547f06335b8da59e62aac2,0.09257491911496102,90.74250808850391,BAIXO,1,0,0.0,0
c895cf1e998d431681a7505dc148f99ea16b385d0783220c1beaa86a80b3716e,0.0822038237451852,91.77961762548148,BAIXO,1,0,0.0,0
c8a6d12697960bf1660876ce9718dd54d6cbe7867853ef59c4f6a5d836f23cc8,0.05940155423492822,94.05984457650717,BAIXO,1,0,0.0,0
c8c9c92ac82e9a3a80e0c74c3416102df6fb9c177cd9c059b6d13676b599f73d,0.14382678223042317,85.6173217769577,BAIXO,1,0,0.0,0
c8d6bcd7731fde23158a515c411988bb676b38a746f08bd8bb3d922efc03d992,0.13219442284001504,86.7805577159985,BAIXO,1,0,0.0,0
c8daf5e6d695147406b76b125b9311eecafd2b660db5717643263001b761c810,0.01195527653869738,98.80447234613025,BAIXO,1,0,0.0,0
c8e437a96f5eb00f192c6385f89ddef61a3fa8b8dcef064ad259a094d996a7cc,0.007821304650609725,99.21786953493903,BAIXO,1,0,0.0,0
c906f87be7156abfb99cbc7c110e4dfcc057f5513d0bba72d22bbf6c6a35aa6d,0.6144271803674793,38.557281963252066,ALTO,1,0,0.0,0
c92ad7d77ee729301a3e16a8a5efedcdf042e650259a12c85d43711c40077b20,0.01278344119370735,98.72165588062927,BAIXO,1,0,0.0,0
c934af8b320c8af6be290fdb90879f36bee70f41a49fa14fbacbd42dc23f8b9b,0.05884847819495086,94.11515218050491,BAIXO,4,0,0.0,0
c937d4183b71489ef1ee47be9e09a5003ebdcad457052727dd02eeb8cc1d74ea,0.08195380138940167,91.80461986105983,BAIXO,1,0,0.0,0
c9473afc0e6eea1048014610f40be59414618074b8956fc81d6f4c3e038c2694,0.005545519121797794,99.44544808782022,BAIXO,1,0,0.0,0
c95816a56076ef7fcbd31f7dc74fdb48c579b10d8d10c59b40864a8f0912e5f3,0.04333092149365443,95.66690785063456,BAIXO,1,0,0.0,0
c967fa866009c5521ff7039941998dc74ac63d532830eab4d494bc4f83f40f24,0.01859142053194852,98.14085794680516,BAIXO,1,0,0.0,0
c971dfb91837efc48eb12abc7f80ec5aa4c098fc9c65619d9cd046d88cf0d7dc,0.04072219450888033,95.92778054911196,BAIXO,1,0,0.0,0
c977836527abb307eb67ddebfa9bc31d568c17215e36fab27eaa05fbb16d9ae0,0.006881674774426488,99.31183252255735,BAIXO,1,0,0.0,0
c98f2f4be4715e667e96ce4031046ab9ca6634f9c643542e3ea556c25b5c6b6c,0.09851144161539972,90.14885583846002,BAIXO,1,0,0.0,0
c993813bbe476279b08919d29d36ca0dced706276147fe33069cc637f9219a08,0.11984771381471904,88.0152286185281,BAIXO,1,0,0.0,0
c9a0a178bbb24344ab2c3a9d34ab3b4ecb3aa119965bdcda3371fa4dbf820970,0.7855767720162165,21.442322798378356,ALTO,2,2,1.0,1
c9d0bb14045e2546a60e6344258a5e98a2a600b97452c6364b53dcb16d76ffe1,0.05057991911284605,94.9420080887154,BAIXO,1,0,0.0,0
c9dc1a87050d61b4fd3ce04be47fa32a1b9bb3ad22abe08f5d82208288bd0b86,0.07122559228066215,92.87744077193378,BAIXO,1,0,0.0,0
c9e960d4b0eb57635219e97718abd71a835bc032c81c781d2d81891d2a642578,0.10131203096460999,89.868796903539,BAIXO,1,0,0.0,0
c9eef31efb7be3bd933f91a0fafe9b1b6780230cc3d5b7625f38ad54311fecca,0.019083721983862868,98.09162780161371,BAIXO,1,0,0.0,0
ca03fd0d1a400952f2f1d4babdd412df61624159124749e50167fee3961d48eb,0.039210009864072116,96.07899901359279,BAIXO,1,0,0.0,0
ca45f0d365acd4b51e9f51d81cb1cb577b4a4b21699d83c8f7025f11d4b955c5,0.9559885182441764,4.4011481755823585,ALTO,1,1,1.0,1
ca644d16312c5786b6796d2f6421e866af2e26f5ae806c797c0974e2150e41ae,0.21894737027013225,78.10526297298678,MEDIO,1,1,1.0,1
ca9157f1e6a91d352ba447efcff65fe6414ccde28398eb39af14e44fae427efb,0.05623573901359437,94.37642609864056,BAIXO,1,0,0.0,0
caa09567507152e2fb0f22dfc64f1b90b298254b771a01b177d561a7c5f0d5e0,0.09434308287642533,90.56569171235746,BAIXO,2,0,0.0,0
caa37aa079bbf7803925f135f8cb43da1c10a2a8faf791caca0e836b6ea9d8cd,0.036637339634330836,96.33626603656693,BAIXO,1,0,0.0,0
caa877db9e589fff9c2379a51e0a49d4a84ced61d176c8e03ffa834d66733115,0.013430828429658134,98.65691715703419,BAIXO,1,0,0.0,0
cadf3ca67b44d79e12248a518fa55c2482c2d3e7cd57f90273c7f2eae71dbfaa,0.04496730591121904,95.5032694088781,BAIXO,1,0,0.0,0
cb00691da6f99ec1b6fc5e65aca0a5b0af923be11c4a8a6ecae00e80a95809e9,0.08132679773025223,91.86732022697478,BAIXO,1,0,0.0,0
cb03d13565cf2438dd32382f28c7932d7f408d2796b9c562f4ffadb3a64e2602,0.03642015628691844,96.35798437130816,BAIXO,1,0,0.0,0
cb0b37ba2969ad65376df4a016482ab8c0b9e6639ed60ea5544d8fdada376591,0.06163112709130289,93.83688729086971,BAIXO,1,0,0.0,0
cb13e464ca80f403d6532d2482be01cb0726bfdc5f38207d385b5efae54aa11c,0.16719378587808487,83.28062141219151,MEDIO,5,0,0.0,0
cb194daaf18df8b5c54381d19154bd14f62c60d4aec02448af1fa4d3722dd49e,0.11271405853606953,88.72859414639305,BAIXO,1,0,0.0,0
cb1f73bf590c2708e7df03ec17d0f7321c0df11a4248b5f76a074a16252c5f23,0.20810950510186474,79.18904948981353,MEDIO,1,0,0.0,0
cb2390e2b73603ffaf27c6771866e9df417cbcb37ed27fb593a83aaead9d84f7,0.010643606140637703,98.93563938593623,BAIXO,3,0,0.0,0
cb25524201df92e4d7c03e82694f72dd607b083b162e303635c8cad2b0ff7a56,0.11337267187111365,88.66273281288863,BAIXO,1,0,0.0,0
cb586d4323efcab80f7596d1f96d7bdc3432f3b935e8ebcb87c359bb39ac724a,0.25382072479758344,74.61792752024165,MEDIO,1,0,0.0,0
cb5b1b81b69517f6b73ad41deb4ae62e794b41fbebcd81dce7c5a0279590163c,0.09010323973119456,90.98967602688055,BAIXO,1,0,0.0,0
cb741d0e73cbe4b4b38fc828a2de752ac92a714ea5a7140db506f0d81c1d0d2a,0.465047204522418,53.4952795477582,ALTO,1,0,0.0,0
cb8c7cc6d98e2a2cfb5a9266bed79eb22a52fb8543eecf891e8aaed78ae69626,0.06511552035124028,93.48844796487597,BAIXO,2,0,0.0,0
cb9a06524e21a43b893be3e78165b832aa33116823136187f8abecf25b8ab804,0.0268725121797658,97.31274878202342,BAIXO,1,0,0.0,0
cbbfe600d104d6e73b9907994c1f1ee4828b913884b15836390d5ebc92864a20,0.027601253377033844,97.23987466229661,BAIXO,1,0,0.0,0
cbce2f1db1a1ab6748c80f9a6d2aba8a106bf35a95b417c04100e8598d2c6220,0.018498730017158238,98.15012699828418,BAIXO,5,0,0.0,0
cbdcf90314ce60a57ff6f5d20cc5f6226f4b912e82cc1769d9ceb99203445df9,0.9357448093995195,6.425519060048046,ALTO,6,2,0.3333333333333333,1
cbe1d3d7615251ae9a833cfcdeb2bc896d8eb49047c28db96706648fafe19f11,0.1560258688489409,84.3974131151059,MEDIO,2,0,0.0,0
cc1ebf787be036f818bcf5aa66ae9a19a717efa9051382d392dffa0ce4a35647,0.0759172030075798,92.40827969924203,BAIXO,1,0,0.0,0
cc48c625b4a21e67067e7648f9db1e1d1fd7af4373dd0ce3cd1d3c0def998963,0.024198478941394826,97.58015210586052,BAIXO,2,0,0.0,0
cc56a28a963d83795d392adb72178a93924232200c1c4d271352c14ef20b6c28,0.11826871082936544,88.17312891706347,BAIXO,1,0,0.0,0
cc5ac81cb208d5684b54006a1a33a20164576ce2738058c77c6c35dab3d0afe5,0.02382353755604792,97.6176462443952,BAIXO,1,0,0.0,0
cc721c29363dd30a435944f18b6d21247ce135356ce7c1ec56a09215c6b68e04,0.07567762066183555,92.43223793381644,BAIXO,1,0,0.0,0
cc760f623447d7c9a5eee86c34d0de0a2a9ddd82386e81c89d394d3f66b1a918,0.05463610547162955,94.53638945283704,BAIXO,3,0,0.0,0
cc7cd45e6b8f2737276c52ace23bf05203b677609f53784730fd20884c84520b,0.17604883052135523,82.39511694786448,MEDIO,1,0,0.0,0
cc833cdc736aa169870b9a717892fb5e4bc251813b4dd9ffe6c176c5f9632967,0.19454932503319308,80.54506749668069,MEDIO,1,0,0.0,0
cc8d2ec7ab13abc6188b4d68c46a7bc0fe40205b73c00c3d4df32d6eb72d3de0,0.5999723364877838,40.00276635122162,ALTO,1,0,0.0,0
cc9953d743599f3eb6fcff785dff9eb3ef356be1e215d8c93044f8a4a2e308ba,0.01002924873178842,98.99707512682116,BAIXO,1,0,0.0,0
cccd172351e9fc70ca1e36417e8e52a117eb8bf832c39f6d3aac7c21564cf101,0.16392206242525195,83.60779375747481,MEDIO,12,0,0.0,0
ccebbe563c0920dbe804597608301179025e37b2fd37a1d6dab3996d48779e0f,0.9567980885661188,4.320191143388119,ALTO,2,1,0.5,1
ccecd891fa7927798f555cd632db2dd653174ca819bec1d2f6b342a07091c363,0.0307425645273998,96.92574354726003,BAIXO,1,0,0.0,0
cd16fa52d8ccbea15fab1cf079fdd4f07f970035f9a82dbec3eb212ec9a8d58e,0.06774858409055987,93.22514159094402,BAIXO,1,0,0.0,0
cd227674eebec0d3a9941f27a261b79323b395a3b0d400dff00f829cc0779c14,0.016993992858464806,98.30060071415352,BAIXO,1,0,0.0,0
cd359941ea85dfbdd6489c9a96541e532127365d1eb7675c3f4f380b8f871adc,0.02596560909871872,97.40343909012813,BAIXO,1,0,0.0,0
cd4162db522f3b320923e6088807e794d160bd47fc376d42074e16f0e2066a0f,0.014853102444801808,98.51468975551983,BAIXO,1,0,0.0,0
cd461a72083bdfb487f1797bf0b6edb2b2f03d785f0e91b754ea9a349c78db03,0.703384219920522,29.661578007947796,ALTO,7,1,0.14285714285714285,1
cd5a0611474c6d7d8901a7f0dfa6dca53a7dddf13429a0804512d5f5843703c3,0.009589002611620193,99.04109973883799,BAIXO,1,0,0.0,0
cd5a3fd483e1f5048b745bf1145cf9e2e6a495b7c39b0dfd08fcfbc575570dd4,0.06955908265007965,93.04409173499204,BAIXO,1,0,0.0,0
cd6af81ef4dbb466dcd9d3974014a0fc22bf5e931128e825f1cd05bdc7c4e1cd,0.12273614080188265,87.72638591981173,BAIXO,1,0,0.0,0
cd8a75f2e84e7e2484a01cc45d04b4070212a5f8ec520dc93981af21006cda26,0.012516440296229161,98.74835597037709,BAIXO,1,0,0.0,0
cdaff5a573a9ed5d183e9ec4d94ce90de2d2f45deb0fbaf30abaa978c8fb871e,0.918084431208236,8.191556879176398,ALTO,17,16,0.9411764705882353,1
cdb6884f2b93f9c26d237985b04a12f767032714852006f49ff551c5c3e42175,0.0263912570547986,97.36087429452014,BAIXO,1,0,0.0,0
cdba2080a8449bee5d7a385615db500727970acef59dd8d4adbf0c2a5c5cf446,0.08437913156550411,91.56208684344959,BAIXO,2,0,0.0,0
cdd91a47732c342bfab1358f6a216677f2a40254ad2831b10abdc3ca627942c7,0.08099276151142826,91.90072384885717,BAIXO,2,0,0.0,0
cde08a9ca6f9c3cec924a059f5813db54aedebbb51f35883dbf72043d5d3249d,0.0912415053709029,90.87584946290971,BAIXO,1,0,0.0,0
cdf8ded0264b800e8eb7e0e1d51a2c29b46a15319530b3ed076ee56bea1c117c,0.16341636710743865,83.65836328925613,MEDIO,1,0,0.0,0
ce030b0a526b6ecf9107ae732d74a0061397b0bfdf8d67980163916138700fd9,0.10596432250766188,89.40356774923382,BAIXO,2,0,0.0,0
ce2178e41d055b425ac501aa0ad009fcf8a6c3435db720be53f5d9eba9567752,0.1313507152290333,86.86492847709667,BAIXO,1,0,0.0,0
ce55536f715b76c83c264f5385ec02d73b08fc7767738ca19bc5ea4bcdffe549,0.6959673771936457,30.403262280635435,ALTO,2,1,0.5,1
ce57bedef46630ee1179ce8a2fc61c6547d04f596aa59b31d1e1099de8a6327d,0.22691319033000373,77.30868096699963,MEDIO,3,0,0.0,0
ce623d7ebefd51a2b2b12927ef46832f69f4df1e0d4e1b3eeb971dbcba572c52,0.22894433812881024,77.10556618711898,MEDIO,1,0,0.0,0
ce6ac28cccdc0d4c4b2ef5c79d8a137cbb18ec2c0630441c597688f24108a9cf,0.0414022915420877,95.85977084579123,BAIXO,1,0,0.0,0
ce904818472e142155b71c5be8e99f98c8f51e294155926bcbfed5090b9330bf,0.0457385430731609,95.4261456926839,BAIXO,1,0,0.0,0
ce96c84bd9877c554aa482ff1a3e0431674411b69030cd8c8407517dbb3b00f4,0.08110244178674932,91.88975582132507,BAIXO,2,0,0.0,0
ce9f7b4f508645ada117ec5f4d43633be19dbbb9fd665df99a9abfe9e9ee7f33,0.006272169884750444,99.37278301152496,BAIXO,1,0,0.0,0
ceba27fd27db90f830f1e37382d70ea0ccc7ac56d3c32608da7f5305b738d293,0.09295745732710647,90.70425426728936,BAIXO,1,0,0.0,0
cebb9ad0f977ee60ee6dba891ac4da38cd76e9493dc535a7d1411d28e800806b,0.7781435605478194,22.185643945218057,ALTO,105,25,0.23809523809523808,1
cebc7adb603721920fce9a561f0a33db0ba37c1549ecd4b22c1f6878c5ba7de7,0.01451674672952058,98.54832532704793,BAIXO,1,0,0.0,0
cecb64678266f5e1ff45adb4e85475218ceecb531b27df780b3982233bad22c7,0.03073725939379092,96.92627406062091,BAIXO,1,0,0.0,0
ced00a0b3d4703d59a43847ada7b04ee1a6f80f48bbba054a8fc8398681e3389,0.01666965663380255,98.33303433661975,BAIXO,1,0,0.0,0
cedef8508b41742d1d9e637417dfdd164d0e01003ef248aabdcf01fdadfa5f6e,0.017419752563119853,98.25802474368801,BAIXO,1,0,0.0,0
cefb641db195b043822610405f9cad4b219b1a40ae96e99b72704a2d6e71de11,0.20678780734530003,79.32121926547,MEDIO,2,0,0.0,0
cf03b2de4cfaa12e319bdb8224521b7ec4829834ad3c0d52c04cc4d7cd22b16f,0.37096764726434994,62.903235273565,MEDIO,3,0,0.0,0
cf0d1847f5ba31db489912cd924d6c616b77147e89653c725d3edd0ec7ce3277,0.34049183825647816,65.95081617435218,MEDIO,2,0,0.0,0
cf1bad310ed46de6fa6caacdb902da1b8868ae7e608815263ae71adbe72904ac,0.12054798317234114,87.94520168276588,BAIXO,13,0,0.0,0
cf3a178808312773d2d3b1846af1d43a8ad6d20ac5872c0822f0650b7d6930b1,0.016088445238351214,98.39115547616488,BAIXO,1,0,0.0,0
cf4b54ec893ed48082a7b8212c76d467e9c4c5f3a5011c638dbcf20467041f26,0.03404235704693732,96.59576429530627,BAIXO,1,0,0.0,0
cf6bbc34e1aea04d715db437fbb33153e2314f4a980934dddf5eb791ea7cfceb,0.2180362183830565,78.19637816169434,MEDIO,1,0,0.0,0
cf6ca23b452c14a8cca0fe95a78832595dd284f35abd66522290a32b2b2e6cf5,0.1520487494565133,84.79512505434867,MEDIO,4,0,0.0,0
cf7e4efbff0093109a37b3bdf9b9bde4409b2be6dd131f551e75f4bb8308fed6,0.025967439571164645,97.40325604288354,BAIXO,1,0,0.0,0
cf8fa9f6f4ef263ac410078a80827e8826d0c176fa0e3b19e045cd817fedc7da,0.07874471502493897,92.12552849750611,BAIXO,1,0,0.0,0
cf921ff88dd3841993de41afb7cd64824e2763d6f1e684c3f256abf6db1b3f53,0.016180011391602835,98.38199886083972,BAIXO,1,0,0.0,0
cf95452190451444c4a6cee3b6cbcbeaa6d14e0e640229f143cb31dcdb126c55,0.24172965791355078,75.82703420864492,MEDIO,1,0,0.0,0
cfabb3324ef60695cebe1a05f6c56e98ea6070cd57cbd9e2d76b06b501888a92,0.08936072973176716,91.0639270268233,BAIXO,1,0,0.0,0
cfd488cf8d5499ed1f54910b6b6fd20018fd4d611cffa3b8c3c0df084056f28d,0.9803423397183343,1.9657660281665712,ALTO,2,1,0.5,1
cfd4ef09a02151e808864ca23d89fccdf473ff4dfdab8b2d86c94b7f9135d439,0.07977843126445153,92.02215687355485,BAIXO,1,0,0.0,0
cfed0f0ce8cc7aa5b47d794f59481115d047e01805265980d2c862f32add8c38,0.050370078528640845,94.96299214713592,BAIXO,1,0,0.0,0
d00190636dab371fb377c2436c4a2f87ddc7ac076ff196f2b1f2308468cd2bef,0.7478233657569374,25.21766342430626,ALTO,1,1,1.0,1
d00b9e333a24795e0c994cb4dad4deb620b6dba678782401d1b0245cdfcadaa7,0.11118016233042848,88.88198376695715,BAIXO,1,0,0.0,0
d0256b95246e4981b9160048c679866fa29100d2224a45ab3b24d491cc225e2e,0.3520209810944027,64.79790189055973,MEDIO,1,1,1.0,1
d03f3b6fe8fdefe7a7b505d46ae2bd1a3bcb0479d67b4714c91f120e87d7a7bb,0.03528496915206552,96.47150308479345,BAIXO,1,0,0.0,0
d042e94c3a47dde48f9c1f174d938bd34d7752b338119deeefd84129b5ddc44f,0.24139244643337737,75.86075535666225,MEDIO,1,0,0.0,0
d08c9b674a271f39f52d6d89127e9389268c7713848b38948c0faecb81e6631a,0.1531519469519323,84.68480530480677,MEDIO,1,0,0.0,0
d0bd36ca0f7984458e322d819cc6661868fbd3923f651d3efb944a73a3dd9f95,0.1364668765811368,86.35331234188632,BAIXO,1,0,0.0,0
d0d85fad16d9007456c824ac5eb9b9c3f0060cc88d41506cab2af0a4f6167d16,0.14369820933689045,85.63017906631096,BAIXO,2,0,0.0,0
d0d90a09b17f3caecd3c49ce30f2346337a59ef619ba3e2e08f0efbc30e1411a,0.04513160741532169,95.48683925846782,BAIXO,1,0,0.0,0
d0e4ca112c6d8703dbb54a61913b60e838ca504df88f012b0f0744916cc48aaf,0.11448478434557487,88.55152156544251,BAIXO,1,0,0.0,0
d0f9eb0de97fa893d06227ca9c25e854c2a661bc058a881bd8274b9ace5e282e,0.15943350118839134,84.05664988116087,MEDIO,1,0,0.0,0
d129fa048bd7b3af20c96d9859ad76f28e7d6cd7dbef1e68f0d117fa4ae95a25,0.014751279088172042,98.52487209118279,BAIXO,1,0,0.0,0
d12c79ccbfc1c9acc215e39d80331a335bac4d956f09b2a1f8378995281ac81b,0.00428399817551315,99.57160018244868,BAIXO,1,0,0.0,0
d14e7d89347c3dd00292d7b2de95edfc1246d705b13a4936e312eb20300cb85a,0.014602449457552149,98.53975505424478,BAIXO,1,0,0.0,0
d1690c733b18f1f70c0593dcd5f05adf9379a28a7ca6a05bf6e720a91f33a158,0.036032132072022105,96.3967867927978,BAIXO,1,0,0.0,0
d17419d46439e43e79f2c37a5d11a4240b8d176f1520dc3fdab94b505e445424,0.16062808105972504,83.93719189402749,MEDIO,1,0,0.0,0
d17ba9491772ec55e5e2ed0bc03e514312d3eea17f82549c7e082d0cca73088e,0.07224800853747769,92.77519914625223,BAIXO,1,0,0.0,0
d17ffcbeed88a720e7e8f1fa7cbdaafd8902881c2d4ceb9c66caae4c13584bdc,0.0939501932451754,90.60498067548247,BAIXO,1,0,0.0,0
d1891882176d6dadf58ad01a5ee387e5eca1ed79a401d51624344f8418700489,0.01137688426871093,98.8623115731289,BAIXO,1,0,0.0,0
d1a58ae2d9f6c9a59ea2e5614ab611f16b4a80396523bfbb525fe400b17d3d03,0.22640036532352312,77.35996346764769,MEDIO,1,0,0.0,0
d1a60ec58240a6cb08dd5bc2c01bbc40d8636396f41ea98cbdf11688c4cbfebe,0.03789718518355917,96.21028148164407,BAIXO,2,0,0.0,0
d1b79fbe614b3f9e9a321e8b9b4339d726157f08c02822414aa599a9b6b2f6d1,0.8656637022332808,13.433629776671918,ALTO,4,1,0.25,1
d1ca1ad56892ad3eebc00b4222c6977ac0afb2d112f15c59af850dd1f83db41b,0.0493891331854933,95.06108668145067,BAIXO,1,0,0.0,0
d1ff1e72c311707904aacceb9fd198d90bb1767074f865fc5e03fd81299053cd,0.0038404635315508143,99.61595364684493,BAIXO,2,0,0.0,0
d206cd434d5224fb1b6d3628532d5734e2f7103895ab7ca0264589f04db849a9,0.0345324343809281,96.54675656190719,BAIXO,1,0,0.0,0
d2124cdc64ac6f0d16023c469a94a5c3cb4d193f5d2086875487fd8c4ace2b25,0.029462919865421076,97.05370801345789,BAIXO,1,0,0.0,0
d2241567dc8cdc34376be6e0d768e838e433e15f7b0e21e96cd51130d3e7fa75,0.055156833712492755,94.48431662875072,BAIXO,1,0,0.0,0
d271e5da5eb7d4ec7f76f2b6c5b417d3439a0bed080b3d93d90867c858291e66,0.09722260248771612,90.2777397512284,BAIXO,1,0,0.0,0
d27c57c1ea7f7e25baccf0194768c774a1e47ca27b644eff1f11262139b363d0,0.11801698898663472,88.19830110133653,BAIXO,1,0,0.0,0
d280866a002c7f91375d621211801b440b206830acf1afa5ce3e636bda579234,0.02220443133128863,97.77955686687115,BAIXO,1,0,0.0,0
d2833d282d475295e492b9f14af1663346bba5057d8dd0e103a5edb380e07844,0.07749638944615708,92.25036105538429,BAIXO,2,0,0.0,0
d28bb60804308befdd488c42f4504b8509ede4839a5e1a8c4327815b0623939d,0.011995188533401858,98.80048114665982,BAIXO,1,0,0.0,0
d2c357702f0840761b397d81efddfd1bd8f2765122635d85aadc11a8991aa5f8,0.36874327465858936,63.12567253414107,MEDIO,1,0,0.0,0
d2c8e4869bc689d4588ec2cb9daccb39ac77a2b7fdfd82236b699c7b4bb0416a,0.017936771458375037,98.2063228541625,BAIXO,1,0,0.0,0
d2dffbdaddb776dce505a99f0dd5664ba95eac33a5d3e9a2c004cd0f298b7698,0.3437778240477957,65.62221759522042,MEDIO,1,0,0.0,0
d2e918b03bc856d8467d3ca4a804a0e6e5db3f425d47e01365b1e5364e79b22e,0.03259339341414054,96.74066065858594,BAIXO,1,0,0.0,0
d303204435e9c20e951eca50e1d258db813f1805239e83f6dabfeb51b3308a8b,0.013769416923461154,98.62305830765389,BAIXO,1,0,0.0,0
d32cbd2a87b48555c103a4b065285658dd3f449b400b530ff1d78cfd9d45a376,0.020004853318035042,97.9995146681965,BAIXO,1,0,0.0,0
d3302539332d545bab5a4ccd87953619f5e0d1d2712b4184d9c1e30760ff8679,0.021977818061167255,97.80221819388328,BAIXO,1,0,0.0,0
d3492b07cc11232a61ec87dc7da1cdffe368051c173b45ab7e9fe9c03adc7da5,0.07019501057388218,92.98049894261177,BAIXO,1,0,0.0,0
d373fbd45f728abcbb18bc3c7034d67dcd749a0c6ad2e65ae18f7409265d0353,0.034036739987979306,96.59632600120207,BAIXO,1,0,0.0,0
d37e5612a6856ea3f3b746f3a6a3834c364ee68f2c0e6cac29560849d2924110,0.005028520113241441,99.49714798867586,BAIXO,1,0,0.0,0
d38112f6f13a10698f4bd7362d723fa348f72498e03df1be3b83900b6cd93c5d,0.03661338150975976,96.33866184902402,BAIXO,4,0,0.0,0
d3948383f56dcbd573500c20636ddd8bb41e5f8580704a408fcc5bd22b463fc7,0.008034827614142228,99.19651723858578,BAIXO,1,0,0.0,0
d3a1c511a7a218e4f99117dde80e72dc440a938065d86d2ef96c30e0180e1374,0.1301164565246654,86.98835434753346,BAIXO,1,0,0.0,0
d3b5313b73714b4474e31dc4e1d8e65f6b152837dba0238895c759afa7a8c422,0.019754820982078973,98.02451790179211,BAIXO,1,0,0.0,0
d3c1ba38a008fa55f006395c8ed151094d5b88c6b080cfe1dc5d5da9d55888cc,0.09142141193981648,90.85785880601836,BAIXO,1,0,0.0,0
d3d77a88cb3c61e4de87a494adef35b6fa328e2ea62e17e1b1c1ec61df1c2222,0.11767563984827385,88.23243601517261,BAIXO,1,0,0.0,0
d3e8f9d18d7a7014eac82a53bc0b8d8c8900c747765f31ebcd93b6d6e2ca1bf8,0.11199839939351863,88.80016006064814,BAIXO,1,0,0.0,0
d3f5bbb087b5ac9d0f223c6b04af0d45ddf3cbbd8b60b95499a2f9017853d5cf,0.07416230348460254,92.58376965153975,BAIXO,1,0,0.0,0
d405ac517f9007511acc616cc8178a562984de50afc23f73d149b7f9f3925dad,0.031659119697083515,96.83408803029165,BAIXO,1,0,0.0,0
d41642384f9d4361d392f244fb1ee4c00c0921435133a631b9fad5ebdc1f080e,0.08202081982022243,91.79791801797775,BAIXO,1,0,0.0,0
d41b028d8abde0d083b29cb158041cc65a457ff18bdb124b8f7279c2069a9ed3,0.13583273460438577,86.41672653956142,BAIXO,1,0,0.0,0
d41bc5f62cb06790a0d729c55f117dfbc7628df364e8599c02a5fc2582644b7c,0.10886530244212941,89.11346975578705,BAIXO,1,0,0.0,0
d420c379e08fe2e684b021ff88b8e59fa5d2bc677ac32533f6b76032631e5c02,0.05140096214395613,94.85990378560439,BAIXO,6,0,0.0,0
d430cef4135a36a7e4c5a12eabf179d15eca6ceac1ea85eed6a1291ad82fa89c,0.9820318360388205,1.7968163961179506,ALTO,1,1,1.0,1
d446fe569eff685af103233067dfd9bfcf2a317e427d9b89d537f75e2bea3ba9,0.030229060773830908,96.9770939226169,BAIXO,1,0,0.0,0
d44d8b75c823252ef2e1b0373d8f290b6fef03d5142f2f19ed4d87ac6dccae56,0.5121167644620327,48.78832355379673,ALTO,2,0,0.0,0
d461a8dae7247e741888c8ae6be616a841bfc60463d8fa1c1db7080153c3b5e9,0.03950461981920227,96.04953801807977,BAIXO,1,0,0.0,0
d4676885d15a89c427cd0f9cddfaa416e06b3d0345dd969921fec91616500d83,0.11669194599937682,88.33080540006232,BAIXO,1,0,0.0,0
d47374dff57f020161a227b0cf99d40926542eb833447b41b7a81d5bfb72cc6b,0.14772130077893106,85.22786992210689,BAIXO,2,0,0.0,0
d479833088906cc8d470e601244842f908462c2a70dc2e6f9b23fd1d6eb6e623,0.17339299130089114,82.66070086991088,MEDIO,1,0,0.0,0
d490c2c39e16cca48179e128a2397ba69a72c3537484627d75fdde7c7c8184ef,0.06716614792257943,93.28338520774206,BAIXO,1,0,0.0,0
d49325b7e915c4ec65f5e4f91e58b77f5bf89c95f164c6e341f510f1b289e9c4,0.05069505932328113,94.93049406767189,BAIXO,2,0,0.0,0
d4973697a3e82e03c0bcd4229dc3e5b9fe9f3406a001fb4e928f7115191596e8,0.01068799734921141,98.93120026507886,BAIXO,2,0,0.0,0
d4a965404fc5ef9670f23aa2cac95f03843617bb9df702f70cf0bde82308463a,0.08572327300087101,91.4276726999129,BAIXO,1,0,0.0,0
d4bc85b904b70a8aa1434a33b2a3ef96eaa3af97bb4307e92446f87ec86481dc,0.0516525464430875,94.83474535569125,BAIXO,1,0,0.0,0
d4be91d3c3363d63443a22801f936dec3d98349af90141f675b52a678423e6e1,0.034661446199185444,96.53385538008146,BAIXO,1,0,0.0,0
d4cb6ca6da32958a6f4cf0b183c758cfdd7966363ef15a03f3f0e613cf80a635,0.12704758185117193,87.2952418148828,BAIXO,1,0,0.0,0
d4f50588d7d42c43c61c99df51cd39c2882a1bee5a2b2130682abd53c8fcf4a2,0.038749444463721416,96.12505555362786,BAIXO,1,0,0.0,0
d4f92b40bacc2e399fa7e0f56f3c6865bfb3359a510d817da586d98afdd34988,0.144845677628426,85.5154322371574,BAIXO,1,0,0.0,0
d510a11aca53d82f6fb9bf563f7686616b69dccf23613f8dcefd2df7a11d413c,0.0021276581134191917,99.78723418865808,BAIXO,2,0,0.0,0
d5136f7c01b63e1c1be20aa8da417704cc17760b23acdb15dfc122b58bc5ae31,0.1737335328615982,82.62664671384017,MEDIO,2,0,0.0,0
d519648620869a6d08310a1301bab71ae2e6aa7e369afb2b33ebe19abf8f9d1e,0.008302095897141985,99.1697904102858,BAIXO,1,0,0.0,0
d55dc8484452e6dee41cb5c062aac546322d38cb1d3b9b1331db097946888f5b,0.036742737551302154,96.32572624486978,BAIXO,8,0,0.0,0
d56206e19f743b9a910b928e41ce98df2cfc36ce17082a951e9539c8b971c5d8,0.14500951706813206,85.4990482931868,BAIXO,1,0,0.0,0
d56c5e91db40dc0178e225189733eaae16854391db0989058ba2d4e9f5525eab,0.30081138997219287,69.9188610027807,MEDIO,1,1,1.0,1
d574b57ff6e27b49a317a7048fab0e55d23d251a3f0e418654881582086ae404,0.8318769527846629,16.81230472153371,ALTO,2,1,0.5,1
d5800019db043379acfadc8fd627d7ffd0c24ec03494b3a5af6f0e257cac0ab9,0.046965301697082136,95.30346983029179,BAIXO,1,0,0.0,0
d5841f537c14b31baea9e905df2377e873d81a5f12f4769dad7ab6e6856a0a72,0.8709894370710504,12.901056292894964,ALTO,1,1,1.0,1
d585ca854b392292f7dc30b5a0855da1b1102130425668c0cefcb81e13dbddd3,0.020267898393922287,97.97321016060778,BAIXO,1,0,0.0,0
d599d595622cb3f6a76b9401f80d5791cf65163560220ac05031b787e6bc5131,0.10065113035056675,89.93488696494333,BAIXO,1,0,0.0,0
d59b8285a74335ff742c5003739db0f2307f77fde7074fa50b7fdca936abceae,0.05166890423064433,94.83310957693557,BAIXO,6,0,0.0,0
d5be12a774ddf1782b9cfa817b6e057c5393ba1901514b788f1e5581f7452b40,0.1389697385382568,86.10302614617432,BAIXO,1,0,0.0,0
d5d945371d5f71d537fea80a753e2b1375a3b8d5e0550cb532cdb1e92e582dc8,0.16920030812918047,83.07996918708196,MEDIO,1,0,0.0,0
d62130bb346115bbaad8f9e76281b75e77dc0c70af55a5c726d65d67a7135518,0.045472786678649776,95.45272133213503,BAIXO,1,0,0.0,0
d625c9c263d2ee24fc074504d865dcd05780f2ce474c8344b7696b3879698db6,0.06029011613402165,93.97098838659784,BAIXO,1,0,0.0,0
d62cc0046409359178c69beb31a340dbb9384bd536aae51d9562d56900f7c8aa,0.010623007728673636,98.93769922713264,BAIXO,1,0,0.0,0
d65b9d518899cd0ea6c899987c2d4794c5a53a737c604b6920249dca01e0004f,0.023230889837934754,97.67691101620653,BAIXO,1,0,0.0,0
d67d72642bc33dd61f22251423f4fa102e1337c6d775d339877aa813b4b36540,0.0636100409881382,93.63899590118618,BAIXO,1,0,0.0,0
d690a36ad297a7392cb97b8993c12c0890ab001f9f1cf6a50ffcc19e575ed1ce,0.12878526740835008,87.121473259165,BAIXO,1,0,0.0,0
d6b5109650251bf120da89b6f167ede78dc91d7ee076247bca78ec40280127be,0.0047303447797080915,99.52696552202919,BAIXO,1,0,0.0,0
d6b51b59222f3492df379f107fde24f3c656415fc7696b765cb71b024be7b389,0.05503362228164524,94.49663777183548,BAIXO,2,0,0.0,0
d6baabdce224d7faa41823c342b73dbbec43076e39249daf266a7c81aad8c34f,0.06626544765138107,93.3734552348619,BAIXO,1,0,0.0,0
d6befd4587aea9e8b8f65f0141b887c1f724737705fd4bec8d1c8110e06944cb,0.07652353991032831,92.34764600896716,BAIXO,1,0,0.0,0
d6eacdf2ef679d55c507fc9e9408f08a3cb21c0645068a39826aeac4c77c1c6b,0.11860523430560967,88.13947656943904,BAIXO,1,0,0.0,0
d6f43e0405d77f9c05a8efc025ed6e2acb1bf71167154a18338618edecd5a4e9,0.038986031251543936,96.1013968748456,BAIXO,3,0,0.0,0
d6f88bad89b07e414fd4686a9bdc66f35532302a30be4dd194b11b1325e8ed71,0.05754467224468103,94.2455327755319,BAIXO,1,0,0.0,0
d714eaa52411c389e2bbe136b2178c44dd794fdf2c2bfc8f83844207ccae1ed5,0.05374907814712285,94.62509218528771,BAIXO,1,0,0.0,0
d71f817119b5a721c940013320ce66afbb94fcc7db02e587baf26e066312925f,0.21004723756835195,78.9952762431648,MEDIO,1,0,0.0,0
d73f13d7ee2dd5fc2a8d1d2334bc28a1115c56d810e92e3a8af845f1e7c9dd46,0.006336457679680107,99.366354232032,BAIXO,1,0,0.0,0
d756180faf501401f5eedd1a6d3fd109673022aa113cc7899ad8fee9986a9748,0.03013378474487741,96.98662152551226,BAIXO,1,0,0.0,0
d75ebb8c91b5515a7c87778c60c3a8399e5d510cf920a3c41f21c4d56f5faae1,0.10325584641607412,89.6744153583926,BAIXO,1,0,0.0,0
d77f52dfd94cb5efc58ae91c98c36919ffc13d01d14ff90394b353ed6184fcfd,0.13716451275698502,86.2835487243015,BAIXO,3,0,0.0,0
d7861aaccb2b46f2df6a76d52ff1fdfacca7d9f8d3982ec3b56fb97290031c0b,0.1012376682640003,89.87623317359997,BAIXO,1,0,0.0,0
d795007f38b5f8105f073e857ba69cd0e65ea136fef4d757bcd5050c7b87a354,0.016683604927915215,98.33163950720848,BAIXO,1,0,0.0,0
d799e6f5675c1b1ee5b8f5caf48df441942e2f537ca7809de76710ef7ddaaea5,0.01861802136855082,98.13819786314491,BAIXO,1,0,0.0,0
d7ce092f7884afee1e811467a8c1dd22c95756c71d7aaf317e5fd51c1fa23a96,0.22275760257037172,77.72423974296284,MEDIO,1,0,0.0,0
d7e29d08d32494a0e3cd9d123c00d55e222d677a116a4f873418e73b82b98b0c,0.03291906267899117,96.70809373210089,BAIXO,1,0,0.0,0
d7eed0b3b94c305368842242e0f7f07d93c97de018a5f216a094dbe1b03f3449,0.06493226564583306,93.50677343541669,BAIXO,1,0,0.0,0
d7f8cce75f5cdd649c20a74cf799cd44505aa88f919ef5df64a82970faa13fcf,0.024249524416849695,97.57504755831503,BAIXO,1,0,0.0,0
d82008887bc679169776b9aae9ae00a249e27b8b593b7cf1b9f0d7349c96f582,0.15129796182551036,84.87020381744897,MEDIO,1,0,0.0,0
d824dd59c3d6b80c26566fc7d96ff4c93b34b05c20ba4843a54a358c4201affc,0.04361047152720646,95.63895284727936,BAIXO,1,0,0.0,0
d84991dcfdadd221c12e53c43cad20d053b052f426f74ddd64a1e85624aba0e8,0.800449196095665,19.9550803904335,ALTO,1,1,1.0,1
d85d845f669dba1db05843c588d20cc623414e9724646106b5b68de339227408,0.04499611186114301,95.50038881388569,BAIXO,1,0,0.0,0
d8662ee62c42890267a3edb255907f8431148a5758e75bffc69d62eb0c6eb680,0.047925088138094006,95.2074911861906,BAIXO,2,0,0.0,0
d86726326b06e5c230796cdcde6c0be6db1abb62b72ccda531edb90539079a48,0.111318097767881,88.8681902232119,BAIXO,1,0,0.0,0
d875873e9768ff7045b04fed8c7759653c1d2ef0709709cf009151bb35a46108,0.06961955200781096,93.0380447992189,BAIXO,1,0,0.0,0
d87e69138920cf0e8bf4c73cc4d02c9689f3e2bedccb70cfbd6c4ca5c9c06fa4,0.012655780057837062,98.73442199421629,BAIXO,2,0,0.0,0
d88bb220e04720310a0333d449fa2fcc8eb010af1cd0f102bb002909a7499005,0.00520285830486331,99.47971416951367,BAIXO,3,0,0.0,0
d8a0354f7df2ee3d17784a894630cf8d234b09e4ec6ab803a80a3a8474b65c06,0.1180475427952868,88.19524572047132,BAIXO,16,0,0.0,0
d8a2ed7b256196578e91e2988b4ebb2134dc6c250cdded56d68fb4b6f94fb22d,0.07805386819728921,92.19461318027108,BAIXO,1,0,0.0,0
d8b66706c33bb32e0f7152c039a0e3aa44a286983c7f37eecc0554aaff5bb826,0.005396834216084073,99.4603165783916,BAIXO,2,0,0.0,0
d8bac708d406db705c2feb5d26a8116587ec1749fb50863ede3a47b1fca94599,0.0415890569790909,95.84109430209091,BAIXO,1,0,0.0,0
d8dfbae478f4e3287019ff49de5474ccc0143295336626fd1a6e5d4bd0846136,0.012611082891319797,98.73889171086802,BAIXO,1,0,0.0,0
d8fa635e99487e05d88fb59e0a2032b20da7f08026b253be6741e5b7162287dd,0.03579954024422986,96.42004597557701,BAIXO,4,0,0.0,0
d8fab739d22db3248b3125ce6ff18acfec49002220fbd97192a588c9e05ab388,0.08993948939034903,91.00605106096509,BAIXO,1,0,0.0,0
d8fd8cf9a03d16b92a642595fa09d93ee9df529784916fb34e0ab69f4f7ad62c,0.026960943661763544,97.30390563382365,BAIXO,1,0,0.0,0
d906ecd3e8e689e97357b4ebb1fb6f6fc15b083605ad7abca2cbbbc7b2e25c03,0.20161351688574236,79.83864831142576,MEDIO,1,0,0.0,0
d907456faf37daad7ab9dfc88a67bc8504d9f78a13cc57f2d725c5027c31e6d3,0.008462872444132545,99.15371275558674,BAIXO,1,0,0.0,0
d907685f695a0846fd8937b49adf84deec7eef812ee5f1d16570f64cdd2f59ce,0.07327162319001487,92.67283768099851,BAIXO,1,0,0.0,0
d924ea094912d19935a456c0e2c069b291592be10f4fd22e5c791325d401219e,0.13317537289628845,86.68246271037115,BAIXO,1,0,0.0,0
d934773101ca2a606d8aa1ab9dca47c6e3b6fdb0050c9ec03f92bdf90ae3eeb2,0.013092497405605601,98.69075025943944,BAIXO,1,0,0.0,0
d9585ad4116cad01b25f8e851f13c892bd06112f2b0e7bfaa2e863757b9a6445,0.23800141432277633,76.19985856772237,MEDIO,2,0,0.0,0
d9d36f0e7215498ee57f1af077be5e6a25b184a4c15f51d8a36bfb9b0798a927,0.06459422050904805,93.5405779490952,BAIXO,1,0,0.0,0
d9e63d396ef371e3fe89fbaa42d5273d2266ef180676e5ff0fdb8dac4da1b1ff,0.5686625479244553,43.133745207554476,ALTO,2,0,0.0,0
d9efd1186c68bad0eb0afa096a90fe828ef994711f37eb91fdf6e0795de5edd8,0.05067695299436718,94.9323047005633,BAIXO,1,0,0.0,0
d9f422775e4438d0e26e3014977acdc17ba7dfb02ff804bfb6484a45137d7048,0.01447699670472522,98.55230032952747,BAIXO,1,0,0.0,0
d9f5c84051ceda04be1570f5dbdee03236a6208654ec94f2072c327a9fbb4e55,0.05329116806875358,94.67088319312464,BAIXO,1,0,0.0,0
d9fb69d51706e3343c92db63cefd21afe801cb89dbacdb1f757a3672b5e4ce22,0.03605235363577082,96.39476463642292,BAIXO,2,0,0.0,0
da29656683431c24805cb048518eef4399a1498e0123b8d7c9b4ff9d13a84c52,0.018053006918850676,98.19469930811493,BAIXO,1,0,0.0,0
da50495881379528d7638f15f990fb01546d1b16c2c3bdfde795eb2fe6ffb0cc,0.002616704603833017,99.7383295396167,BAIXO,1,0,0.0,0
da5224de9f9c9cbc9fb3dc9376e9229f52c15181744563ccccab7d7e50e82eee,0.020701400709037514,97.92985992909625,BAIXO,1,0,0.0,0
da5f8820f01631b4903c95302d8386ea175f10648c60552b8a628bf68d89f380,0.0286210517997315,97.13789482002684,BAIXO,1,0,0.0,0
da7d6a3a11b106b980d8a7cdb22528d867a7eceb9d6cae4eae3b6b477625619b,0.020481294301469877,97.95187056985301,BAIXO,3,0,0.0,0
da83171d2cc0da627bf66ddb73873a2ee4e5274ecb9b73376317e594af34391e,0.031310803996043364,96.86891960039567,BAIXO,1,0,0.0,0
da8b4c01a3b32c9bc90c4fc814e23ce18d2de5dc1ee3a9b66af01526d996b506,0.0168686364769512,98.31313635230488,BAIXO,1,0,0.0,0
da99df2c9e5676f9c61c92ba9600f826d6ed0fcdf5d0fc62335dbe6f53a64f49,0.12546297935198408,87.45370206480159,BAIXO,6,0,0.0,0
dac1f2885aa99c0692f1d501b52d7fb98e16babe2a4de03a2c0d759cda362ffc,0.012349988818199098,98.7650011181801,BAIXO,1,0,0.0,0
dac7a73d35920d79528f1a2ba2e42c352eebdbefd46fc7e119784dbf5b9eb0e4,0.12540044723324031,87.45995527667597,BAIXO,5,0,0.0,0
dacdae60db84c43ed760f932a5a32f339a43444fd574ebd28aa62fb5478ee8d4,0.1432361703776122,85.67638296223879,BAIXO,1,0,0.0,0
dad7ff71077db2f1764f2595229e65b9d7579ac98ec20c0e49cb851628485ed6,0.13574969701715603,86.4250302982844,BAIXO,1,0,0.0,0
db1bfea643c0f2bcbb860a7414573c8715fc19f966568b5f075bc0acd87b181b,0.014622406702533518,98.53775932974665,BAIXO,1,0,0.0,0
db30b039290cb777e8d5d90823d5309edcc02182f10fc0d40426f2cfeaf85bb8,0.037231191403332656,96.27688085966673,BAIXO,1,0,0.0,0
db32912063d9b1821c227f5db6002b3cad112add69a3c0a590e484c608c4637b,0.08432170068740083,91.56782993125991,BAIXO,5,0,0.0,0
db3ad25a49b13b754fca927f4ef7c7ab8075092524a5161e1557f3337541078c,0.5449590869385859,45.50409130614141,ALTO,1,0,0.0,0
db3c13c287ec286feab02011e2e3c3b5591c1b310a834b56b406d8aa1f64e76b,0.050051615729729236,94.99483842702708,BAIXO,1,0,0.0,0
db4d741fede2c0af50aa1182ca994c9cd156fafb0d307cfb36d005c123cf44fe,0.08871839552517503,91.1281604474825,BAIXO,1,0,0.0,0
db74142bbb357f7fb7bd82c4dc3481b598a62d13d50d5e50fe87fbe5ddb280d7,0.036224835000458665,96.37751649995413,BAIXO,1,0,0.0,0
db74df316b0298c33ed84e3798649eda767802672cf3a0af76f6f4b14f3dff55,0.04358894064258421,95.64110593574158,BAIXO,1,0,0.0,0
db81f5792ec824d8bc430118ed6331840c25c75647ce267f85dae7c1871acd49,0.18960614982352608,81.03938501764739,MEDIO,1,0,0.0,0
db82119e989fbd131f8eb92cb2c34176e0710fafc3e9b6d4de1f7f986eb17142,0.00772318054364582,99.22768194563541,BAIXO,1,0,0.0,0
db8c5dc48c47d5ecae33324ee886afa21de700c19d815438b853da6867103000,0.16487281970552112,83.51271802944788,MEDIO,2,0,0.0,0
db8e624552dd3d994125a378cc9259453be09ce1ec270993055f44ac4d06ec7c,0.10561109568258767,89.43889043174124,BAIXO,1,0,0.0,0
dbf8b0cd10c4df35b20d9e593cfde3700612daf5006fabb7390b01dfafbc9521,0.10428787409731893,89.5712125902681,BAIXO,9,0,0.0,0
dbfc499d0f0f234b7b03def99a046f75b1bff228a77f8d3b70120495300a9e20,0.06752812458773097,93.24718754122691,BAIXO,1,0,0.0,0
dbfd8535aebe826f1baa2d018ed8cce40d88e141db595d9b5f9cd645a788aff4,0.09469703370642504,90.5302966293575,BAIXO,1,0,0.0,0
dc00c3b8c49760e564212a935d51cd6e1e78d480ae4fc57c870793851aa5b095,0.18462697689835741,81.53730231016426,MEDIO,1,0,0.0,0
dc252024832808c683f5ca81b02553496675b0d822fb29757229f8badc1caedc,0.03623649224528895,96.37635077547111,BAIXO,3,0,0.0,0
dc33c40bfb3564e7e0bedd20b23df9f8913a650b02d99b2f4c443afd6a8115b0,0.06704957540006108,93.2950424599939,BAIXO,1,0,0.0,0
dc4692b6f4e7d013efb42cdee588d1fb30095d7ba1083bcb4da084619a0731ab,0.13060896548213488,86.93910345178651,BAIXO,1,0,0.0,0
dc4ca9bc05b9631e33384db7f3b6202af2476b5012be74a7bae77af9c0e2e7fd,0.09441657633119206,90.5583423668808,BAIXO,2,0,0.0,0
dc50ac317904be47916b3e85ab41d32d156b54cf9a50947894442f4f1d2c35e4,0.006185685227088372,99.38143147729116,BAIXO,1,0,0.0,0
dc54b8a313d2aff70b1d2644faf4885d0eb2ec87325edddde03d4f40a9b95935,0.04075594235777408,95.92440576422258,BAIXO,2,0,0.0,0
dc76a8d653eb58e42994de75176d05145b6c981b134b3278451695cf002dbf7d,0.32914130505975064,67.08586949402493,MEDIO,1,0,0.0,0
dc7ee5c8554d4608327bb7b3a21242ce2b7d4107bea7211db839544a63ba8399,0.04088633318235694,95.9113666817643,BAIXO,3,0,0.0,0
dc864d6da3e8b6eec5416f50071cb6e728a3f619f68d399120fbfdb67ffda547,0.014984757903094807,98.50152420969052,BAIXO,1,0,0.0,0
dc91e79a1d66a4bff4ff2393440fad9f86964b136764ba4d877dfa54130618fd,0.9184809090479267,8.151909095207333,ALTO,3,3,1.0,1
dca1700d9ab12dcc16e1d1cacf2802e90256b7efa11f265f24f1f7a8fd341bd5,0.21414509967417356,78.58549003258264,MEDIO,2,0,0.0,0
dcaed34a0253222b1f2a4207eceab53902f4c89d7e2ca7b851360d6096cf668c,0.02635212888738644,97.36478711126135,BAIXO,1,0,0.0,0
dcbc831ec6e879e9c738ba28e42a8208a39c616de76b35aed1b9578aff16a883,0.023747915242609333,97.62520847573907,BAIXO,1,0,0.0,0
dccb2733f47105e78e2fe5156ce2ad1bcae469265c077f8b8997ea80c2e68063,0.0034739472184623942,99.65260527815376,BAIXO,1,0,0.0,0
dce5b144d76375feb09c8a83d753bc751f612d9e80e4662a2b7fa68721512d83,0.006864921348224073,99.3135078651776,BAIXO,1,0,0.0,0
dd0b8d91b8175c04e6726749f72c0af6d9a5c3a183fe75276d1bf65bbf6ecb89,0.04130940089437602,95.8690599105624,BAIXO,1,0,0.0,0
dd12ed236bfe6feac5bb084f0e6c7529fef694e675c62e2dd044914ea6362f26,0.10999506640159291,89.0004933598407,BAIXO,1,0,0.0,0
dd1b01f0e4962a3dfb89b2d06398a85c2f333625f51bbf6253cafb58c2e0f71f,0.027645849906209642,97.23541500937904,BAIXO,1,0,0.0,0
dd4113722c570223784ecdfc41eceab4bd81e604665693ebbf414f8f3ee17a7a,0.5714132646815181,42.85867353184819,ALTO,1,1,1.0,1
dd4aabb797584c75518c1df46ddef435e15fa3845e6ac8c07209ba9a1c140cca,0.3403158527213849,65.9684147278615,MEDIO,1,0,0.0,0
dd5c362b8efd3b1ebd061e8bba0cec18243da3cbbe018881808ad26dcf43ed46,0.39483163610041905,60.516836389958094,MEDIO,1,0,0.0,0
dd5f33a3ede6f29988814926116b88a2d694528574d7397ef19567264bb1bd2f,0.11697640153772598,88.3023598462274,BAIXO,1,0,0.0,0
dd64c9ba46dba5a84ed89cf5794a0108075546dcaff7d502183438d9f6b3b489,0.11549292797840323,88.45070720215968,BAIXO,4,0,0.0,0
dd6e1d03ca1c37a99e3cf3ddb9d7053515ccdb8e114690b06e092bf492059c72,0.008133710182415764,99.18662898175843,BAIXO,1,0,0.0,0
dd7acd1c8cd5890058024583043b9fdfde5f0177d6548f483bb77cec6e1a651d,0.0026663802243195303,99.73336197756805,BAIXO,2,0,0.0,0
ddaed690ff2d1fa4f7e148fb4045eab66e2b6e8fe5d31901bd24eab97dbab2fd,0.06543820617007468,93.45617938299253,BAIXO,1,0,0.0,0
de007be61926ffc0386e10ca62b960295025e1af23e8c1e858637040a8a9227f,0.029024767719958624,97.09752322800414,BAIXO,1,0,0.0,0
de046e0b1c038cb962203a93b4a9981c8623879b25a610d08cf2a53a48fa173d,0.09163466433401989,90.836533566598,BAIXO,1,0,0.0,0
de0a2e9521429efdcb5258675aa0feee319498e5659015bfaab2a0d4765e0cc4,0.08132652752197002,91.867347247803,BAIXO,1,0,0.0,0
de0b64a4f149299e50ae48491877f9c50015f61d7be9b3d87f7810bb7d991958,0.37361174387976626,62.638825612023375,MEDIO,1,0,0.0,0
de2b3c42060cf3762e0260948c8ebc845daf002ba0e24595f0231d9e27328e1d,0.09412804390293503,90.5871956097065,BAIXO,1,0,0.0,0
de3faf3784aef1ef299848e259552064290b059aa31442e8b060ed1963a44eb9,0.09845693835841825,90.15430616415817,BAIXO,6,0,0.0,0
de70bab8080211cfefa68f8bd7632f11e22bb3859ee10c6e4f888ef3bebaf336,0.13280417623296095,86.71958237670391,BAIXO,3,0,0.0,0
de864b7c011682f12f3b7d9cdf612a7cb0e4308eec40c6539bcd59366d6167dd,0.09034239317998281,90.96576068200172,BAIXO,1,0,0.0,0
debd815c88df3691e2d8c340e11fee828df5b5d8135e0fa165105aef515b360f,0.14712434097102803,85.2875659028972,BAIXO,2,0,0.0,0
ded39bfbdec8a452953934f99864e24749b9330457f7b9b3dee0569ad2986001,0.9795398347678946,2.0460165232105365,ALTO,1,1,1.0,1
ded5103a87b55bda6ef1086c311a647be8b6bdbd70ba6e04f3b24ba5f5ccfa3a,0.005654622031857607,99.43453779681424,BAIXO,1,0,0.0,0
ded60e006d91389aea01798b6906f111291c2453861506610a46f07bd82b83ee,0.11020219599699144,88.97978040030085,BAIXO,3,0,0.0,0
defc98abd9aa2f3204a94d1316af30e879f5f9976d10961984f288f3ea771cbd,0.037319988751816496,96.26800112481834,BAIXO,1,0,0.0,0
df0a8068c10978ad1cd8553a190bce8dec38e577afc6f83debecba22d186936d,0.2220847302116606,77.79152697883393,MEDIO,1,0,0.0,0
df12860814bb633c5333dc553cb2356b6309f9453b8badcf39688b6b74d71052,0.03271113497343564,96.72888650265644,BAIXO,1,0,0.0,0
df22d93d079ea97c49c10ca28d670097ea9c76862629381b134467650d3ba3c3,0.09008048207213738,90.99195179278627,BAIXO,1,0,0.0,0
df2f9f17a50be6c320f3d6a9aeb106a091ea1c2683f2797a5579ed1ae98eb9af,0.1688807803585598,83.11192196414402,MEDIO,2,0,0.0,0
df4d240528669d050a5d6ab7125cdfa398ad1bddb00b4bd8791453b860394bf9,0.07655762982328246,92.34423701767176,BAIXO,2,0,0.0,0
df70340e548113a13fb91c7ed496648e68c9d54ed0d41fa3adabcf34835b6131,0.808670405275429,19.132959472457102,ALTO,1,1,1.0,1
df715ee95cc74e4a9c7a1516ec663cf72202ec053d5ddaa3b7df782cd1a1351a,0.060711945762904486,93.92880542370955,BAIXO,1,0,0.0,0
df732473a0adaa9c38d88723ccf44beaf7d4880df7dab5531d802d2321758b37,0.0464279540146429,95.3572045985357,BAIXO,1,0,0.0,0
df7f7905fb0221808ed2b1f3ac9b50ec15ac052855802d11598a61ec47648ff9,0.06943309857991661,93.05669014200834,BAIXO,2,0,0.0,0
df895e96080fcac3310c5ff089992723219f700e1e63def5d95f0d7dfb98e073,0.11554793736688677,88.44520626331132,BAIXO,1,0,0.0,0
df939004f71bf1c34bacdc49b41863f9a46867f409c1067da87825f69e67069a,0.3670026600562804,63.29973399437196,MEDIO,1,0,0.0,0
df9d2ba9353161ddb2a5240bdce90f397a9147c71b5567dacb0df8852fa040a7,0.03382110570240613,96.61788942975939,BAIXO,1,0,0.0,0
dfa1d38e229125ebee0e970b9867e94286f836a0e0e0103485699322a95b9afc,0.10666232837234449,89.33376716276555,BAIXO,3,0,0.0,0
dfa8910b2cb8cf229db4671bf32cbb5677b69a81f6bbb1f31192607790de5153,0.07469635601747635,92.53036439825236,BAIXO,2,0,0.0,0
dfac5fe720bd77f54f277dfab605a5f740c08f50aec70ef9a296c249a67157a3,0.020782542362864215,97.92174576371357,BAIXO,1,0,0.0,0
dfb0b398d34862adecbe4c3b63ec1c401b55b017d2fd1e1997b9ba8c44b255b8,0.03630026487337812,96.36997351266218,BAIXO,1,0,0.0,0
dfb44136f590ba87d4bd49b5818dfb3823635129b57175c468cec0e2a350e289,0.08406972239593016,91.59302776040698,BAIXO,7,0,0.0,0
dfb5303668ef6fd83af24b6e37ff511b50a8417dd229ce989cb5e9ab6faba9eb,0.30008466069370243,69.99153393062976,MEDIO,1,0,0.0,0
dfbf4a2e56e8fd764e943162f4d6ea63defc731511360faa97390acb9b2b7a86,0.04755515645950708,95.24448435404929,BAIXO,1,0,0.0,0
dfc3af15d9364b2784970b90bf9072bce1808dae03f0954f01dc10ed6f45f469,0.024583993819317536,97.54160061806824,BAIXO,4,0,0.0,0
dfd9ca152bf25e8ccad29a8abdfc41e1408c0a2d038eccf05e703529c91ccbb4,0.029939814858772167,97.00601851412279,BAIXO,1,0,0.0,0
dfe109f86785f152fe755a581249bddd9ef606548bc6f23421dfa2f949f7f672,0.17784797294750737,82.21520270524927,MEDIO,1,0,0.0,0
dfe18e9a87c4f98747157a9f7be0bca3e1f1d3c196f6f3a997f6d97d8f069256,0.01522312755808655,98.47768724419134,BAIXO,1,0,0.0,0
e02c4409e8df3932a143a08b02f81e84a2dd86da2848e804850b02381ee08fbc,0.013050884912973184,98.69491150870267,BAIXO,1,0,0.0,0
e046886f12bedef91219a172d8bd122190545100f8ad6f94ceb451d393e46a1a,0.11523280416734108,88.47671958326589,BAIXO,1,0,0.0,0
e06c13943cc36094d2b5ac273125a1d59818716a9382b8388844fdf64ce46f95,0.032393796464641245,96.76062035353587,BAIXO,1,0,0.0,0
e0934ea189d500dcf6258a946b8318cd5a38c351af7dcfe35330cc8f27c85634,0.07095943637109206,92.9040563628908,BAIXO,1,0,0.0,0
e0967d72e88d50d8df24cff7c36cb4ff2a98a2b1d60b7d44d4a7ce3f7c267530,0.0647959055607224,93.52040944392776,BAIXO,1,0,0.0,0
e0975e9cf557666225669ec599a15b8699f52fa6e40cdcc570e8326bc7c1959b,0.07592097491625555,92.40790250837445,BAIXO,2,0,0.0,0
e0cfc3db0348a3b4823388463aabd9bff821a1a1546e6447a17a749a772a1efa,0.009672184301011971,99.0327815698988,BAIXO,1,0,0.0,0
e0d4cea18dbd773ff769e2ca331a5053b08e183717e980f70cd3066a597067d8,0.10238425624377866,89.76157437562213,BAIXO,1,0,0.0,0
e1173e8235130adfdb49dbec1c54a818374cc61fe6d87d108a82d44396f68f04,0.05280194801918578,94.71980519808142,BAIXO,1,0,0.0,0
e12751b7c8476c1f9248e2de27313936c2620135d6d30b82f481ee1dd3c9a9fc,0.9078549756303935,9.214502436960647,ALTO,2,1,0.5,1
e12b440356881aa3dff6c3b5c1c238b73e81af5e52bc16aafa46d354fc46333a,0.7809618024390855,21.903819756091448,ALTO,1,0,0.0,0
e142b31dbc443114ecc4942152a98cf731997fb8c80d698e697d3387bf4ce8a6,0.043082826349772896,95.69171736502271,BAIXO,1,0,0.0,0
e1453f78a7544a74fe39646fc8dbe6ade6a7c4424b458720585f051762dcd157,0.22120522815773544,77.87947718422646,MEDIO,2,0,0.0,0
e14ec80ccbcd1d75796e080ceb0fe3868729eb064de9b590c3612366a1c6cdb9,0.06847005400536259,93.15299459946374,BAIXO,1,0,0.0,0
e1cce65dd07793186091132119ae2c8ff259811787b5ee2af24af7514213cffe,0.07793642135391801,92.20635786460821,BAIXO,1,0,0.0,0
e1f75b2cc6ee78699c52e3a586a78095c6f573339d6b5fce3371520342fddc93,0.04515965240462223,95.48403475953778,BAIXO,1,0,0.0,0
e1fc362495c82a4cb6c4a4f355802f1d152a7b0b013fe42a1554567062d62af6,0.015943877068484803,98.40561229315152,BAIXO,1,0,0.0,0
e20f30969f60e81c510eb4936d65ebf3c0a46ae6679f9faa923b7bb211ec0a10,0.009773472396152475,99.02265276038476,BAIXO,1,0,0.0,0
e21126cbff29056ee18aa96c55c887c3850dda2f5de1f8c2ad7fc18d814f43cf,0.046548236008173975,95.3451763991826,BAIXO,1,0,0.0,0
e24c0163115158f683733513e52f615dcd24c8f74918ec892910dc3f543ac87e,0.10365906241713384,89.63409375828661,BAIXO,1,0,0.0,0
e254c78498f92eff518c675560008c4871282604c7cf0d1ea084c719b9d0346c,0.07102780114863831,92.89721988513617,BAIXO,1,0,0.0,0
e256f75496eb41ea48a4cba25fecc7353d2dce47efca0a778779e8b46c8eda8c,0.04803943509829407,95.19605649017059,BAIXO,1,0,0.0,0
e257246301c6d4a43b1c1ae7cec91cac1dd2ff525b326ac41c527a4e6b89e402,0.11754698159922024,88.24530184007797,BAIXO,1,0,0.0,0
e2b89e2c2f4c75db39455e541d5fc52031632b035493d4b10c8aa59f19a2e609,0.17969938249652628,82.03006175034737,MEDIO,1,0,0.0,0
e2c780be559b981956d6044e0e4d8d6520e79d1c8aa227e234515030e0323e3c,0.1705396294267298,82.94603705732702,MEDIO,1,0,0.0,0
e2d3bc92824871bcf23541a1f585c4bd7a75d8a906203112720dc9ce4059afbd,0.1405826639255456,85.94173360744544,BAIXO,2,0,0.0,0
e2e36fee9c543587b59f43d110252875b425cf03fb5dffdd0e1c987638af6919,0.16864181990559246,83.13581800944075,MEDIO,5,0,0.0,0
e3005e2b791431f45fd9913cfdbf4b32340b783961939eb27e52db8bc4dd5ab2,0.31766447115451574,68.23355288454842,MEDIO,1,0,0.0,0
e33a3ae42a5bb03da072f5d1ca374808c4d9ffeab8d44c5c2b2db717780bf3cb,0.05624393657375098,94.3756063426249,BAIXO,1,0,0.0,0
e35184ad4713cc6e442f3437e138069c7357f166ec02dd15ef32e32411cdf344,0.030094172867999567,96.99058271320004,BAIXO,1,0,0.0,0
e367cc002853bfa21876a79398b27dfbb3f07c23b9fe70313a9f6be8af53bc43,0.22504237311795938,77.49576268820407,MEDIO,1,0,0.0,0
e380e43e239ba63cee61b37ef4f2b401e1bae55407fbf307fa719ebb5a36aa4d,0.00428399817551315,99.57160018244868,BAIXO,1,0,0.0,0
e3873f4eaace94b8dffc54d7a8f8b04535424113cc5456fb5441a567ae75f9eb,0.04244411354233048,95.75558864576695,BAIXO,1,0,0.0,0
e3ba7185391a200ae11453fde2187ba4c25890d2ddba0510c57ce07384145bd4,0.5131530291498781,48.68469708501218,ALTO,1,0,0.0,0
e3c65778b7785139e93e59d679d1147b53ad9079538bae442a35927e63168a2e,0.13298171919184745,86.70182808081526,BAIXO,1,0,0.0,0
e3e33b91504457eebf50703f3075941e4c98707be6511ffa27cd96da4a2f5547,0.03404091392934954,96.59590860706506,BAIXO,2,0,0.0,0
e3e819eeb69a808bba9b78e4fec1997d42153cb6e750f69d833477cbe6331ecf,0.004888067855635584,99.51119321443645,BAIXO,1,0,0.0,0
e404c9de8579f1c3d9eda516484d28738d3d10f8b01a8cb0b1ef553773785d04,0.1484806480211482,85.15193519788518,BAIXO,1,0,0.0,0
e41fd7e3d7d2758ff6cfc274d3d9a110f91bb87d4bf9b063dccfdce4629fdf37,0.012974098814703456,98.70259011852966,BAIXO,2,0,0.0,0
e458415808ab910665dbbb7bdf9a8298cd70b37272c6ae226697588efeaedf13,0.18809061232869678,81.19093876713033,MEDIO,1,0,0.0,0
e4585f27fca7cdd5b7c26e21ccadf1e713a42d11f8c8597d7cb0a9283a25cc5b,0.01854993961230749,98.14500603876925,BAIXO,2,0,0.0,0
e4598a523033fff5f3253eb02c7376f659b9b601f41904a3c0fcae242b91363e,0.010785291187837026,98.9214708812163,BAIXO,1,0,0.0,0
e45ed7624cbbdc2e0e2e2a1d0af743ecd002a385b48dc6f00f46cfd8f1f3173b,0.055613927916070706,94.43860720839294,BAIXO,1,0,0.0,0
e47dcf9d6a65646f1c37d6b60eb47545444e624e2de0abb2f047ff383095f853,0.02030857456550692,97.96914254344931,BAIXO,2,0,0.0,0
e482dec767071092ae0ee0bc5acea35d3607cab2c8869b4621d1719d09d1404b,0.048769789919835646,95.12302100801644,BAIXO,1,0,0.0,0
e4896c27d68a08ceefa7b753da25845acaff60c3370e1dcb0c4c2b1c2d7bd242,0.015109727707718562,98.48902722922814,BAIXO,2,0,0.0,0
e4a3e924eb52b705bceb678c170d268313da3fd6c472f983ab3315b0c6984359,0.1403106312688824,85.96893687311176,BAIXO,1,0,0.0,0
e4c2e788b1b8cf252b8ea776dbb2d14ea01745b1f851258be1dda0c6aff4378f,0.013518418180273105,98.64815818197269,BAIXO,1,0,0.0,0
e4c476a3e01784309ca3fd7d59dc6319bfd86fc62f18852ec0aca688ba7f151a,0.14617510905696593,85.38248909430341,BAIXO,1,0,0.0,0
e4c58fb8aaf115b948fc39902677ecbcb93c978829e182c1e33ed265ff289960,0.030166990871714223,96.98330091282857,BAIXO,1,0,0.0,0
e4cf6d70994b58dbbccde77e576285334e04a621318fbb0882b094512c878729,0.09899083198951043,90.10091680104895,BAIXO,1,0,0.0,0
e4ebfb176e442a8ecc022d5029fac19d50011c033421d1e6ce3b30e955557e09,0.006912139949118906,99.30878600508811,BAIXO,7,0,0.0,0
e506d4aab2f984faa116d9690a9b260dc75fe5c712e00528798557ac714d60ad,0.10383929000628918,89.61607099937108,BAIXO,1,0,0.0,0
e50a7cda9ded9b1197cdf626c8824c7659aae6694b9b906f7f957157fcb73e74,0.03989798006497248,96.01020199350275,BAIXO,1,0,0.0,0
e513321b966309e680e76c8255709c106020d31e52044ea3f5f9695e3c2e5ac9,0.2717100701726514,72.82899298273486,MEDIO,1,0,0.0,0
e52ec4c6c92db9d2d005db08e2826918141f3f1605c625b1ca170fe1570f2d49,0.021420579834515095,97.85794201654849,BAIXO,1,0,0.0,0
e53454511be0976355144fafb72874295593f9f44673aaac379dcd1f67f19fc3,0.18510167013900586,81.48983298609942,MEDIO,1,0,0.0,0
e55467608a549910398ad4bc99df4b362c2011f24462dfeea8aeb1060e46cd98,0.02097731150317854,97.90226884968214,BAIXO,1,0,0.0,0
e55d6a184239e32c6998415d942b54aea8220eba33d99d637cd7bc08f6115cb8,0.013277838546230679,98.67221614537694,BAIXO,2,0,0.0,0
e5676ec2f480956abb0e043650ceff8cfd270d46ceea3a97a1b785b6103a8036,0.1024370918094861,89.75629081905139,BAIXO,2,0,0.0,0
e5861e9a7d6e766c31596aea12062a217d346052b0098337c1637e07eac20cab,0.20147907729174228,79.85209227082576,MEDIO,1,0,0.0,0
e592134478f9be9ec9ec99f21057dc0480a5ce89fc83cd10a130fdfa992dac00,0.34684262921997705,65.31573707800229,MEDIO,2,0,0.0,0
e59bf63c31850ad1ae8ecfa801f6c7e2f8479dadf47ac9fb379d0f1dbf396b40,0.29169791164754794,70.8302088352452,MEDIO,1,0,0.0,0
e5c092e2e042d70eec2381c5bf60c0ec510fc4c1dfad6c86e42947a38743191a,0.009034066990789492,99.09659330092106,BAIXO,1,0,0.0,0
e5c6110469abae773b78c0817f72886af387d0bdc68000f7893f8d2f72d36b31,0.09582408959874888,90.41759104012512,BAIXO,1,0,0.0,0
e5dc75c5a56cea8cd9d3b0dd16f9eb0f0accd744dc8e429796dd4b7df9c76ff1,0.00766547919793078,99.23345208020692,BAIXO,1,0,0.0,0
e5fa82e40cba1a3f6e2b095f2ba453eca7ea906be3bb54528e2c15729bcd9ed6,0.13694154132426523,86.30584586757348,BAIXO,1,0,0.0,0
e60e57fb24b60d96dbc0d3b5a9fad19e252ebde5e0a4d5fb58ed48a78eb6ad12,0.15714260303722366,84.28573969627764,MEDIO,1,0,0.0,0
e6200992f5620acde9db832379ba36a760667ead674db35401506e3b28b67ea2,0.031596116328664825,96.84038836713351,BAIXO,1,0,0.0,0
e670e33963f1737a542dfd7441a105b582514026ed5ed29981bae2855b4a5dab,0.12552890626106558,87.44710937389344,BAIXO,1,0,0.0,0
e6715c482be461c407fbac459ea58b2b2b4f082b6f25ffd5a3e71f897eb3cb71,0.891446190882246,10.855380911775402,ALTO,66,52,0.7878787878787878,1
e6757f9c10a6764f4b996299a6cf93379f67a614271a9cd56e762fe10e8883c0,0.02867550521008166,97.13244947899183,BAIXO,1,0,0.0,0
e6935d223f5df6ee3d36505c8de3308c993e846db48a0bc05a7e6fba74b60a85,0.1577406722942398,84.22593277057602,MEDIO,1,0,0.0,0
e6a1a6383f1f3bc3c40e180d552bcd4befff0b7e80e1159cbb348251ebd923b7,0.007200042040325268,99.27999579596747,BAIXO,1,0,0.0,0
e6a6a6783ef110bf4b9efeac4af598ea0d553b0a21d0c961f081b79f5c405bc2,0.011942213556677739,98.80577864433222,BAIXO,1,0,0.0,0
e6ab766b2391938f758b48b40ef6f4d00c35f65984acada0c70bf8981b680aa5,0.11041139914907161,88.95886008509284,BAIXO,1,0,0.0,0
e6c12390d636b735fae6b3d15519ad172224e858cd548682c3550bdda9db2c56,0.8527050668486571,14.72949331513429,ALTO,1,1,1.0,1
e6cd01e65529728288bdf5c098817aa782ba0b17e24d5a8a501e63103c39d64d,0.04811277460000104,95.18872253999989,BAIXO,1,0,0.0,0
e6e1b0eba9d9a35bfb68ee6ed35ce49fe8aed936deb042e2131482a29fd8f9ae,0.005984827540754399,99.40151724592457,BAIXO,1,0,0.0,0
e6ef1ab47956446f30bc626f12e1b13500c40c0974c5bbf68e81959032226aa0,0.009840299756817893,99.01597002431821,BAIXO,1,0,0.0,0
e6efcf3d71dd26ebb7b0042b7e7348c01c247299a6e3b716e880745c72a43f1c,0.010437912241285527,98.95620877587145,BAIXO,1,0,0.0,0
e6fc100ca1af21639abb7455801b8a134f3821b2a1d89af56cc67e162f2ed50e,0.7398788414305951,26.012115856940486,ALTO,7,2,0.2857142857142857,1
e7198cb954bf5dfe632032894b762cbb5d0ce87c65e71c172d07cb2e2eb1ec5a,0.08477004422232239,91.52299557776776,BAIXO,1,0,0.0,0
e736162aebb06c7bf42bcee1a16feeb5f745d10493d70856f6e5cd54546d8445,0.1675216725665627,83.24783274334374,MEDIO,1,0,0.0,0
e74170d0844f3082a8a0e80d02b0606fdae6983840298336dd8cddb734d1a9aa,0.03655573076688409,96.34442692331159,BAIXO,1,0,0.0,0
e743888ab7b7100e45dbf20a71fd0a9d0ac4ce9bb0627fe68fd77932f434adab,0.029016799659464312,97.09832003405356,BAIXO,1,0,0.0,0
e75b3585eacfbf6bb7b42504a6e91a875c2f7eec1a1ba35a7778167e738670c7,0.03554973621589503,96.44502637841049,BAIXO,1,0,0.0,0
e7612b5d09a402017eb6df0d17540b91e4c88453b141c371029093c0b9eb40ef,0.1006181415650937,89.93818584349063,BAIXO,1,0,0.0,0
e7837fc56b5ded86cd8676d1f94cee2721238f833af1a7f77338d86afff59f1e,0.07960842882591407,92.03915711740859,BAIXO,1,0,0.0,0
e7a648fd53012d8b8accab1af990d0377ab9bb72bf6858086a3a992785d62189,0.14660016294813555,85.33998370518646,BAIXO,1,0,0.0,0
e7a8cb353cbfd773adee706c823665a0c80985b9ec457a5cfa3d9cc42d7dc7d8,0.12307141403426684,87.69285859657332,BAIXO,1,0,0.0,0
e7a98ca15374999ed7916c1e033de46c4b1074564b14d0513d6ce643cf267120,0.13092748601254808,86.90725139874519,BAIXO,3,0,0.0,0
e7ae700eb86c1d1bf887bd1e263832d8ded70ab76f0110f362ba70bd1dae990f,0.13717289066463575,86.28271093353642,BAIXO,1,0,0.0,0
e7b28505dfd34d13f986528b9db1cdc4fc115cd08ef44cd420160011c55d9692,0.03172125728206731,96.82787427179326,BAIXO,1,0,0.0,0
e7db4c18ce7ee2f04d8d8778e37f99944d6acf143c587b7131a3f253815ab79e,0.013204495819666113,98.67955041803339,BAIXO,1,0,0.0,0
e7e553058562b1eececfbefc4a2897b72db1784842855b8a917e76c069647f49,0.9797121490131611,2.028785098683894,ALTO,1,1,1.0,1
e80e9385ea7c444400536a1683eae681abfe3be885b653fe4624f11eb3362369,0.0669654187675987,93.30345812324012,BAIXO,2,0,0.0,0
e813f465edfba786c4e503d1a5384fcc358832ef81e0edd06c40ebee3b94d1aa,0.9371285997703327,6.287140022966731,ALTO,2,1,0.5,1
e8208fcae3081f251ed0cd60b131b131ec3f96ed64c4adba01d0ceffab197067,0.01314143474717266,98.68585652528273,BAIXO,1,0,0.0,0
e827168dbfce426dae95865e3e9776a03dfb2738052a225e98a3dcc700badc99,0.027062044558361815,97.29379554416381,BAIXO,1,0,0.0,0
e8348dd5fa437339ca992e06a45af012107028075884c71902032c18b68100ce,0.0160929451690752,98.39070548309247,BAIXO,1,0,0.0,0
e87abcfff9d8e972875eb037921792a2e28c8c1cc60fc80a4652209a152d8c3b,0.02347318668239783,97.65268133176022,BAIXO,1,0,0.0,0
e891d93bd1dda61d3f6297eba9ae3369486b90fdc93ff01ca40b4ec20d787137,0.07741644649723126,92.25835535027687,BAIXO,1,0,0.0,0
e8a6b42811c8cc1a35009ad4ecd14bfe3d597f2e3bf7aa16bd40b9b26b63f67e,0.17374226740158577,82.62577325984142,MEDIO,1,0,0.0,0
e8ad1e2f3bf4b6ac46954f1ee44386092db916deb5c3cb1a2403da6a09a0880e,0.052164792647701644,94.78352073522983,BAIXO,2,0,0.0,0
e8bb90867c305a4727fbbc62a51580aa49b98690bec600e5df5a37b7c4fc55d3,0.06747702366851303,93.2522976331487,BAIXO,1,0,0.0,0
e8bcbfca95bbd8cbe10822e562d7f8cd66c5fed60013f0b0da7f41388c9a6546,0.06694867933166106,93.30513206683389,BAIXO,4,0,0.0,0
e8c84a24c3181186171ffe0d084d3ac918f2316decd50942fc94e8a2ca1c2136,0.08372296514559152,91.62770348544085,BAIXO,1,0,0.0,0
e8e7c22b4b72a971f3b3fbfb00058f1165dbab0265f6ae648ddc7748a386273a,0.11236822528300917,88.76317747169908,BAIXO,1,0,0.0,0
e8ec685aa7465381fe4a211eb3b274a1952e0a13ad7ce24915d0e688c228cbee,0.01070268314917179,98.92973168508283,BAIXO,2,0,0.0,0
e90b9b6b1b545dd051bce66d58d9fb35b1268ecdaa2b3bc40d8eff47570fe4c1,0.07669305421155413,92.33069457884459,BAIXO,1,0,0.0,0
e91b385fe3e71061b4e06cfa9f46dd9688ebd4ccd60023c182923fc48bd72b88,0.1217779393137924,87.82220606862076,BAIXO,1,0,0.0,0
e9300d1d30f0e0c3e6946f4490b508472c8b8e1a3bd7f23ad3d720f7b5f558a4,0.0689578148724338,93.10421851275662,BAIXO,1,0,0.0,0
e93442a2f9ad0a4096b5196adafc12da4d97b840c49cf11b30f11d7ac3d5b934,0.09624480129769712,90.37551987023029,BAIXO,1,0,0.0,0
e94eeeb1a67379e8fb0fb981f641d69a077c9b2a9e4251cef1f4e999a95e5874,0.7409897940707503,25.901020592924972,ALTO,4,1,0.25,1
e9650a26727cf450425cb23386984d2ca87b1c51679b183e71f25e260d82d0ae,0.08329832229243252,91.67016777075675,BAIXO,1,0,0.0,0
e9852f45e96905e6b045a5199951f0e89b7d0f04f4bfd8e055d12831971d9734,0.7000257833974637,29.997421660253632,ALTO,1,0,0.0,0
e98bf9d0cd1385db34fae5b3b3b6f2cb07a4aa3dba393a8615ab366a38dda49d,0.04355053845380961,95.64494615461903,BAIXO,1,0,0.0,0
e9c4235a7006a4a073959e905008616dce280bb0f00ec82bcd1f609e4945d1c8,0.012834108387497474,98.71658916125025,BAIXO,1,0,0.0,0
e9e465fd7f145cdec748d184d2baf8a88caf85f7be4ed44c0ecb885f2c616813,0.052565823327745634,94.74341766722544,BAIXO,5,0,0.0,0
e9e7c7a1e9656c70ee5b99936bed10c9ef23506dc397f8d88417c40e87521085,0.09202817845210448,90.79718215478955,BAIXO,2,0,0.0,0
e9ef22a806d9f413a6079220141770df48ab95686eff358e3536a97cdfddccaf,0.005739536296494012,99.42604637035059,BAIXO,1,0,0.0,0
e9f76c104a6c984557e8c78c992e25a638ed4003772b42bf5b9b7896ac2a957e,0.035925780667725254,96.40742193322748,BAIXO,1,0,0.0,0
e9fb0fe667d4032a934c8ad1bdc1aed24d7c2679c79282b0361d13ad4d704f5a,0.006173792245620215,99.38262077543799,BAIXO,1,0,0.0,0
e9fbe30d74ec576cffb4f9d6a5c8eed1a55a21eadfe854f3f48020e024d6f380,0.18247459571101837,81.75254042889817,MEDIO,2,0,0.0,0
ea2ce85ffa23de16d2d8bf1d9516c64e156379588afeb1362b2c6430f1dff1c7,0.029433019390392494,97.05669806096076,BAIXO,1,0,0.0,0
ea39176607a2c3be28da05437bb51f8db24fbef312ea936df9e5b52ddda57ea5,0.29618144042438393,70.38185595756161,MEDIO,7,0,0.0,0
ea6ac14ae6a8534591a5629f6e57b528caa25db3f498ae9c0aa76152f907da32,0.11064060961539357,88.93593903846065,BAIXO,1,0,0.0,0
ea802ff5e1818342ace5932c587a0d7aee9f0f5f5c8f2c0d2fd0a6e684a9cd41,0.3695962944423677,63.04037055576324,MEDIO,1,0,0.0,0
ea8178100d72fb4adf61fb99bfa3b3fcaba358a44820d293b810ed14c3d57923,0.16780478479679767,83.21952152032024,MEDIO,1,0,0.0,0
ea956882b24afc1e0d4bc71eb3321851231d705c7b6b5990ccf074999a7eb41b,0.8593373050954286,14.06626949045714,ALTO,1,1,1.0,1
eab5bdd2ce8a4332b006b90d82eb983174b05a002a3d1dd6da92e056b922d30a,0.06673218738910984,93.32678126108902,BAIXO,1,0,0.0,0
eace02a89401ec7e1a7e71ece3f594bf110090c0f6b005d938ff38d09829a4ee,0.11674310220962561,88.32568977903745,BAIXO,1,0,0.0,0
eaeaa7fd3e27b44c090e130ff91a7f79185730230d57a237430590aff287dba5,0.01517202738026915,98.48279726197309,BAIXO,4,0,0.0,0
eaee4f950e5b38c6cf4e37a7e94857d65adb4172d20a95b4ea1d819a5a68ea26,0.09750174810548401,90.2498251894516,BAIXO,1,0,0.0,0
eaf03a4082d29b4ff5da300d24d13bb133dac5033a7ac135b67ff6e2836c3bdf,0.10999343476518333,89.00065652348167,BAIXO,2,0,0.0,0
eaf61810f9f19df03920e79a74c7241ef69fcd9990ac22b8aaf1614b75839a04,0.009995104950262223,99.00048950497377,BAIXO,1,0,0.0,0
eafc5101205faabc8b5b0a13b9cb92c7da058ef6c6b08dda123d2389c41bd467,0.08420910835078622,91.57908916492138,BAIXO,1,0,0.0,0
eafe957be992e7e804e8c2d38249ea8320cbab14a4a1752944aa37a7f29e4f8f,0.009869919736858477,99.01300802631415,BAIXO,2,0,0.0,0
eb00d8ec0fe079ac773c16b2fec115905cd1f23a395fe5f3c0b4420c8ee9d206,0.05260152887210556,94.73984711278945,BAIXO,1,0,0.0,0
eb10ab8a5a3e5aa78c26502bcef1c0f5346c33633b736db13d24cd13671b3014,0.9415420129873097,5.845798701269034,ALTO,1,1,1.0,1
eb1d5cdb2029f32c911431d870f43e4d59884c8bd8b28b1ad7714993d0136982,0.04399606752187007,95.600393247813,BAIXO,1,0,0.0,0
eb1fa0d9cdda970ae3a67e12c0578dd62683faef41200bc6a9c19edcaa02e566,0.02425816392733115,97.57418360726689,BAIXO,1,0,0.0,0
eb272e6eaec02e3c05131a5d3b9f8a060c164f6a8f9df5287241b0fd6af98e56,0.11797518142885885,88.20248185711411,BAIXO,1,0,0.0,0
eb2931f1546010899be531fcd5dab839a560e89204c8516b54737c8a4eb380c4,0.16281707911106275,83.71829208889372,MEDIO,1,0,0.0,0
eb4ccf4a5b6040a06948a3bcb56078b2e2ca26f7af2185a3d273724a79fe9f15,0.016805723053248147,98.31942769467518,BAIXO,2,0,0.0,0
eb5de936c651e9d81fa151b45dd4d2e7b863c24dfad94145ecbab2254c0d1f9e,0.21166412743544616,78.83358725645539,MEDIO,6,0,0.0,0
eb8580056f599a0ad8dd572464202a9a32a8e26eacf73c6aac0bd70203348307,0.027322134340631722,97.26778656593683,BAIXO,1,0,0.0,0
eb85f366d04bc05d657aae59555c7b2126a2be6f9ac24216060b49ee0527313d,0.03300861093109846,96.69913890689016,BAIXO,1,0,0.0,0
eb86178b277d61bf44bef30bab87ec97649cf9734bd4767d1ff16f6582884fa5,0.0831466284000007,91.68533715999993,BAIXO,2,0,0.0,0
ebcd906e64635d8787b6847f51fdd69166efa9ea81fdcf6df1aafffff26e62bd,0.02284221868179725,97.71577813182027,BAIXO,1,0,0.0,0
ebdff09240817075e63f116af7910d47516e1123eef810cf804ca370f74b97b1,0.05294773946084213,94.7052260539158,BAIXO,1,0,0.0,0
ebf972e71186b7865a703fa33f02605b965b97b0c6a51214ff87029735c8538d,0.09272570408424462,90.72742959157554,BAIXO,1,0,0.0,0
ebf9e1e19c444dfbba10eab80b4e7b507dbd3610df0daafe2d98ee1a16bb2cca,0.1333674475490571,86.66325524509429,BAIXO,11,0,0.0,0
ec0775b33b26bf2e213eb874d7017359e8ee6b4e0d299f08aa517a2b06fa9f46,0.06423319181635011,93.57668081836499,BAIXO,1,0,0.0,0
ec07c766da706a0ee1bea5e4bcfce7a488c1d2606e1c21adc2b253266911bf0e,0.06167336099051565,93.83266390094843,BAIXO,1,0,0.0,0
ec09bac25dbca55cbc9dba6bac6bc72a9feb455ecf6eae675e4c8a6e3a8cd4ef,0.012506959084686442,98.74930409153136,BAIXO,1,0,0.0,0
ec0e882e9b8fbfd7d90279de740867bef8ac994a0671f78b29a9d4cf62d4201e,0.05241200429086608,94.75879957091338,BAIXO,1,0,0.0,0
ec14265ac109e8ac1f2d8315c9330c80dc4c4fc03847b4246194fcb4883b2447,0.008296068918405567,99.17039310815944,BAIXO,1,0,0.0,0
ec426187cea5a1c7b2252a8450380e823ed3068d49588674ff1352e3985e4fc8,0.14969007379003682,85.03099262099632,BAIXO,1,0,0.0,0
ec4543349a12eaddef6a2310530756a7cd0246b3b12ac9f69ca296e576eefe5b,0.037435114719606935,96.25648852803931,BAIXO,1,0,0.0,0
ec4a0cd899b47b3e8703d8c6d6e5f84d739b8cc183e1d94381b51ca1e1258135,0.011709019433199545,98.82909805668004,BAIXO,1,0,0.0,0
ec5412c30ef96ab72f9747343e1e1b3d68511ec9b5f76f699ab7458fa4ebc48a,0.02327388670447519,97.67261132955248,BAIXO,1,0,0.0,0
ec69e92bb0a5b7b5fceaae42c1d3f63b1597202a7ab6c3ce2dfc49c603b1c591,0.11111389047283254,88.88861095271675,BAIXO,2,0,0.0,0
ec76c723ae3c87630c297ba248b16d62ff0d5afd29ecfb71ac8dd048246cfa22,0.01648854349380744,98.35114565061926,BAIXO,1,0,0.0,0
ec7fb026f1023d9c32902bd567d87b4e12670e210f0ad26d2d98c08b595bfa4e,0.1479786368979986,85.20213631020013,BAIXO,1,0,0.0,0
ec83de1261a3b98d38c3eba4f2d4a2f20701db06ccffd6090275f0dcc63edfb9,0.4070694551191392,59.293054488086085,ALTO,1,0,0.0,0
ec89e0b0d5ff14253738bfe9007d75c0d0de6ad2742cbab7ae74f95dc26d45bb,0.004804398640515492,99.51956013594845,BAIXO,2,0,0.0,0
ec92b53d3e466676ff0067f04b1f80ab5b1502a3f587fc4bbf3ffe19047ec3ac,0.2106912031399276,78.93087968600724,MEDIO,2,0,0.0,0
ecb95bac9913571b8dc1255c8eb896d0fe004fa0b31f605b89e0aa0b34b0a40f,0.005026299665157128,99.49737003348429,BAIXO,1,0,0.0,0
ece367e55ad708819977b3374971f6d2fb7baa1c038cf6698de76b4e44ee4aca,0.09256091918087002,90.74390808191299,BAIXO,1,0,0.0,0
ece9f222f4e7a39f6c6ff698d7f57da720e8c6cfb8aebb7fa101f3391a44edd4,0.9794413722048515,2.05586277951485,ALTO,1,1,1.0,1
ecefe222a6223e88d7cd4bf84d23b025d100cea3499fc48d7d1855edddaf0ac5,0.1450769391417735,85.49230608582266,BAIXO,1,0,0.0,0
ecf89dc7f9b9d9c1a655a72503bca58a88df0480eb080bc5ad843f6f1cf63983,0.024551142735164226,97.54488572648357,BAIXO,1,0,0.0,0
ed06b81a53e7bbf477ee984aada39b544fb2602add88eb3d857945f8b38e6c25,0.11803975870147725,88.19602412985228,BAIXO,1,0,0.0,0
ed4a543bd88d5f9fbe0ad08e8625664dcbf48a88f0c74be5e3c75345581946d8,0.22145481311325996,77.854518688674,MEDIO,4,0,0.0,0
ed4dd760d7c1978b724aa2c1cbd1bdb137002ac17afc7f9d383c98e4f269528f,0.10026464311532787,89.97353568846721,BAIXO,1,0,0.0,0
ed8f528601a0983bc4a4045f8427be073fe0d79351ccc65a10423a28cb78540f,0.008407900076262157,99.15920999237379,BAIXO,1,0,0.0,0
edb2d2d289f63fb84114b2f5ecdbb00d7c2adce3392eb966796b2445084429b2,0.04212050417230924,95.78794958276907,BAIXO,1,0,0.0,0
edb47eb547b8d704a8c412f2a0b72c7d5069fac52924985f4bb76c14f91447bf,0.11465800366282679,88.53419963371732,BAIXO,1,0,0.0,0
edbaa2fc67a836d894bf2d8800b27512497ab6e16d661719a4ecc9f9eed268fb,0.03961667638435303,96.0383323615647,BAIXO,1,0,0.0,0
edf29b993cf92a4c52dcccee49acead204de8201805e23ea1a121d9e97148ffc,0.3039374525344609,69.6062547465539,MEDIO,3,0,0.0,0
edf4e7d72a0d738ae25acc9fc39954863501132773e71a86bb6e314d097fda78,0.03321846082499579,96.67815391750042,BAIXO,1,0,0.0,0
ee10ebd7ea1f96f0e42f2457279a6d53a2d87bf1704436c5eed7714f2f007d88,0.0049013571644874795,99.50986428355125,BAIXO,1,0,0.0,0
ee110e17a8051c897d5c8d8a2b4e218718e21d358656b243baf667514c3a9adf,0.26805466521263405,73.19453347873659,MEDIO,1,0,0.0,0
ee3046a149fbb719a8915183f925660e4f8a2c259b39b18aa163ce8eaf6e9fad,0.9817316925272606,1.8268307472739442,ALTO,1,1,1.0,1
ee3eb80d34e06cd11c9c04d86f690153d5bf2f825ffba1f50aa95d45bc1b7283,0.025940040480610632,97.40599595193893,BAIXO,1,0,0.0,0
ee3fdbb1b80a0d09264b1992e517ae940fd61b14a1fe365a0622307947be9f0e,0.05966648720254055,94.03335127974594,BAIXO,1,0,0.0,0
ee46ef75e4b0759434bb12727dab707a767fc872e6b23e46a548ce659c165319,0.022845998856255646,97.71540011437445,BAIXO,1,0,0.0,0
ee48836b86abd5c2e49585969ef8fc1bee6ece0ec044b296da4909a359b4b0e5,0.11107372976278886,88.89262702372112,BAIXO,1,0,0.0,0
ee8998bf7727e55f9994a252113e10e346c5e43469c62c9ee9a2f66f9eff4e6b,0.046458562702398,95.3541437297602,BAIXO,2,0,0.0,0
ee8f4da160506abe024d951028f6ae2b85492f99a3afb87351eb76a3e6493fee,0.19472705880438917,80.52729411956108,MEDIO,1,0,0.0,0
eea0e665a44275f0d88d08a53a35ee62c91574f8c04127e1ae31c2972e15ba74,0.029822585162132976,97.01774148378671,BAIXO,3,0,0.0,0
eec2b09cff66d01fc573a4af3a4214eedd65d7dc13acc352777959b5b78d09a4,0.15645553680669486,84.3544463193305,MEDIO,1,0,0.0,0
eec48303a63f5e2399f78bd0103656ec905a37ca57060ad7d132f7e2269a9d6d,0.046784996459568275,95.32150035404318,BAIXO,1,0,0.0,0
eec76c58ec07dd38491fbbf01d36aa6db1053d4cf5ef3091e00afe96734285b2,0.15299540216702257,84.70045978329775,MEDIO,1,0,0.0,0
eed51a2527f831cd697a953471dac213c930b9cf7467c2ee10b8de4a5c63bdf8,0.1468380013310146,85.31619986689853,BAIXO,2,0,0.0,0
eee341af1a3c4266d9803eaf7e3a764c5dbe0ccb3459124740c00825d8b425c3,0.039067262531281975,96.0932737468718,BAIXO,2,0,0.0,0
ef04cb2fa462c8682d5247c81ba05af517d8f3e673ef6bb94e93ffcdae33d7a4,0.8987540580573237,10.124594194267633,ALTO,1,1,1.0,1
ef1d431b1e781ef2807e9c9ab8503f349790d070c2a65b47bf1fd3b453bec836,0.08949148700047527,91.05085129995247,BAIXO,1,0,0.0,0
ef242e140424d4ea202bdbab9ba908d3542bc6f86286799f1f3a348411c86d61,0.08388432148177208,91.6115678518228,BAIXO,1,0,0.0,0
ef37a033a594d6b5b9572a242f12df27f67d41c490d0c65c7ceefe96586a7b48,0.007521271472132251,99.24787285278678,BAIXO,1,0,0.0,0
ef3c16049a923b996db59ff3adfe2c78a38b5d875b57707a8b51dbd844a1d28b,0.4769509402537951,52.304905974620496,ALTO,1,0,0.0,0
ef3ee0a2bb80296505fa204b43ddf42c340c9a005225bfbc387c408cf025b39d,0.007789160300202435,99.22108396997976,BAIXO,1,0,0.0,0
ef47f1762b8806720704d75ac2afc1494f980fb21eba8d9845b5ddd4f1d5bfd2,0.09329066847474983,90.67093315252501,BAIXO,1,0,0.0,0
ef4ad5ade113c12006fe2b8999f9e3ed989203ab366b50df7abf9609064ff311,0.13949813693408775,86.05018630659123,BAIXO,1,0,0.0,0
ef62fb8244659bbae61bd9a52f38bda53ee5571746d32b5d2d641988b26fabbf,0.04808167730917422,95.19183226908258,BAIXO,1,0,0.0,0
ef64c7f59aaa9760853d43e1468833b27f35dd971c28ba0dbf8dbb18f3cb57f3,0.09258043329875218,90.74195667012478,BAIXO,1,0,0.0,0
ef6c53a7249dd5a2d6e66d0245ccf215a10bd854183d7e4ddffa1cbe9645d394,0.10730036455988527,89.26996354401147,BAIXO,1,0,0.0,0
ef7b90a487cde4e5cc3a8550aa41549a77764300c23c699a1aa8eefd473e95c9,0.009053867517341775,99.09461324826582,BAIXO,2,0,0.0,0
ef87d07d7f0155adccaf3faf29cf0811897da7558a95da9cda389eb2352b7904,0.28854320852902515,71.14567914709748,MEDIO,1,0,0.0,0
ef88192d65b6fb943ef261c566368e6f17fc6e9d402945c88033fc18d9e1b18d,0.14796945084966034,85.20305491503397,BAIXO,1,0,0.0,0
efa35a6383a6e8ca3afddad7fe5abf79a54c94a66aae63a4e189e7ed77b1c555,0.26370362099518324,73.62963790048167,MEDIO,2,0,0.0,0
efaa7aa6b2a6ec1d5c56375c330390ac4ef04ba32d6a59d4b93e49594fbdfc9b,0.2619775806034426,73.80224193965574,MEDIO,1,0,0.0,0
efacacff9ca481a4ac3e2ae3395e4e1c6d82b6299420bf5d65b5a0512f5d0d58,0.944816939567549,5.5183060432451025,ALTO,1,1,1.0,1
efcc48c99330de4d2d240e9ef9063105dadb05771ff3444faf334c59fc29a637,0.0035622495116770943,99.6437750488323,BAIXO,1,0,0.0,0
efdd45da4828f388b33bcdaa2bb556e69c3d981c7c97eeee1e1c3c59dcc82ff6,0.020647481934246082,97.9352518065754,BAIXO,1,0,0.0,0
efdff0512dfea3691c16f26bbb180063514e9709cdb26be3fc7d53235e96b0bf,0.016772157664258717,98.32278423357413,BAIXO,1,0,0.0,0
efe7f1af3786a4c948815eb8e1054e631427243a1219d5364f6815de0afb8a3d,0.06330027480410129,93.66997251958988,BAIXO,1,0,0.0,0
f01312f318efe39eaff3970a2d29602c0a6f9d2eaa097815321545ce093e60df,0.1282300298178618,87.17699701821383,BAIXO,1,0,0.0,0
f01ac7aace3ab47a017d4cd79cbb9424c96f314b91c4f31f1ea2201ec99ecf07,0.012712904593546908,98.72870954064531,BAIXO,1,0,0.0,0
f01e7a0630079f292566a297d74ca885168eebb5cf962bdd057abd329e6195ca,0.18352853651443587,81.6471463485564,MEDIO,1,0,0.0,0
f028d31578dcff55836e4510d4506cfd63be2dea393211ad393a6b7063dcf990,0.984155041509829,1.584495849017098,ALTO,2,1,0.5,1
f052905a64862f99018d18f52323264b4424bbbed20b713da3e01ae52152d3ff,0.11215334287670904,88.78466571232909,BAIXO,1,0,0.0,0
f05300348c7ea89f82b828f711c534c5477a8a58c6dde2015eff89634c5d8245,0.011642763948081962,98.8357236051918,BAIXO,1,0,0.0,0
f07447ec76b722e89084b4a1f3428d6b8a0da42a70779fe81407eecad5537dea,0.028177398497703704,97.18226015022962,BAIXO,1,0,0.0,0
f07db56e903c2d8d27e77c9f81c82b72879b7a9410663be61e542a5c97c7022e,0.05349436888873344,94.65056311112664,BAIXO,1,0,0.0,0
f0867b7f0257a838723f74df6476dd22fcc8dcf5c75b75c57f9b578f9edb0542,0.027012648113939677,97.29873518860603,BAIXO,1,0,0.0,0
f088ba3bf83d7f47a454c528ffb848749dc95869912ef466a763374e715e9a39,0.1862946780941762,81.37053219058238,MEDIO,2,0,0.0,0
f0cfee2444d0e92d20b235954f1b22ad23afc362ba74e4003c90b80489f08bf1,0.07717440130846494,92.2825598691535,BAIXO,1,0,0.0,0
f0e7357029ccbc58f7f7b51670508481dcf99f7be31d16b1eac633ddb400a175,0.047721295473961776,95.22787045260382,BAIXO,2,0,0.0,0
f0f8d4f3a941fa45c8d680410d6e26fa1d4d09f4cc78de84401bef82b103a3ad,0.06416278201393996,93.583721798606,BAIXO,5,0,0.0,0
f0ff26aaadc0861bd904e8a738045e10f9262e3dec2b2b47e4b5d0a521042d17,0.20611170674611487,79.38882932538851,MEDIO,1,0,0.0,0
f10333c266e841e4a4912abe6c477d264e184b9f7888143c3c5b045aee4d6e42,0.17846027090267283,82.15397290973272,MEDIO,1,0,0.0,0
f12f8837172ecf6ba52842556e72bba73bf241e70aa392d93aa58cc4708b4756,0.10800518717922733,89.19948128207726,BAIXO,1,0,0.0,0
f1417f6213297616f2750c68b2cf59cc7b4c9bef540a863d9b1cf46f6d23fc12,0.008867840794799936,99.11321592052,BAIXO,1,0,0.0,0
f171edf576e2cafeeec2417e11aa21547163ba72a20e6262b4a156bf0c13a041,0.01937705528207759,98.06229447179224,BAIXO,1,0,0.0,0
f175c7d7810f726fc2592f90a22d7965dea589c823b00b069b0e9f25da375ccc,0.03981487318716079,96.01851268128392,BAIXO,1,0,0.0,0
f1777d88e9a577309d2eedaa5862abdddcef72448246d4742713e7f275da0df3,0.8809420035698404,11.905799643015957,ALTO,1,1,1.0,1
f17bb07cdc71bb29b695d36ff2a7471577e450534360a14dd6f6393685f7aeca,0.10545551777572833,89.45444822242716,BAIXO,1,0,0.0,0
f193340b6071defeb9c355f73730db061758c482392afc24bbeee7481654bcf1,0.10213561355838635,89.78643864416136,BAIXO,1,0,0.0,0
f1956a8a70f8085f42a982e810200413ed14a26ea163e43af4bc500ceed2ed73,0.07958376578946065,92.04162342105393,BAIXO,2,0,0.0,0
f1a5ee8b7b451812bddbb67a84d16e0d1bda5e0b7c4bf24dad19d2d4a7f2a925,0.1175940041314179,88.24059958685821,BAIXO,2,0,0.0,0
f1b4032e3795521b7132fb810f754dcb0bc2b9a3054e721cfb87313376f68c0b,0.22948552859109866,77.05144714089013,MEDIO,1,0,0.0,0
f1d1c9f362b314304e5b083916638ebf7cd41bbb802f24938e75c68edde1dda5,0.20925333121552211,79.07466687844779,MEDIO,1,0,0.0,0
f1e6e64fd53a2be555c24d5f6eb70e2fa0ff4209718ef4013b6444fa22457cef,0.16245094814052077,83.75490518594792,MEDIO,1,0,0.0,0
f1e7904b806709f76ac06a6c42d32e097d84c112abfb045483ba16b7916880f8,0.048196673793129745,95.18033262068703,BAIXO,2,0,0.0,0
f21cc83cec28622f350b3b388950cf17ec359777a16980eeddd00f06df7b96d3,0.03686054288372056,96.31394571162795,BAIXO,1,0,0.0,0
f22b3f975829fe1455c1578ded556c5c502e5915e09df86966dbc56ef22d89da,0.1083722348535137,89.16277651464864,BAIXO,1,0,0.0,0
f242c80bc20e9565523100ce0c29e07cb480c292e46d39fe0002ea2e295f773e,0.06817307387175635,93.18269261282437,BAIXO,1,0,0.0,0
f2516057c8dd35fa1a55d2f5786f2f2757d7f0f9fccc3c488f5400a2479d561b,0.9588761431800644,4.112385681993558,ALTO,1,1,1.0,1
f277435beb9b85f043b99a982f85b18199b8056b617cac4578aca9895ba13b59,0.02845519423876058,97.15448057612394,BAIXO,1,0,0.0,0
f28b3781e9ee7bc3f359de65287cb1b9c962176340b74faef448b7edca43ff92,0.04550853374515996,95.449146625484,BAIXO,1,0,0.0,0
f2908bd175183d88928a60a84d3a6ef40f683b087623e1a95a819ebdebbd256e,0.07755190635368892,92.24480936463111,BAIXO,1,0,0.0,0
f2a8bb24174cb2f885bd433cd6e90386fcf06f21e587be1e898fd9ef4a704b22,0.005982070090826942,99.4017929909173,BAIXO,3,0,0.0,0
f2b23d9b3ca408fc0ad6217183a8b67e1abcf9d43dfb12f2c344792991f41809,0.5632575344388657,43.67424655611343,ALTO,1,0,0.0,0
f2d04d5759df1f70ad42d35c0f5cf080787ac3c6008b61ce6f50147fdd65ea41,0.9827773798650232,1.7222620134976774,ALTO,1,1,1.0,1
f2e6463628903318680e153fb457d52afa673df54475d3c24c53363988f5f884,0.2663280974721886,73.36719025278113,MEDIO,1,0,0.0,0
f326b8f9dafe99d01a8a0ab07da0fdd2411202e36bc4d2d523d5f7d8f2c5abbf,0.017037610749880285,98.29623892501196,BAIXO,1,0,0.0,0
f32a8e048ef809ee2d4fcac6beea5e4d9be26c430119c126ab5824f5a9560edf,0.02105269721288025,97.89473027871198,BAIXO,1,0,0.0,0
f331263797bc6c68350230e4d2a18fb7cbbb12cedb28d189dc6f23407262f610,0.5029396597265577,49.706034027344224,ALTO,3,1,0.3333333333333333,1
f358783fb3f4b6cc8ff611188cbb2a67d0908c42e3eb509389e4c560be8f07c5,0.006891987318323318,99.31080126816767,BAIXO,1,0,0.0,0
f35ade4ff33f3242e2fc525a0a5351b4352b9334dd4d8a4a66d75cff829961d8,0.9802814257832217,1.971857421677825,ALTO,1,1,1.0,1
f36443debb92aad96bef88801c40b21a8f7d411b9b731bd3e7a4b6d3f378b521,0.09792252587652647,90.20774741234735,BAIXO,2,0,0.0,0
f36dcf5aaf10f99bbc19d7ea2070200df270fb71c9a3ee4fb3ddd0ecba9143fc,0.04233194702949437,95.76680529705057,BAIXO,1,0,0.0,0
f377245ced8832cbb81392f093f39e9c9b789be012db746b1e7074bf945c8f9b,0.12283699888753433,87.71630011124657,BAIXO,1,0,0.0,0
f378d9155d64c13530a0dd6281a4b2c5c90e81252d476e96aab8419a467416ec,0.0050146016724981375,99.49853983275018,BAIXO,1,0,0.0,0
f39d29a8e4b43ea052d2decda2845da3a22b9d316a0ed8280ccb0f04fe95bede,0.06294199130093894,93.70580086990611,BAIXO,4,0,0.0,0
f3a03e168596bcd21e7f0b807bc7f03faac178ac6bc171b24532680549b89fa8,0.016948763179228336,98.30512368207717,BAIXO,2,0,0.0,0
f3b5d6617ceee3baa8e3d5e05366d7c6bb17c36c81f897896071369f5dfb1be5,0.015335003271200257,98.46649967287998,BAIXO,1,0,0.0,0
f3bcedc95a72d3a81ed70647fed5099a0d70dfd7d7db7c88366916eff3f2ae9f,0.08008545435733129,91.99145456426687,BAIXO,1,0,0.0,0
f3d80c24b84c14c88fbcc84ac2ae29bdc1f8c83f42129613c830e98d847f84d0,0.07872046456596485,92.12795354340352,BAIXO,1,0,0.0,0
f3fa1c26842f1285f2d7be2a5b35137bb5ec05ef8621c0cfb592e7a2995ee57d,0.004799075277624815,99.52009247223752,BAIXO,1,0,0.0,0
f409f1f9d20b849c837ec5441015b26e99221540a4e8c158fdcad615805eef39,0.008427393180407541,99.15726068195924,BAIXO,1,0,0.0,0
f41c10c19f6ddbe370c114dbfc1f10ee9228d7756aadf051d9ee21186378165d,0.04007370544590099,95.99262945540991,BAIXO,3,0,0.0,0
f436a9146ab28af5ce7e7e124c4b62efdfeb76ec008e80ee37ed6ad00070023c,0.05582834208505645,94.41716579149436,BAIXO,1,0,0.0,0
f440f38d44504cf229977ec3b63a9c6134cfdb1239d233cb63321ea3b1eb5783,0.018513688816537907,98.1486311183462,BAIXO,1,0,0.0,0
f442944f7b4ef7a197b97340b74f5f451b8a10f7674701de3d4252be7fd3b087,0.021749252486192364,97.82507475138075,BAIXO,3,0,0.0,0
f4652e1bf28262b6a376b93b84ff4daf7788f5ca5be3c96f0f95bc5845900a6e,0.10745065777826196,89.25493422217382,BAIXO,1,0,0.0,0
f4877f95279e308cd61b12e1de22c2b7415f8a7081b7c44062fe6b7b8c7e7a37,0.020360025165851788,97.96399748341483,BAIXO,1,0,0.0,0
f49fa9b157b596253da2dd7b10f5cc85c569045798c249c7edd60b637f6906d6,0.011952704621728746,98.80472953782713,BAIXO,1,0,0.0,0
f4a5fa38cddf9af0310513d30dd558edf3ca913c49272e4fbc21eba808b3fe7d,0.05627285420314595,94.37271457968541,BAIXO,1,0,0.0,0
f4a8cc21b60f6ab3eac4174b04232b4bebfafa1028ca755e466f087023679511,0.005616215949629672,99.43837840503703,BAIXO,1,0,0.0,0
f4ce478cdc9df331ce700da9f5c0ded89fb36738101c375d75d8d36e0353d072,0.24953567818752778,75.04643218124723,MEDIO,1,0,0.0,0
f4dc720dc5a25dbba6cd36b1e4d8953fb566439de7b26b9910e6a2db8f0578ed,0.02833518963455381,97.16648103654461,BAIXO,1,0,0.0,0
f50a59c333b5b78d34f4ab03f33bcd9d518360040b19883cf8c175331c0fd899,0.14539894463420194,85.46010553657982,BAIXO,1,0,0.0,0
f542087f72de9f49e9fe3a9f10f87ed9129dfbc61730c2fb04650ffd373a5a60,0.030323143077558855,96.9676856922441,BAIXO,1,0,0.0,0
f549de7c42c29e74bc21066baca411904a9708ca71cf25180c8ad976b6184fe1,0.014812422930762459,98.51875770692375,BAIXO,1,0,0.0,0
f55481f2488a055cf258338082950b66ac8545935cf04a3a00ccc803bfde337d,0.02770427376538699,97.22957262346131,BAIXO,1,0,0.0,0
f55fd541394e848f1116eb71d329f742a973d7ec5abfcade49e013487cb43529,0.05432210561707767,94.56778943829224,BAIXO,1,0,0.0,0
f57e9ece4a53e9784568938e38f7922dfc6d26c9b0d9952d79cd6505f172718f,0.08087413759076094,91.91258624092391,BAIXO,1,0,0.0,0
f5a658cad4060d76599d9e6f1619d584da719f2815f0a5cc7de379c1a19c61dc,0.09550210527375758,90.44978947262425,BAIXO,2,0,0.0,0
f5acee04c33a64c81aaae11847d8f1e2a229996e4cdc5b324d5dc9b99b954f86,0.09718091873992561,90.28190812600744,BAIXO,1,0,0.0,0
f5afd055131b9db08283eec583bd04df8d1f0101161c7a610d9796eb39188912,0.18802613333735294,81.1973866662647,MEDIO,1,0,0.0,0
f5b81d65be2d53645f4b7edeaf80932f7a0e394807341769be206823a16576cf,0.25448702172031,74.551297827969,MEDIO,2,0,0.0,0
f5c1faa8bde566754f0fa35c4fe3b11f935360080949f2851a377c2792373210,0.45732126025222203,54.26787397477779,ALTO,1,0,0.0,0
f5dec799a6d6b89226de0a7ab9d1c103b499db63d3f6302ee8e7d16318e7f507,0.01961835007151812,98.03816499284818,BAIXO,1,0,0.0,0
f5e33f1af43508aa63bb1fe07effcd242a3c3e6f2ad0f92e92e986339d3e542c,0.10432803709777959,89.56719629022204,BAIXO,1,0,0.0,0
f5fd3dafd65049ef5ade33a69c5105462c97324b937f8c4424a8c6b1ad38de75,0.022307022325890522,97.76929776741095,BAIXO,1,0,0.0,0
f5fe92721356486d2dd25032645fabd3423f28faf6ad8d9981eabc063a2a2a8a,0.0667670577406148,93.32329422593853,BAIXO,1,0,0.0,0
f60a21cf4de5dc9ab0a20425f7f57e199c3d22effe956084451746b5a0bcf5f8,0.0075866332480460765,99.24133667519538,BAIXO,2,0,0.0,0
f618694ac43d81f84c8f8cbf12d07a0f7320a4bf03f08632787693c9ce068f66,0.13527655139809294,86.4723448601907,BAIXO,1,0,0.0,0
f61b1df90deab395d9705117373611ec2353e4e88ad135e46a9f12e0663f9a5b,0.04843596120420736,95.15640387957927,BAIXO,2,0,0.0,0
f62ff4b3beea7286958474133e28f6f3c36cd2f5678160a12bce048feab68afe,0.0035455993184655096,99.64544006815345,BAIXO,1,0,0.0,0
f642ec85eb9b06d5d9dda783e8e037bc9a46407abc57ef001a7d73fa5d23153e,0.0330184983184399,96.698150168156,BAIXO,1,0,0.0,0
f64726ba40bb8a925f9b74454e16a937cc68c720086939bdb383adffdfcc74d2,0.014105008028062326,98.58949919719376,BAIXO,1,0,0.0,0
f67b9fe57c99a1084ad10616ff98409fc0396d714066b728bae340e5381ee645,0.15831316785648972,84.16868321435102,MEDIO,9,0,0.0,0
f69c0e4721cbc477b9547a577a0a9617ea34873d48186ff2f91b4618cb159a7a,0.029645229644673397,97.03547703553267,BAIXO,3,0,0.0,0
f6af555951fa77d30a487197f28fe725b6a10744dc8213cf3e35829e4e5a9a0d,0.05145497462434548,94.85450253756545,BAIXO,7,0,0.0,0
f6b960021caeacfd023f1c04233fa268d879706062f24de09dbffefc634bb774,0.14233987348131208,85.76601265186879,BAIXO,1,0,0.0,0
f6ba0cfcf63ab90b4895b8bdf2dfce584ab02c5d6b875116f7d7ba470bc7c902,0.10371788713265558,89.62821128673444,BAIXO,1,0,0.0,0
f6d3b2b02d1863d098926a188aa64a1d6d5b1a47dcf44e222beb50894ca7bace,0.03353116519905581,96.64688348009442,BAIXO,4,0,0.0,0
f712041de72800d6e29febc4b16551ae4b0c469f72719ddad71f24f42d2a4c57,0.04518924980267421,95.48107501973257,BAIXO,1,0,0.0,0
f73ababcacc1730d5c1c9215847c4b76188c95ef815547a4cc07f71d5892fef0,0.01835823496872963,98.16417650312704,BAIXO,2,0,0.0,0
f73c2bcb7c964e50d4f5f3098661f5fe7594a30b602e74907b7addc212c32dbb,0.009882730730624404,99.01172692693756,BAIXO,1,0,0.0,0
f73c7b5dbd6a6ce6f0de1f258c1fd694b11c2abf1b7885c80023ff698b0f7f4b,0.02476863571101257,97.52313642889874,BAIXO,1,0,0.0,0
f741c92a8fd9a59d61ad1e7917d70a4d2bdd75e967cdebe7357f84cc408bddfd,0.18891021711310962,81.10897828868903,MEDIO,2,0,0.0,0
f74a81705605d7c91556ff7004442f2258210d9010e0bdb0d800befc85ab7550,0.10767882792300457,89.23211720769955,BAIXO,1,0,0.0,0
f7707daa9f0cc2425803777c6f1d5e4ea9f1baa605c28f2cdc425be02a7cdf43,0.02455777780601863,97.54422221939814,BAIXO,1,0,0.0,0
f77ca405a3e69c050274ee930e83bc96d4e2ba7e9b700907ba52f95b943400fb,0.006080983089822873,99.39190169101771,BAIXO,2,0,0.0,0
f78c950b62f1854ff57afca16824cbf551dc88c5c15acc970f6e82ee5ba253b1,0.01008855173343854,98.99114482665614,BAIXO,1,0,0.0,0
f7c885274592fbc9cf6144e20d8d544d6e56c1aa769a4219df770ff9bb806796,0.013752655231551962,98.6247344768448,BAIXO,1,0,0.0,0
f7d95d6b88ec86159e158c4a20c11f26d24944a606c9bf7f9c8364649640ce42,0.004653521870113197,99.53464781298868,BAIXO,1,0,0.0,0
f7ec3c9356435ae0cc42c2f6e974319ca7da11bdf5c8d37d914df5633a24e6b5,0.028254930609128,97.1745069390872,BAIXO,1,0,0.0,0
f7f005f208cd73d0f3f9d41ff4cf782af59e8107174c2c5f4e1838752b858503,0.40335532733356966,59.66446726664303,ALTO,3,0,0.0,0
f7fb69836b73acb417699b4fe566a7274206d214cd53504ecc42051d2405a6d8,0.0823508522270425,91.76491477729574,BAIXO,2,0,0.0,0
f7fcd0fe30fbfa2cde035739a96fc28074013fad4a805e8fd8b02af396b43a7a,0.014786871687909209,98.52131283120909,BAIXO,1,0,0.0,0
f811e4f716c4ef5321b35fc5bc1ee549bbc036a65b202e9b2ebd1989afff0be7,0.014157989229328531,98.58420107706715,BAIXO,1,0,0.0,0
f85c68bcca5ec9c2b59e9f17449dae663657849361609fa6851a564858aeb384,0.02410469419767888,97.58953058023211,BAIXO,1,0,0.0,0
f88cc2b7c742c21f5bdea4a249d5ea2ab6baaf1df8ad34bd0a4382860d8b16aa,0.06708171400287546,93.29182859971246,BAIXO,1,0,0.0,0
f88ef2c49d10a7b948224b81134d029ce5f7ba8ad3785903d2ea5897d702c4d5,0.1209464333717511,87.90535666282489,BAIXO,1,0,0.0,0
f8a279c66b7da36f95ec86e317cb70e2fab726ffb5aef130490929e1dbce9ca3,0.055854431870340115,94.41455681296598,BAIXO,1,0,0.0,0
f8aa9452da7c5f2e4b4fb5158fa428d33f570ba06c051bbf420d2de139257f81,0.12342004390419918,87.65799560958008,BAIXO,1,0,0.0,0
f8af5051d19b7272e8d7b12aaf41a25a1c9ef78f08b86e2f88b6e57a5644c2c6,0.032771683164198095,96.7228316835802,BAIXO,1,0,0.0,0
f8b085586559a6e43c3b9fc03da84af42f8e3e75408e13b13d13f845e8cc53d3,0.009735132243140017,99.026486775686,BAIXO,1,0,0.0,0
f8b88dd4ed4eb4908c02821dd93903af61a6f39dbdb4cde8f87afd697d5a421d,0.01028347196459154,98.97165280354085,BAIXO,2,0,0.0,0
f8e7968108e6308b8ba7059969e8bdc14f9e6348bf7422c0798868ff81c33e9d,0.04100898933993735,95.89910106600627,BAIXO,1,0,0.0,0
f8ec76c5b36d2a8ce7bba40c6d20271167ead96ccdb690329692f0911a82fc1f,0.054992447383149505,94.50075526168506,BAIXO,2,0,0.0,0
f8f0afa4155240723167b6c560a891f67ea5b6b9421193c0ebbf70f35a303720,0.042115074924978485,95.78849250750216,BAIXO,1,0,0.0,0
f8ff95abd5fd70ac33b711d4f50bfcd792bf9db95985e587da7b62c80ff8d905,0.027126972954012746,97.28730270459872,BAIXO,1,0,0.0,0
f935dc9e66b49c21d9f3fea12cf54233899caefd1af2400404528cda38286d6f,0.0321810233331754,96.78189766668245,BAIXO,1,0,0.0,0
f93845328865b516e4e9271e5d38552f8d4f044d24a8023e75819e4f18f77fd8,0.03564562772171114,96.43543722782888,BAIXO,2,0,0.0,0
f93b21d4123ede87f908e286b0812d900a9fbf5fa0d2d7ef57b6593dafec41bc,0.06634219851309421,93.36578014869058,BAIXO,11,0,0.0,0
f94c544d5170c935050a602452f2cde34a32deaa9dda061016d2048c6cf0c4ec,0.19951856021609932,80.04814397839006,MEDIO,1,0,0.0,0
f94fa69be3d8e371ced6237456932fbf00c1071d91ff52eabd337232201b07e1,0.05928780965801526,94.07121903419848,BAIXO,3,0,0.0,0
f9517b71d00fdd1232c01a3f0081b60e0bdf3f5d168d73e351c66c133c92e1f1,0.014742160841605347,98.52578391583945,BAIXO,23,0,0.0,0
f9544bae603ca1f1191046954ea90b998ffc323efda907fd71562004e4043f70,0.13419050127855686,86.5809498721443,BAIXO,1,0,0.0,0
f99f61c1d662644eb8368d9e6aedb6422ae099a9ede0d7ac6647bbc7339bd176,0.04946831126782069,95.05316887321793,BAIXO,1,0,0.0,0
f9da53b7fbe50b913a5386b94aa45b28fc1c6ca840004173447bea44760593a4,0.0025353853885015424,99.74646146114985,BAIXO,3,0,0.0,0
f9e7dc3e0c0c2fdf842dd97b62952df1a6dc49a55671652d74c8abeff67802ff,0.02185381375587834,97.81461862441216,BAIXO,1,0,0.0,0
fa2bde1b470b17794292ac267b539f7d45bdbd952189fc03358e85a2d365f248,0.07364600810694347,92.63539918930566,BAIXO,1,0,0.0,0
fa3b553a4f0c360c27c1f1fcf21eb0b13a2bd822ed8060717e5d8c320d7f5914,0.13849282125250761,86.15071787474923,BAIXO,1,0,0.0,0
fa508a82fb3595f9ddc13d8a41ab5b6e37d3666b90e88bc52bcb56d9fe2d4a91,0.9751008526236908,2.489914737630916,ALTO,10,9,0.9,1
fa85c2ff9c59a7389e2f0dd71e4263d261831823750cb498ceb4da7fbbd5bf79,0.02886270617813511,97.11372938218649,BAIXO,1,0,0.0,0
fa86b8217530015d8f85c805a8ac174e4e6f51f9d90aeb1038e0b4d2038bb752,0.09927504095744298,90.0724959042557,BAIXO,1,0,0.0,0
fa95158d464d27cd5cc9db640fa78280d0b1537d52b33e862193ad0dde6e1e00,0.15126495530099757,84.87350446990024,MEDIO,3,0,0.0,0
fa9979fa1c85da98c098208fe12df8f84aab250a1eb311325b203e812787d701,0.05927815425659739,94.07218457434026,BAIXO,1,0,0.0,0
fab6856a3c9ef04db29a0b599aadd22204836f3eccbde9a95fa871562b62c2c3,0.07277913187963568,92.72208681203644,BAIXO,1,0,0.0,0
fb18b1a92339e5933167e864cfd8153b3848d38a8f8b294dbd3da7d7a6d8ca8c,0.018922996699802873,98.10770033001971,BAIXO,1,0,0.0,0
fb2ffbb4325159b1892ef02266434c9557f1aa4cbe92f22522df3453149b2f15,0.06486833233011675,93.51316676698832,BAIXO,3,0,0.0,0
fb32529a62186f64e34f5402ff18af7ca1dfe6fef0719a40f96c5d777ccdc67e,0.888017782433814,11.198221756618597,ALTO,5,1,0.2,1
fb434a60ae74fa4b1e64330d2e26031ee49973f86e8d4ffe86736265ef3207a7,0.1367836148547351,86.32163851452648,BAIXO,1,0,0.0,0
fb787755984077cf34f9ad861975e8f482e7b4e2c9991c315194c560f006a496,0.16991332928119499,83.00866707188051,MEDIO,1,0,0.0,0
fb79d3b10a80b9c9450533e8795ff8a54cfa242ca3e188c84da2748bdaf39f46,0.09756796215223525,90.24320378477647,BAIXO,2,0,0.0,0
fb7a680ac996526155eb5e331e54423c12e51ed10ac41d0099b2416430abbe24,0.01991068412935487,98.00893158706452,BAIXO,1,0,0.0,0
fb83027a4797991c7add3eda05b1044b2026f96039b55002324ff868409adf83,0.024224368208205595,97.57756317917944,BAIXO,1,0,0.0,0
fb92dafb5de282d82320ac287d2ea7f6741a3f6b41754f099d28ce82acc41682,0.8869353306690629,11.306466933093706,ALTO,1,1,1.0,1
fb98305bb7466c07054384b19a2411562b569e6d9a40e03de22a9e64cf100031,0.016344644981410753,98.36553550185893,BAIXO,2,0,0.0,0
fb9e7e3ece5b5619e2feabeab557f7f0ff7f5aa9a47225c8a377add0a31af79c,0.015858784282780147,98.41412157172198,BAIXO,1,0,0.0,0
fba0fa40c56bff94067c7727950cec278ef4f704d98d60958f5abaef4f5d3cbf,0.04491477314336907,95.5085226856631,BAIXO,1,0,0.0,0
fbb6180b0338cd357ee3e350a1167dd1f2c60a99669f29b3c0aff7ee3b5b1f4b,0.1838966192253427,81.61033807746573,MEDIO,1,0,0.0,0
fbcfbf2893ee6315e97cba7bce90814a78a1df58306012745ef44e6ab0fffd5c,0.016124104004405896,98.3875895995594,BAIXO,1,0,0.0,0
fc0f7c7233449ddbcbbc85b499e130cb386ca1f3800fc279cbda993af94e7e42,0.0942119479466489,90.57880520533512,BAIXO,1,0,0.0,0
fc247c092bbf069b75cbc35f8e86c18f4bd31bb868abe9c71c62e42b7c2ab8a6,0.20910334250434018,79.08966574956598,MEDIO,1,0,0.0,0
fc3431065054652c0dfbe109bf5ffe41bb33d0655ceafe2cb6977bb42a4dc71e,0.1354987841522362,86.45012158477638,BAIXO,1,0,0.0,0
fc4d476a0f1a8b8ef6dd94b985880b55e091f54e9149ebd9d72c806e0f5d05e4,0.06870304871242394,93.1296951287576,BAIXO,1,0,0.0,0
fc6ee0ea0b020897290ba2d5959788a4703053f988a65f8423d2a6511f865532,0.04451183164129679,95.54881683587033,BAIXO,2,0,0.0,0
fc7086bdd1311e0fc4bc5f2d40be83030171a926292cfb062f0682dc565489c2,0.059326507453351385,94.06734925466486,BAIXO,4,0,0.0,0
fc8f764a109880de2f1264fa2498a233dc8dfdca6014f09eadec6c9c95b9eacb,0.07751445476470434,92.24855452352956,BAIXO,1,0,0.0,0
fc921a19f63549bd70112eb4d6159986c99a80210682b2d8d58bcfa9d7d0b8f9,0.10113165959286889,89.88683404071311,BAIXO,1,0,0.0,0
fc9f52bb6bc649f59fe142a9182449c65d087de0a317df006e0324e0f1c6e09f,0.004349883638709193,99.56501163612909,BAIXO,1,0,0.0,0
fcad7f442064de55b081d955358cecdc9eaa363486bed08410ee5c85024acd96,0.09162934914951179,90.83706508504882,BAIXO,1,0,0.0,0
fcb393c510c689c5e6333559dad2e879f4435778237f41015baf58d392b7d273,0.038904071303056585,96.10959286969434,BAIXO,1,0,0.0,0
fcb7fd33c759ab853daaefe3d7928659c36f14d9e1a96e52149bd41ef3352986,0.021856657868973076,97.8143342131027,BAIXO,2,0,0.0,0
fcdcaca89a3f6840d32bd6f81cf8c8c7cc7baf98a9fa60f24ac6bad47fdea384,0.017080706015382457,98.29192939846175,BAIXO,1,0,0.0,0
fd1a62505b2b1ef184893660648062f69b56e36f1e43c9a9d2f122db5676779b,0.12164423027268607,87.83557697273139,BAIXO,1,0,0.0,0
fd4741b5b8df0000547302de61902ad1053b382ca75aaad6abdf20739231bab4,0.044181463129158695,95.58185368708413,BAIXO,1,0,0.0,0
fd6a6bfa838d16c4d21ba87341af175abaec9abc7b6445fa7394fdc20369be58,0.0202938492567423,97.97061507432578,BAIXO,1,0,0.0,0
fd7b03a76de959496c2d06fed68cf62d5486dac4a20e50248129c8b2a876b550,0.10054709483471978,89.94529051652802,BAIXO,1,0,0.0,0
fd9490eedf5cea0f99fcae890de6cd3ba45aeb7b892e1db9f0e9e113484ad410,0.1774896331648821,82.25103668351178,MEDIO,2,0,0.0,0
fd9e551ab505e55ff6ea7c2f298073850cbfad918a32b916b18610d03eb656da,0.012117517017849858,98.78824829821501,BAIXO,1,0,0.0,0
fdbace054db181e3eefcf02ceac96c788397bb99fbba0d8ef0f3f69a8ee75bbd,0.021151055877507673,97.88489441224924,BAIXO,1,0,0.0,0
fdbfb416375014d2d53d8d1e034e3dbe7d3badf00f0ce1024eb6eb9f7e12b54a,0.0328901445020902,96.71098554979099,BAIXO,1,0,0.0,0
fdccda00552fde5cfd0bb1ac2f14532b6d644ccb16c7f42da9388d881264de8d,0.013106834536455433,98.68931654635446,BAIXO,1,0,0.0,0
fdcdd82be822e68269f1a1ea249e9ec32eda52695ab3fab14e435c58f136eb68,0.03421745231728844,96.57825476827115,BAIXO,1,0,0.0,0
fdd1621bb8ef50441600981b877dbb29e041997ea380a06a89db65acb9747e22,0.8894331987061829,11.056680129381713,ALTO,2,2,1.0,1
fe0494f576edaa52572740169a9878aff2bdfb5d0c51d7523b7b14fb0fb9ca43,0.07492016624071733,92.50798337592828,BAIXO,1,0,0.0,0
fe4038b313fac7a8a60a108a2b3cf32157a16ada672075b2a92d3d9f02039231,0.024894941836246774,97.51050581637533,BAIXO,1,0,0.0,0
fe40a8cdb74fe32406a459d90e751548a6fe22bb5926585a9da2dc87e4c07d96,0.2552087559310924,74.47912440689076,MEDIO,2,0,0.0,0
fe538e3f816550e5ee12ed0d2eb3f4f5bb168d6816f4f228d28f9356022f2d65,0.01981802668251589,98.01819733174841,BAIXO,1,0,0.0,0
fe5a1244f75f5f04fb86cebdcac63cb3fdf82e501f6f4a287caa6c1b0109d8ac,0.028901536028703673,97.10984639712963,BAIXO,1,0,0.0,0
fe907d3815d397daf4b42e7dc98018caff9f4a8c781d8c87b0c8d8c8b73d4179,0.0322378352581271,96.7762164741873,BAIXO,1,0,0.0,0
feb3fb1890413307baa44ea29b07980115a0fdc7279e277aa75126227e2affd6,0.08173708691690118,91.82629130830988,BAIXO,3,0,0.0,0
feb9a18651f0e7098f3e5483377e9a369d2077b78e62bb01bbca27f0a38ca6a8,0.1209220510782689,87.90779489217311,BAIXO,1,0,0.0,0
fec741b91da7a76d8ac26d45fc644a05a6d1c6cb9be39f66b04c6a4ddb1b03ad,0.03171584994820436,96.82841500517956,BAIXO,1,0,0.0,0
feced8a3a1b3b42ea12f8039a5512cfeed6d1a658ae67a21eaea18dcedc63192,0.04555208865196665,95.44479113480332,BAIXO,1,0,0.0,0
ff2f2d8aee7a380b6c94fbd9c41f0324482f53d82eac9c5f1cc6d9738598f766,0.0068201286139926215,99.31798713860074,BAIXO,1,0,0.0,0
ff3badb01e8ad9dd6bc9785c5cfde7985ade87f7a2108cd05b2fd50ab7063efd,0.07659194801453897,92.34080519854611,BAIXO,33,0,0.0,0
ff5b597c79b10ff7b6dfc2c079575ae4cded005b2afce565d3ae17decd816620,0.020757390576130432,97.92426094238695,BAIXO,1,0,0.0,0
ff635b326cece6435986d6c7aa1cc93bad570a3b5e7b9f805e5b5c2c4f16dd3d,0.1147222861647576,88.52777138352424,BAIXO,2,0,0.0,0
ff7ed3bb75b65cd18b6612d9098263dd842597230617dbff92b01b6d19418ae7,0.11431075669539853,88.56892433046015,BAIXO,1,0,0.0,0
ffb0266a688a7db8db61d42aaf9bdf22ed9ddcb9152e5f0d60ccaaeee5de9fd3,0.027852958006471026,97.2147041993529,BAIXO,1,0,0.0,0
ffd637eeee8e8c54dc7d423b3ddce3467c92f1c20ed1ca1ccad4bd2adfa1433b,0.24306711954324448,75.69328804567556,MEDIO,4,0,0.0,0
ffdd9a1785cdb11518cb192453ae4c73bc487a19c429c8edad6bcea31ea9d75d,0.02518313654154491,97.4816863458455,BAIXO,1,0,0.0,0
ffe48c4854ed332f8352740491c0b70ad402d53467fdec20e350b4c0c06c69ae,0.25214076335568425,74.78592366443158,MEDIO,1,0,0.0,0
ffef03d80e763f0c16b845235279baf89e3a3fed8a5759db9dfb67eab64499b3,0.1673567944774596,83.26432055225403,MEDIO,1,0,0.0,0
